# step source loss verdict alpha
1 0 5.5882 WEAKEN 0.179
2 0 5.1538 WEAKEN 0.177
3 0 5.2479 WEAKEN 0.112
4 0 4.8829 WEAKEN 0.764
5 0 4.7604 FREEZE 0.000
6 1 4.9367 WEAKEN 0.045
7 0 4.3654 WEAKEN 0.617
8 0 4.2859 PASS 1.000
9 0 4.1564 WEAKEN 0.108
10 0 3.9930 WEAKEN 0.248
11 0 3.9042 WEAKEN 0.733
12 0 3.7269 WEAKEN 0.706
13 0 4.0110 WEAKEN 0.420
14 0 3.8858 SILENCE 0.000
15 0 3.6798 PASS 1.000
16 0 3.3882 WEAKEN 0.452
17 0 3.3660 WEAKEN 0.053
18 0 3.3176 WEAKEN 0.503
19 0 3.4441 WEAKEN 0.316
20 0 3.4163 WEAKEN 0.982
21 0 3.2938 WEAKEN 0.613
22 0 3.5670 WEAKEN 0.146
23 0 3.3863 FREEZE 0.000
24 1 3.6280 FREEZE 0.000
25 0 3.4518 WEAKEN 0.150
26 0 3.4752 FREEZE 0.000
27 0 3.3861 FREEZE 0.000
28 0 2.9721 WEAKEN 0.619
29 0 3.0554 WEAKEN 0.674
30 0 3.4848 PASS 1.000
31 0 2.9504 WEAKEN 0.356
32 0 2.8020 WEAKEN 0.909
33 0 3.1986 WEAKEN 0.980
34 0 2.6990 PASS 1.000
35 0 2.6180 WEAKEN 0.628
36 0 2.8250 PASS 1.000
37 0 3.1434 WEAKEN 0.007
38 1 3.4620 FREEZE 0.000
39 0 2.6951 PASS 1.000
40 0 2.7855 WEAKEN 0.641
41 1 3.4552 SILENCE 0.000
42 0 2.5996 WEAKEN 0.764
43 1 3.3868 FREEZE 0.000
44 0 3.1477 FREEZE 0.000
45 0 2.8347 WEAKEN 0.724
46 0 2.8031 FREEZE 0.000
47 0 2.7073 WEAKEN 0.962
48 0 2.8996 WEAKEN 0.379
49 0 2.5940 FREEZE 0.000
50 0 2.9275 WEAKEN 0.577
51 0 3.0398 FREEZE 0.000
52 0 2.7877 WEAKEN 0.055
53 0 2.8706 WEAKEN 0.832
54 0 2.5407 WEAKEN 0.890
55 0 3.0520 WEAKEN 0.118
56 0 2.7995 WEAKEN 0.113
57 0 2.8982 FREEZE 0.000
58 0 2.8057 WEAKEN 0.648
59 0 3.1003 FREEZE 0.000
60 0 2.7336 WEAKEN 0.823
61 1 3.4184 SCAR 0.000
62 0 2.8211 WEAKEN 0.181
63 0 2.8040 WEAKEN 0.459
64 0 2.7685 WEAKEN 0.180
65 0 2.6258 WEAKEN 0.106
66 0 2.6518 WEAKEN 0.692
67 0 2.3458 WEAKEN 0.425
68 0 2.9811 FREEZE 0.000
69 0 2.9807 SILENCE 0.000
70 0 2.7013 WEAKEN 0.190
71 0 2.5324 PASS 1.000
72 0 2.8313 WEAKEN 0.502
73 0 2.7730 WEAKEN 0.612
74 0 2.9153 WEAKEN 0.470
75 0 2.8421 WEAKEN 0.399
76 1 6.7453 FREEZE 0.000
77 0 2.9183 WEAKEN 0.291
78 0 2.7780 WEAKEN 0.619
79 0 3.0038 WEAKEN 0.576
80 0 2.9158 WEAKEN 0.638
81 0 2.5252 WEAKEN 0.850
82 1 6.8816 FREEZE 0.000
83 0 2.8592 WEAKEN 0.775
84 0 2.8187 WEAKEN 0.482
85 0 3.0715 FREEZE 0.000
86 0 2.8395 WEAKEN 0.786
87 0 2.8709 WEAKEN 0.334
88 0 2.6480 WEAKEN 0.701
89 0 2.6398 WEAKEN 0.913
90 0 2.6248 WEAKEN 0.790
91 0 2.6677 WEAKEN 0.379
92 0 2.5300 WEAKEN 0.246
93 0 2.8566 WEAKEN 0.741
94 0 2.9575 FREEZE 0.000
95 0 2.7624 WEAKEN 0.730
96 0 2.9580 WEAKEN 0.540
97 0 2.7649 FREEZE 0.000
98 1 5.9933 FREEZE 0.000
99 0 3.0547 WEAKEN 0.216
100 0 2.5182 WEAKEN 0.774
101 0 2.5756 WEAKEN 0.928
102 0 2.7541 FREEZE 0.000
103 0 2.7405 WEAKEN 0.497
104 0 2.6477 WEAKEN 0.619
105 1 6.5171 FREEZE 0.000
106 0 2.9677 WEAKEN 0.160
107 0 2.8562 WEAKEN 0.317
108 0 2.5975 WEAKEN 0.513
109 0 2.5429 WEAKEN 0.163
110 0 2.6600 WEAKEN 0.001
111 0 2.4871 PASS 1.000
112 0 2.9930 WEAKEN 0.274
113 0 2.3202 WEAKEN 0.699
114 0 2.7235 FREEZE 0.000
115 0 2.7924 WEAKEN 0.703
116 0 2.5563 WEAKEN 0.747
117 0 2.6360 WEAKEN 0.934
118 0 2.5557 WEAKEN 0.555
119 1 2.9029 FREEZE 0.000
120 0 2.7153 WEAKEN 0.008
121 0 2.7351 WEAKEN 0.265
122 1 3.2870 SCAR 0.000
123 0 2.6914 WEAKEN 0.577
124 0 2.5140 WEAKEN 0.705
125 0 2.8923 WEAKEN 0.281
126 0 2.3399 WEAKEN 0.566
127 0 2.3909 WEAKEN 0.494
128 0 2.3876 WEAKEN 0.563
129 0 2.7053 WEAKEN 0.612
130 0 2.3220 WEAKEN 0.672
131 0 2.5422 WEAKEN 0.607
132 0 2.6651 WEAKEN 0.843
133 0 2.6160 WEAKEN 0.469
134 0 2.7099 WEAKEN 0.884
135 0 2.8971 FREEZE 0.000
136 0 2.7639 FREEZE 0.000
137 0 2.5371 WEAKEN 0.403
138 0 2.4957 WEAKEN 0.517
139 0 2.8035 WEAKEN 0.126
140 1 2.9851 SCAR 0.000
141 0 2.4281 WEAKEN 0.354
142 1 2.8824 FREEZE 0.000
143 0 2.6458 PASS 1.000
144 0 2.4637 WEAKEN 0.610
145 1 2.9192 FREEZE 0.000
146 0 2.5226 WEAKEN 0.691
147 0 2.8646 FREEZE 0.000
148 0 2.5877 WEAKEN 0.760
149 0 2.6048 WEAKEN 0.352
150 0 2.7183 WEAKEN 0.703
151 0 2.6038 WEAKEN 0.303
152 0 2.5669 WEAKEN 0.623
153 0 2.2768 WEAKEN 0.411
154 1 2.8998 SCAR 0.000
155 0 2.7731 PASS 1.000
156 0 3.0175 FREEZE 0.000
157 0 2.5831 FREEZE 0.000
158 0 2.6127 WEAKEN 0.227
159 1 2.9374 FREEZE 0.000
160 0 2.4355 WEAKEN 0.700
161 0 2.4787 WEAKEN 0.661
162 0 2.6027 WEAKEN 0.110
163 0 2.9281 FREEZE 0.000
164 0 2.3759 WEAKEN 0.999
165 0 2.6361 FREEZE 0.000
166 0 2.7413 WEAKEN 0.498
167 0 2.4028 WEAKEN 0.737
168 0 2.5098 WEAKEN 0.170
169 0 2.7015 WEAKEN 0.366
170 0 2.6463 FREEZE 0.000
171 0 2.3068 PASS 1.000
172 0 2.6322 WEAKEN 0.006
173 0 2.6389 WEAKEN 0.359
174 0 2.7296 FREEZE 0.000
175 0 2.3014 WEAKEN 0.648
176 0 2.1036 WEAKEN 0.721
177 0 2.5892 WEAKEN 0.927
178 0 2.6230 WEAKEN 0.504
179 0 2.7253 WEAKEN 0.131
180 0 2.8617 WEAKEN 0.043
181 0 2.3350 WEAKEN 0.931
182 0 2.3387 WEAKEN 0.296
183 0 2.3769 WEAKEN 0.409
184 0 2.6783 WEAKEN 0.484
185 1 3.0412 FREEZE 0.000
186 0 2.9162 WEAKEN 0.230
187 0 2.3990 FREEZE 0.000
188 0 2.4586 WEAKEN 0.280
189 0 3.0249 FREEZE 0.000
190 0 2.7165 WEAKEN 0.067
191 0 2.5584 WEAKEN 0.041
192 0 2.5571 WEAKEN 0.589
193 0 2.6741 WEAKEN 0.627
194 0 2.7254 WEAKEN 0.099
195 0 2.7593 WEAKEN 0.419
196 0 2.8008 WEAKEN 0.242
197 0 2.5835 WEAKEN 0.033
198 0 2.7727 FREEZE 0.000
199 0 2.2900 WEAKEN 0.815
200 0 2.4803 WEAKEN 0.538
201 0 2.5840 WEAKEN 0.175
202 0 2.4215 WEAKEN 0.730
203 1 2.9638 SCAR 0.000
204 0 2.6253 FREEZE 0.000
205 1 2.9388 SCAR 0.000
206 0 2.3345 PASS 1.000
207 0 2.6818 WEAKEN 0.455
208 0 2.3141 WEAKEN 0.515
209 0 2.4567 WEAKEN 0.295
210 0 2.3120 WEAKEN 0.737
211 0 2.6430 FREEZE 0.000
212 0 2.3878 WEAKEN 0.204
213 1 3.0246 FREEZE 0.000
214 0 2.6301 WEAKEN 0.245
215 0 2.4500 WEAKEN 0.424
216 0 2.6208 WEAKEN 0.718
217 1 3.0536 SCAR 0.000
218 0 2.4212 WEAKEN 0.901
219 1 3.0929 SCAR 0.000
220 0 2.6194 WEAKEN 0.183
221 0 2.4389 WEAKEN 0.726
222 0 2.4983 WEAKEN 0.864
223 0 2.9820 FREEZE 0.000
224 0 2.2468 WEAKEN 0.871
225 0 2.4425 WEAKEN 0.910
226 0 2.3726 WEAKEN 0.079
227 0 2.4484 WEAKEN 0.467
228 1 2.7285 SILENCE 0.000
229 0 2.3394 WEAKEN 0.417
230 0 2.3728 WEAKEN 0.365
231 0 2.2150 WEAKEN 0.775
232 0 2.8513 WEAKEN 0.615
233 0 2.4445 WEAKEN 0.536
234 0 2.6185 FREEZE 0.000
235 0 2.0838 PASS 1.000
236 0 2.8670 FREEZE 0.000
237 0 2.5396 WEAKEN 0.183
238 0 2.3723 WEAKEN 0.604
239 1 3.0343 SCAR 0.000
240 0 2.3550 WEAKEN 0.586
241 0 2.1200 WEAKEN 0.732
242 0 2.5323 WEAKEN 0.244
243 0 2.3184 WEAKEN 0.564
244 0 2.6559 WEAKEN 0.810
245 0 2.3686 PASS 1.000
246 0 2.3530 WEAKEN 0.434
247 0 2.6716 WEAKEN 0.749
248 0 2.4702 WEAKEN 0.238
249 0 2.6279 FREEZE 0.000
250 0 2.2508 WEAKEN 0.704
251 0 2.3684 FREEZE 0.000
252 0 2.4311 WEAKEN 0.226
253 0 2.7246 FREEZE 0.000
254 0 2.1654 WEAKEN 0.840
255 0 2.2717 WEAKEN 0.287
256 1 6.9187 FREEZE 0.000
257 0 2.7248 FREEZE 0.000
258 0 2.5978 WEAKEN 0.614
259 0 2.3696 WEAKEN 0.357
260 0 2.1814 WEAKEN 0.860
261 1 2.9407 DARK 0.000
262 0 2.4981 WEAKEN 0.492
263 0 2.8409 WEAKEN 0.080
264 0 2.7003 WEAKEN 0.303
265 0 2.6978 FREEZE 0.000
266 0 2.4609 WEAKEN 0.878
267 0 2.4982 WEAKEN 0.272
268 0 2.5097 WEAKEN 0.424
269 0 2.5649 WEAKEN 0.157
270 0 2.5528 WEAKEN 0.544
271 0 2.5193 WEAKEN 0.309
272 0 2.2928 WEAKEN 0.087
273 0 2.5990 WEAKEN 0.517
274 0 2.5666 FREEZE 0.000
275 0 2.7369 WEAKEN 0.426
276 0 2.2313 WEAKEN 0.190
277 0 2.4011 WEAKEN 0.381
278 0 2.2318 WEAKEN 0.905
279 0 2.4460 WEAKEN 0.012
280 0 2.2594 WEAKEN 0.947
281 0 2.5158 WEAKEN 0.675
282 0 2.6634 FREEZE 0.000
283 0 2.3443 WEAKEN 0.123
284 0 2.3616 WEAKEN 0.434
285 0 2.4251 WEAKEN 0.758
286 0 2.2435 PASS 1.000
287 0 2.7281 WEAKEN 0.020
288 0 2.6564 FREEZE 0.000
289 0 2.3438 WEAKEN 0.649
290 0 2.5204 WEAKEN 0.370
291 0 2.3139 WEAKEN 0.776
292 0 2.4877 FREEZE 0.000
293 0 2.6834 FREEZE 0.000
294 0 2.2857 WEAKEN 0.495
295 0 2.6341 FREEZE 0.000
296 0 2.3783 WEAKEN 0.192
297 0 2.3010 WEAKEN 0.324
298 0 2.4482 WEAKEN 0.018
299 1 8.4815 FREEZE 0.000
300 0 2.6682 WEAKEN 0.298
301 0 2.2745 WEAKEN 0.960
302 0 2.5606 WEAKEN 0.918
303 0 2.1235 WEAKEN 0.930
304 0 2.1915 WEAKEN 0.668
305 0 2.4202 WEAKEN 0.024
306 0 2.5993 WEAKEN 0.072
307 0 2.4324 WEAKEN 0.500
308 0 2.3263 WEAKEN 0.639
309 0 2.0887 WEAKEN 0.853
310 0 2.5011 FREEZE 0.000
311 0 2.3156 WEAKEN 0.183
312 1 2.9340 SCAR 0.000
313 0 2.9202 WEAKEN 0.107
314 0 2.3258 WEAKEN 0.691
315 0 2.3867 WEAKEN 0.775
316 0 2.4814 WEAKEN 0.888
317 1 7.6262 FREEZE 0.000
318 0 2.4212 WEAKEN 0.814
319 0 2.5811 WEAKEN 0.350
320 0 2.3622 WEAKEN 0.865
321 0 2.8762 WEAKEN 0.389
322 0 2.0332 WEAKEN 0.824
323 0 2.3156 WEAKEN 0.041
324 0 2.4584 WEAKEN 0.371
325 0 2.6814 WEAKEN 0.207
326 0 2.1392 WEAKEN 0.794
327 0 2.1385 WEAKEN 0.454
328 0 2.6683 FREEZE 0.000
329 0 2.3955 WEAKEN 0.824
330 0 2.1490 WEAKEN 0.613
331 0 2.4947 WEAKEN 0.493
332 0 2.3819 FREEZE 0.000
333 0 2.6239 WEAKEN 0.923
334 0 2.4861 FREEZE 0.000
335 0 2.2699 WEAKEN 0.948
336 0 2.6662 FREEZE 0.000
337 0 2.6733 WEAKEN 0.036
338 0 2.3201 WEAKEN 0.472
339 0 2.4076 WEAKEN 0.487
340 0 2.3590 WEAKEN 0.157
341 0 2.3160 PASS 1.000
342 0 2.1676 WEAKEN 0.374
343 0 2.2200 WEAKEN 0.665
344 0 2.6562 WEAKEN 0.038
345 0 2.6571 WEAKEN 0.081
346 0 2.5596 WEAKEN 0.153
347 1 2.7246 FREEZE 0.000
348 0 3.0713 FREEZE 0.000
349 0 2.6189 WEAKEN 0.081
350 0 2.6058 WEAKEN 0.403
351 0 2.2344 WEAKEN 0.233
352 1 4.3389 FREEZE 0.000
353 0 2.5608 FREEZE 0.000
354 0 2.3355 WEAKEN 0.466
355 0 2.4202 WEAKEN 0.841
356 1 2.6627 SILENCE 0.000
357 0 2.3704 PASS 1.000
358 0 2.5594 WEAKEN 0.176
359 0 2.2770 WEAKEN 0.673
360 0 2.2230 WEAKEN 0.559
361 0 2.7308 FREEZE 0.000
362 0 2.3584 WEAKEN 0.376
363 0 2.0610 PASS 1.000
364 0 2.6132 WEAKEN 0.378
365 0 2.3138 FREEZE 0.000
366 0 2.5470 FREEZE 0.000
367 0 2.2098 WEAKEN 0.220
368 0 2.1245 WEAKEN 0.876
369 0 2.9379 FREEZE 0.000
370 0 2.6434 WEAKEN 0.006
371 0 2.4291 WEAKEN 0.139
372 0 2.6472 FREEZE 0.000
373 0 2.4386 WEAKEN 0.657
374 0 2.4934 WEAKEN 0.291
375 1 2.7873 FREEZE 0.000
376 1 6.3835 FREEZE 0.000
377 0 2.1664 WEAKEN 0.659
378 0 2.5317 FREEZE 0.000
379 0 2.0588 WEAKEN 0.896
380 0 2.4911 FREEZE 0.000
381 0 2.5120 FREEZE 0.000
382 0 2.2749 FREEZE 0.000
383 0 2.3519 WEAKEN 0.598
384 0 2.2174 WEAKEN 0.711
385 0 2.1679 FREEZE 0.000
386 0 2.5044 WEAKEN 0.141
387 0 2.4953 WEAKEN 0.700
388 0 2.5387 FREEZE 0.000
389 0 2.6158 WEAKEN 0.406
390 0 2.4929 FREEZE 0.000
391 0 2.4533 WEAKEN 0.384
392 0 2.7281 WEAKEN 0.977
393 0 2.3296 WEAKEN 0.877
394 1 2.7660 FREEZE 0.000
395 0 2.2944 WEAKEN 0.180
396 0 2.2837 WEAKEN 0.628
397 0 2.2860 WEAKEN 0.617
398 0 2.4239 WEAKEN 0.196
399 0 2.7980 WEAKEN 0.290
400 0 2.7321 FREEZE 0.000
401 0 2.1168 WEAKEN 0.880
402 0 2.3679 WEAKEN 0.386
403 0 2.5300 WEAKEN 0.237
404 0 2.1743 WEAKEN 0.613
405 0 2.0234 WEAKEN 0.154
406 0 2.3191 WEAKEN 0.821
407 0 2.2692 WEAKEN 0.843
408 0 2.5462 WEAKEN 0.633
409 0 2.6043 WEAKEN 0.025
410 0 2.5138 FREEZE 0.000
411 1 3.1039 SCAR 0.000
412 0 2.8344 SILENCE 0.000
413 0 2.1558 WEAKEN 0.781
414 0 2.5409 FREEZE 0.000
415 0 2.2854 WEAKEN 0.789
416 0 2.4895 FREEZE 0.000
417 0 2.4723 WEAKEN 0.177
418 0 2.6618 FREEZE 0.000
419 0 2.7903 FREEZE 0.000
420 0 2.8319 WEAKEN 0.308
421 0 2.6627 FREEZE 0.000
422 0 2.4430 WEAKEN 0.417
423 0 2.6942 FREEZE 0.000
424 0 2.2350 WEAKEN 0.303
425 0 2.3425 WEAKEN 0.913
426 0 2.2877 PASS 1.000
427 0 2.2722 WEAKEN 0.579
428 0 2.4397 WEAKEN 0.295
429 0 2.2676 WEAKEN 0.344
430 0 2.3804 WEAKEN 0.530
431 0 2.5687 WEAKEN 0.687
432 0 2.2775 WEAKEN 0.738
433 0 2.1150 WEAKEN 0.672
434 0 2.1536 WEAKEN 0.416
435 0 2.5178 WEAKEN 0.040
436 0 2.2737 WEAKEN 0.905
437 0 2.2970 WEAKEN 0.326
438 0 2.2237 WEAKEN 0.770
439 0 2.9038 WEAKEN 0.052
440 0 2.3747 PASS 1.000
441 1 2.6937 SCAR 0.000
442 0 2.4526 WEAKEN 0.256
443 0 2.0603 WEAKEN 0.930
444 0 2.5965 WEAKEN 0.219
445 0 2.6053 WEAKEN 0.203
446 0 2.6071 WEAKEN 0.156
447 0 2.4302 WEAKEN 0.263
448 0 2.3099 WEAKEN 0.853
449 0 2.2658 WEAKEN 0.919
450 0 2.3456 WEAKEN 0.762
451 0 2.2628 WEAKEN 0.657
452 0 2.4407 WEAKEN 0.346
453 0 2.4218 WEAKEN 0.309
454 1 2.6888 SILENCE 0.000
455 0 2.7101 FREEZE 0.000
456 1 2.6996 FREEZE 0.000
457 0 2.3666 WEAKEN 0.590
458 0 2.3709 WEAKEN 0.629
459 1 2.7787 SILENCE 0.000
460 1 2.7017 FREEZE 0.000
461 0 2.2530 WEAKEN 0.901
462 0 2.2842 WEAKEN 0.651
463 0 2.4755 WEAKEN 0.896
464 0 2.3806 WEAKEN 0.174
465 1 2.7187 SCAR 0.000
466 1 2.7049 SCAR 0.000
467 0 2.5361 FREEZE 0.000
468 0 2.2486 WEAKEN 0.656
469 0 2.2369 WEAKEN 0.870
470 0 2.1954 WEAKEN 0.946
471 0 2.1764 WEAKEN 0.349
472 0 2.4099 WEAKEN 0.636
473 0 2.5657 WEAKEN 0.427
474 0 2.2505 WEAKEN 0.605
475 0 2.0365 WEAKEN 0.676
476 0 2.3138 WEAKEN 0.628
477 0 2.2551 FREEZE 0.000
478 0 2.5250 WEAKEN 0.038
479 0 2.5819 WEAKEN 0.116
480 0 2.4189 WEAKEN 0.002
481 0 2.5486 WEAKEN 0.045
482 0 2.4177 FREEZE 0.000
483 0 2.5161 FREEZE 0.000
484 0 3.0050 WEAKEN 0.297
485 0 2.4716 PASS 1.000
486 0 2.0087 WEAKEN 0.655
487 0 2.1483 WEAKEN 0.974
488 0 2.4724 WEAKEN 0.134
489 0 2.7006 WEAKEN 0.913
490 0 2.2011 WEAKEN 0.404
491 0 2.3797 WEAKEN 0.659
492 1 2.9531 SCAR 0.000
493 0 2.2810 WEAKEN 0.424
494 0 2.5191 FREEZE 0.000
495 0 2.7070 FREEZE 0.000
496 0 2.5388 WEAKEN 0.554
497 0 2.4743 WEAKEN 0.071
498 0 2.3389 WEAKEN 0.275
499 0 2.6737 WEAKEN 0.136
500 0 2.5197 WEAKEN 0.259
501 0 2.2395 WEAKEN 0.714
502 0 2.3601 WEAKEN 0.979
503 0 2.0193 WEAKEN 0.441
504 0 2.4971 FREEZE 0.000
505 0 2.0499 WEAKEN 0.739
506 0 2.1260 WEAKEN 0.927
507 0 2.1220 WEAKEN 0.824
508 0 1.9910 WEAKEN 0.227
509 0 2.6203 WEAKEN 0.577
510 0 2.4977 WEAKEN 0.555
511 0 2.1548 WEAKEN 0.514
512 1 2.9614 FREEZE 0.000
513 0 2.4652 WEAKEN 0.061
514 0 2.3452 WEAKEN 0.864
515 0 2.0879 WEAKEN 0.486
516 0 2.1731 WEAKEN 0.755
517 1 2.7926 FREEZE 0.000
518 0 2.5164 WEAKEN 0.371
519 1 2.8254 FREEZE 0.000
520 0 2.7365 WEAKEN 0.226
521 0 2.1690 WEAKEN 0.818
522 0 2.3313 WEAKEN 0.293
523 0 2.0069 WEAKEN 0.870
524 0 2.3659 FREEZE 0.000
525 0 2.2385 WEAKEN 0.521
526 0 2.7228 FREEZE 0.000
527 0 2.1116 WEAKEN 0.326
528 0 2.4176 WEAKEN 0.022
529 0 2.0487 WEAKEN 0.625
530 0 2.2064 PASS 1.000
531 0 2.5965 WEAKEN 0.392
532 0 2.4995 WEAKEN 0.406
533 0 2.2603 WEAKEN 0.520
534 0 2.3120 WEAKEN 0.764
535 0 1.9572 WEAKEN 0.302
536 0 2.3967 FREEZE 0.000
537 0 2.3404 WEAKEN 0.584
538 0 2.2720 WEAKEN 0.797
539 0 2.4313 WEAKEN 0.304
540 0 2.1029 WEAKEN 0.165
541 1 2.9050 SCAR 0.000
542 0 2.2241 PASS 1.000
543 0 2.3134 WEAKEN 0.740
544 1 2.9030 FREEZE 0.000
545 0 2.1479 WEAKEN 0.869
546 0 2.3991 WEAKEN 0.202
547 0 2.3747 WEAKEN 0.584
548 0 2.1591 WEAKEN 0.654
549 0 2.3594 WEAKEN 0.221
550 0 2.1209 WEAKEN 0.656
551 0 2.1144 WEAKEN 0.643
552 0 2.5994 FREEZE 0.000
553 0 2.0822 WEAKEN 0.717
554 0 2.6277 SCAR 0.000
555 0 2.5660 WEAKEN 0.469
556 0 2.7583 FREEZE 0.000
557 0 2.1736 WEAKEN 0.803
558 0 2.2528 WEAKEN 0.262
559 0 2.1958 WEAKEN 0.697
560 0 2.0900 WEAKEN 0.534
561 0 2.2064 WEAKEN 0.441
562 1 2.7869 FREEZE 0.000
563 0 2.1322 WEAKEN 0.110
564 0 2.2035 PASS 1.000
565 0 2.2334 WEAKEN 0.714
566 0 2.0667 WEAKEN 0.544
567 0 2.2460 FREEZE 0.000
568 0 2.4046 WEAKEN 0.246
569 0 2.5741 WEAKEN 0.657
570 0 2.1864 WEAKEN 0.682
571 0 1.9981 WEAKEN 0.788
572 0 2.2692 WEAKEN 0.219
573 0 1.9648 WEAKEN 0.945
574 0 2.2515 WEAKEN 0.535
575 0 2.0447 WEAKEN 0.936
576 0 2.3016 WEAKEN 0.433
577 0 2.5050 WEAKEN 0.490
578 0 2.2381 WEAKEN 0.665
579 0 2.4695 WEAKEN 0.216
580 0 2.2719 PASS 1.000
581 0 2.3415 WEAKEN 0.786
582 0 2.5655 WEAKEN 0.220
583 1 2.8398 SCAR 0.000
584 0 2.1608 WEAKEN 0.395
585 1 6.5407 SILENCE 0.000
586 0 2.4574 WEAKEN 0.207
587 0 2.1556 WEAKEN 0.908
588 0 2.5415 WEAKEN 0.001
589 0 2.6176 SILENCE 0.000
590 0 2.3987 WEAKEN 0.697
591 0 2.5642 WEAKEN 0.229
592 1 3.1642 SCAR 0.000
593 0 2.5379 WEAKEN 0.501
594 0 2.6104 WEAKEN 0.100
595 0 3.0317 WEAKEN 0.442
596 0 2.2807 WEAKEN 0.599
597 0 2.6919 WEAKEN 0.463
598 0 2.6631 WEAKEN 0.032
599 0 2.2544 WEAKEN 0.630
600 0 2.1459 PASS 1.000
601 0 2.1265 WEAKEN 0.816
602 0 2.2368 FREEZE 0.000
603 0 2.2136 WEAKEN 0.347
604 0 2.3805 FREEZE 0.000
605 0 2.1866 WEAKEN 0.648
606 0 2.0813 WEAKEN 0.838
607 0 2.2254 PASS 1.000
608 0 2.4665 WEAKEN 0.356
609 0 2.3007 WEAKEN 0.871
610 0 1.9408 WEAKEN 0.877
611 0 2.2225 WEAKEN 0.771
612 0 2.1526 WEAKEN 0.740
613 0 1.7721 WEAKEN 0.587
614 0 2.8692 FREEZE 0.000
615 0 2.4059 WEAKEN 0.624
616 0 2.4179 WEAKEN 0.118
617 0 2.5956 WEAKEN 0.539
618 0 2.3989 WEAKEN 0.363
619 0 2.3213 WEAKEN 0.201
620 0 2.3140 WEAKEN 0.519
621 0 2.8105 FREEZE 0.000
622 0 2.8032 WEAKEN 0.688
623 0 2.4829 WEAKEN 0.552
624 0 2.4736 WEAKEN 0.323
625 1 2.5836 FREEZE 0.000
626 0 2.2088 WEAKEN 0.630
627 1 6.6202 SILENCE 0.000
628 0 2.0132 WEAKEN 0.729
629 0 1.9773 WEAKEN 0.415
630 1 4.7035 FREEZE 0.000
631 0 2.3608 WEAKEN 0.304
632 1 8.0873 FREEZE 0.000
633 0 2.5804 WEAKEN 0.026
634 0 2.1129 WEAKEN 0.548
635 0 2.1446 PASS 1.000
636 0 2.1450 WEAKEN 0.384
637 0 2.1104 WEAKEN 0.737
638 0 2.2028 WEAKEN 0.941
639 1 9.2816 FREEZE 0.000
640 0 2.0548 WEAKEN 0.495
641 0 1.8777 WEAKEN 0.803
642 0 1.9475 WEAKEN 0.108
643 0 2.2878 WEAKEN 0.688
644 0 2.0881 PASS 1.000
645 0 2.0478 WEAKEN 0.628
646 0 2.3025 WEAKEN 0.457
647 0 2.0711 WEAKEN 0.960
648 0 2.3170 WEAKEN 0.909
649 0 2.0611 WEAKEN 0.287
650 0 2.2803 WEAKEN 0.764
651 0 2.2770 WEAKEN 0.211
652 1 2.5984 FREEZE 0.000
653 0 2.1837 WEAKEN 0.898
654 0 2.4826 WEAKEN 0.615
655 0 2.4755 FREEZE 0.000
656 1 8.0299 FREEZE 0.000
657 1 2.8873 FREEZE 0.000
658 0 1.9961 WEAKEN 0.066
659 0 2.2977 WEAKEN 0.561
660 0 2.3633 WEAKEN 0.777
661 0 2.1559 FREEZE 0.000
662 0 2.4575 FREEZE 0.000
663 1 2.9778 SCAR 0.000
664 0 2.3034 WEAKEN 0.327
665 0 2.2176 WEAKEN 0.544
666 0 2.5887 SILENCE 0.000
667 0 2.0033 WEAKEN 0.658
668 0 2.1803 FREEZE 0.000
669 0 2.5750 FREEZE 0.000
670 0 2.3773 WEAKEN 0.248
671 0 2.0970 WEAKEN 0.508
672 0 2.2241 WEAKEN 0.280
673 0 2.3383 WEAKEN 0.474
674 1 2.7147 SCAR 0.000
675 0 1.8296 PASS 1.000
676 0 2.8660 WEAKEN 0.076
677 0 2.2442 WEAKEN 0.518
678 1 2.6387 SILENCE 0.000
679 1 3.0086 SCAR 0.000
680 0 2.5314 WEAKEN 0.001
681 0 2.0741 WEAKEN 0.222
682 1 2.6371 SCAR 0.000
683 0 2.2146 WEAKEN 0.647
684 0 2.2328 FREEZE 0.000
685 0 1.9690 WEAKEN 0.671
686 0 2.0035 WEAKEN 0.904
687 0 2.2837 WEAKEN 0.460
688 0 2.0263 WEAKEN 0.645
689 0 2.1946 WEAKEN 0.266
690 0 2.1498 WEAKEN 0.766
691 0 1.9267 WEAKEN 0.624
692 0 2.1421 WEAKEN 0.587
693 0 2.2228 FREEZE 0.000
694 0 2.3889 WEAKEN 0.096
695 1 2.5229 SILENCE 0.000
696 0 2.3949 WEAKEN 0.364
697 0 2.0750 WEAKEN 0.884
698 0 2.4006 WEAKEN 0.026
699 0 2.7980 WEAKEN 0.222
700 0 2.3660 WEAKEN 0.063
701 1 2.8236 FREEZE 0.000
702 0 2.1401 WEAKEN 0.865
703 1 7.8508 FREEZE 0.000
704 0 2.0613 WEAKEN 0.124
705 0 2.0369 WEAKEN 0.612
706 0 2.2415 WEAKEN 0.281
707 0 2.3893 WEAKEN 0.230
708 0 1.8618 WEAKEN 0.843
709 0 2.1559 WEAKEN 0.801
710 0 1.9436 WEAKEN 0.542
711 0 2.5938 WEAKEN 0.254
712 0 2.6352 FREEZE 0.000
713 1 2.7167 SCAR 0.000
714 0 1.8933 WEAKEN 0.983
715 0 2.6131 FREEZE 0.000
716 0 2.4990 FREEZE 0.000
717 0 2.1027 WEAKEN 0.917
718 0 2.5143 SILENCE 0.000
719 0 1.9594 WEAKEN 0.631
720 0 1.9227 WEAKEN 0.151
721 0 2.3589 WEAKEN 0.695
722 0 2.2867 WEAKEN 0.896
723 0 2.3716 WEAKEN 0.698
724 1 2.5567 FREEZE 0.000
725 0 2.2558 WEAKEN 0.682
726 0 2.3739 FREEZE 0.000
727 0 1.9364 WEAKEN 0.771
728 0 2.1358 WEAKEN 0.221
729 0 2.1893 WEAKEN 0.718
730 0 2.1305 WEAKEN 0.581
731 0 2.1773 WEAKEN 0.583
732 0 2.0175 WEAKEN 0.768
733 1 2.7507 FREEZE 0.000
734 0 2.1992 WEAKEN 0.463
735 0 1.9475 WEAKEN 0.372
736 0 2.0462 FREEZE 0.000
737 0 2.0051 WEAKEN 0.061
738 0 2.0377 WEAKEN 0.822
739 0 2.3227 FREEZE 0.000
740 0 2.2040 WEAKEN 0.265
741 0 2.0460 WEAKEN 0.644
742 0 2.0216 WEAKEN 0.851
743 0 2.2009 WEAKEN 0.088
744 0 2.6758 FREEZE 0.000
745 1 2.7687 FREEZE 0.000
746 0 2.3091 WEAKEN 0.703
747 0 2.1444 WEAKEN 0.831
748 0 2.1988 WEAKEN 0.532
749 0 2.4635 WEAKEN 0.662
750 1 8.1316 FREEZE 0.000
751 0 2.0072 WEAKEN 0.720
752 0 1.8994 WEAKEN 0.738
753 0 2.4012 PASS 1.000
754 1 2.6939 FREEZE 0.000
755 1 2.9758 SCAR 0.000
756 0 2.3843 WEAKEN 0.441
757 0 2.1376 WEAKEN 0.293
758 0 2.5096 FREEZE 0.000
759 1 2.6852 FREEZE 0.000
760 0 2.1025 FREEZE 0.000
761 0 2.3198 FREEZE 0.000
762 0 2.0071 PASS 1.000
763 0 1.9904 WEAKEN 0.293
764 0 3.1296 WEAKEN 0.491
765 0 1.9328 WEAKEN 0.753
766 0 2.1131 WEAKEN 0.907
767 0 2.1224 WEAKEN 0.467
768 0 2.0404 WEAKEN 0.888
769 0 2.0750 WEAKEN 0.707
770 0 1.8810 WEAKEN 0.697
771 0 2.0155 WEAKEN 0.391
772 0 1.9001 WEAKEN 0.793
773 1 6.6630 FREEZE 0.000
774 0 2.0743 WEAKEN 0.293
775 0 2.2255 WEAKEN 0.726
776 0 2.5234 WEAKEN 0.219
777 0 2.3845 FREEZE 0.000
778 0 2.1864 FREEZE 0.000
779 0 2.4307 FREEZE 0.000
780 0 1.9536 WEAKEN 0.406
781 0 1.8010 PASS 1.000
782 0 2.0158 WEAKEN 0.473
783 1 2.7275 SCAR 0.000
784 0 2.0253 WEAKEN 0.218
785 1 2.6285 SCAR 0.000
786 0 2.1751 WEAKEN 0.312
787 0 1.8795 PASS 1.000
788 0 2.0313 WEAKEN 0.411
789 0 1.9863 WEAKEN 0.996
790 0 2.0413 WEAKEN 0.285
791 0 2.1101 WEAKEN 0.508
792 0 1.8542 WEAKEN 0.414
793 0 2.1427 FREEZE 0.000
794 0 2.4032 WEAKEN 0.504
795 1 2.9841 FREEZE 0.000
796 0 2.3081 WEAKEN 0.396
797 0 2.2890 WEAKEN 0.489
798 0 2.1964 WEAKEN 0.172
799 0 1.7160 WEAKEN 0.922
800 0 2.3187 WEAKEN 0.869
801 0 2.6264 FREEZE 0.000
802 0 2.1163 WEAKEN 0.597
803 0 2.0319 FREEZE 0.000
804 0 1.8771 WEAKEN 0.831
805 0 2.1852 FREEZE 0.000
806 0 2.1809 WEAKEN 0.033
807 0 2.1207 WEAKEN 0.325
808 0 2.3034 WEAKEN 0.594
809 0 1.8033 WEAKEN 0.685
810 0 2.2497 WEAKEN 0.850
811 0 2.5023 FREEZE 0.000
812 0 2.3800 SCAR 0.000
813 0 1.9724 WEAKEN 0.298
814 0 1.8393 WEAKEN 0.692
815 0 2.0391 WEAKEN 0.948
816 0 1.7031 WEAKEN 0.554
817 0 1.9367 WEAKEN 0.690
818 0 2.0253 WEAKEN 0.441
819 0 2.2696 WEAKEN 0.373
820 0 1.8814 WEAKEN 0.524
821 1 2.8343 FREEZE 0.000
822 1 2.5692 FREEZE 0.000
823 0 2.0042 PASS 1.000
824 0 2.1797 WEAKEN 0.726
825 0 2.1249 WEAKEN 0.116
826 0 2.0176 WEAKEN 0.081
827 1 2.6980 FREEZE 0.000
828 0 1.9955 WEAKEN 0.647
829 0 1.9988 WEAKEN 0.733
830 0 2.1878 FREEZE 0.000
831 0 2.4426 FREEZE 0.000
832 0 2.1994 WEAKEN 0.783
833 0 2.3593 WEAKEN 0.107
834 0 1.9278 WEAKEN 0.970
835 1 2.6671 FREEZE 0.000
836 0 2.1885 PASS 1.000
837 0 2.0857 WEAKEN 0.231
838 1 2.6561 SILENCE 0.000
839 0 1.9760 WEAKEN 0.944
840 0 2.2794 WEAKEN 0.346
841 0 2.4577 WEAKEN 0.459
842 0 2.2059 WEAKEN 0.113
843 0 2.3536 FREEZE 0.000
844 0 2.2001 WEAKEN 0.673
845 0 2.2144 WEAKEN 0.724
846 1 7.4138 FREEZE 0.000
847 0 2.0100 WEAKEN 0.579
848 0 2.2000 WEAKEN 0.627
849 1 2.8631 SCAR 0.000
850 0 1.8579 WEAKEN 0.379
851 0 2.1934 FREEZE 0.000
852 0 2.0798 WEAKEN 0.428
853 0 2.2685 WEAKEN 0.511
854 0 2.0883 PASS 1.000
855 0 2.3307 WEAKEN 0.419
856 0 2.2265 FREEZE 0.000
857 0 2.9925 WEAKEN 0.251
858 0 2.4677 FREEZE 0.000
859 0 1.8331 WEAKEN 0.480
860 0 2.1972 WEAKEN 0.088
861 0 2.0259 WEAKEN 0.812
862 0 2.1056 WEAKEN 0.005
863 0 2.0694 WEAKEN 0.889
864 0 2.1297 WEAKEN 0.378
865 0 2.3087 WEAKEN 0.312
866 0 2.2803 WEAKEN 0.275
867 0 2.4617 FREEZE 0.000
868 1 2.6347 SCAR 0.000
869 0 1.8458 WEAKEN 0.088
870 0 2.1274 WEAKEN 0.704
871 0 2.2985 WEAKEN 0.075
872 0 1.9957 WEAKEN 0.688
873 0 2.4311 FREEZE 0.000
874 0 2.1922 WEAKEN 0.518
875 0 2.3770 WEAKEN 0.198
876 0 1.9222 WEAKEN 0.341
877 0 1.8959 WEAKEN 0.826
878 0 2.0892 WEAKEN 0.181
879 0 2.1993 WEAKEN 0.186
880 1 2.4554 FREEZE 0.000
881 0 1.9254 PASS 1.000
882 0 2.2082 WEAKEN 0.183
883 1 7.5427 FREEZE 0.000
884 0 2.1391 WEAKEN 0.385
885 1 2.4634 FREEZE 0.000
886 0 2.0886 FREEZE 0.000
887 0 1.9491 WEAKEN 0.895
888 0 2.1708 WEAKEN 0.480
889 0 1.7632 WEAKEN 0.588
890 0 2.0355 WEAKEN 0.627
891 0 2.1028 WEAKEN 0.535
892 0 1.9276 WEAKEN 0.047
893 0 2.0198 WEAKEN 0.818
894 0 2.0974 WEAKEN 0.629
895 0 1.9016 WEAKEN 0.450
896 0 2.3152 FREEZE 0.000
897 0 1.9408 WEAKEN 0.742
898 0 1.9462 WEAKEN 0.573
899 0 1.9734 WEAKEN 0.420
900 0 1.7192 PASS 1.000
901 0 1.9038 WEAKEN 0.621
902 0 1.8486 WEAKEN 0.854
903 0 1.7910 WEAKEN 0.189
904 0 2.0975 WEAKEN 0.425
905 0 2.2105 FREEZE 0.000
906 0 2.5266 FREEZE 0.000
907 0 2.2072 WEAKEN 0.242
908 0 2.0419 WEAKEN 0.882
909 0 2.0112 WEAKEN 0.532
910 1 2.8638 SCAR 0.000
911 0 2.0368 WEAKEN 0.743
912 0 2.3916 FREEZE 0.000
913 0 2.5532 FREEZE 0.000
914 0 1.6789 PASS 1.000
915 0 2.8161 WEAKEN 0.160
916 0 2.1613 WEAKEN 0.508
917 0 2.4161 WEAKEN 0.361
918 0 1.9737 WEAKEN 0.626
919 0 1.9664 WEAKEN 0.482
920 0 2.1014 WEAKEN 0.673
921 1 2.4850 FREEZE 0.000
922 0 1.7703 PASS 1.000
923 0 2.1416 WEAKEN 0.180
924 1 2.4712 FREEZE 0.000
925 0 1.6548 WEAKEN 0.783
926 0 2.1024 WEAKEN 0.888
927 1 2.5511 SCAR 0.000
928 0 1.9035 WEAKEN 0.514
929 0 1.9213 PASS 1.000
930 0 2.0200 WEAKEN 0.823
931 1 2.4705 SCAR 0.000
932 0 1.8477 WEAKEN 0.859
933 1 2.5095 FREEZE 0.000
934 0 2.2565 PASS 1.000
935 0 2.3893 WEAKEN 0.342
936 0 2.0651 FREEZE 0.000
937 0 1.8172 WEAKEN 0.092
938 1 2.4327 SILENCE 0.000
939 0 1.8398 PASS 1.000
940 0 2.2570 WEAKEN 0.300
941 0 1.8413 WEAKEN 0.813
942 0 1.9716 WEAKEN 0.761
943 0 2.5165 WEAKEN 0.206
944 0 1.9170 WEAKEN 0.381
945 0 2.0373 WEAKEN 0.306
946 0 1.6276 WEAKEN 0.699
947 0 1.9506 FREEZE 0.000
948 0 2.0377 WEAKEN 0.748
949 0 2.2266 FREEZE 0.000
950 1 2.4698 FREEZE 0.000
951 0 1.7638 WEAKEN 0.716
952 0 2.1530 FREEZE 0.000
953 1 2.5879 FREEZE 0.000
954 0 2.0018 WEAKEN 0.805
955 0 2.0773 WEAKEN 0.637
956 0 2.0143 WEAKEN 0.275
957 0 2.1905 FREEZE 0.000
958 0 1.8695 WEAKEN 0.602
959 0 1.9454 WEAKEN 0.522
960 0 2.1040 WEAKEN 0.917
961 1 2.6860 SCAR 0.000
962 0 1.9632 WEAKEN 0.789
963 0 1.9900 WEAKEN 0.067
964 0 2.3729 WEAKEN 0.131
965 0 2.0770 WEAKEN 0.115
966 0 2.1844 FREEZE 0.000
967 0 2.0387 WEAKEN 0.015
968 0 2.2459 FREEZE 0.000
969 0 2.0206 WEAKEN 0.237
970 0 2.7593 WEAKEN 0.723
971 0 2.0226 SILENCE 0.000
972 1 2.4746 SILENCE 0.000
973 0 2.3362 WEAKEN 0.088
974 0 1.9415 WEAKEN 0.877
975 0 2.1833 WEAKEN 0.474
976 0 1.8764 WEAKEN 0.347
977 0 1.6375 WEAKEN 0.292
978 0 1.7934 WEAKEN 0.790
979 0 1.7960 WEAKEN 0.461
980 0 1.9730 WEAKEN 0.192
981 0 1.9294 WEAKEN 0.222
982 0 2.0710 WEAKEN 0.672
983 0 2.3457 WEAKEN 0.260
984 0 2.2004 WEAKEN 0.479
985 0 2.2688 FREEZE 0.000
986 1 2.6434 SCAR 0.000
987 0 1.8084 WEAKEN 0.571
988 0 2.1758 FREEZE 0.000
989 0 2.1327 WEAKEN 0.079
990 0 2.2692 WEAKEN 0.574
991 0 1.8501 WEAKEN 0.233
992 0 1.7906 WEAKEN 0.816
993 1 2.4367 SCAR 0.000
994 0 1.8385 WEAKEN 0.504
995 0 2.2175 WEAKEN 0.031
996 1 7.8966 FREEZE 0.000
997 1 2.4137 FREEZE 0.000
998 0 2.3291 WEAKEN 0.298
999 0 1.9032 WEAKEN 0.432
1000 0 1.6398 WEAKEN 0.380
1001 0 1.9059 WEAKEN 0.684
1002 1 2.4052 FREEZE 0.000
1003 0 2.2814 WEAKEN 0.107
1004 0 1.8846 WEAKEN 0.579
1005 1 2.5817 SCAR 0.000
1006 0 2.2906 WEAKEN 0.523
1007 0 1.5300 WEAKEN 0.501
1008 0 1.9118 WEAKEN 0.827
1009 0 1.9437 WEAKEN 0.298
1010 0 2.0990 FREEZE 0.000
1011 0 1.5062 WEAKEN 0.235
1012 0 1.9399 WEAKEN 0.219
1013 0 1.9468 WEAKEN 0.193
1014 0 1.7381 WEAKEN 0.890
1015 1 2.4768 FREEZE 0.000
1016 0 2.0403 WEAKEN 0.826
1017 0 2.2925 FREEZE 0.000
1018 0 2.3720 WEAKEN 0.222
1019 1 2.4901 FREEZE 0.000
1020 0 2.2705 WEAKEN 0.013
1021 0 2.0010 WEAKEN 0.580
1022 0 2.5972 WEAKEN 0.448
1023 0 2.2076 FREEZE 0.000
1024 0 2.3089 FREEZE 0.000
1025 0 2.3341 FREEZE 0.000
1026 0 2.0552 WEAKEN 0.391
1027 0 1.7298 WEAKEN 0.967
1028 0 1.8067 WEAKEN 0.934
1029 0 1.9563 WEAKEN 0.368
1030 0 1.8254 WEAKEN 0.680
1031 0 2.0509 WEAKEN 0.608
1032 0 2.3859 FREEZE 0.000
1033 0 2.3263 WEAKEN 0.065
1034 0 2.3181 WEAKEN 0.089
1035 0 2.1208 WEAKEN 0.457
1036 0 1.8798 WEAKEN 0.863
1037 0 1.8954 WEAKEN 0.726
1038 0 1.8399 PASS 1.000
1039 0 1.9304 WEAKEN 0.781
1040 1 2.4531 FREEZE 0.000
1041 0 1.9048 WEAKEN 0.449
1042 0 2.0077 PASS 1.000
1043 0 2.3156 WEAKEN 0.426
1044 0 2.1873 FREEZE 0.000
1045 0 2.1277 WEAKEN 0.505
1046 0 2.1827 WEAKEN 0.747
1047 0 2.4699 SCAR 0.000
1048 0 1.8929 WEAKEN 0.443
1049 0 2.0469 FREEZE 0.000
1050 0 2.3304 WEAKEN 0.173
1051 0 1.7205 PASS 1.000
1052 0 2.0226 WEAKEN 0.894
1053 0 1.8742 WEAKEN 0.167
1054 0 2.0471 WEAKEN 0.315
1055 0 1.8034 WEAKEN 0.825
1056 0 1.8343 WEAKEN 0.244
1057 0 2.0069 WEAKEN 0.394
1058 0 2.2011 FREEZE 0.000
1059 0 1.6051 WEAKEN 0.175
1060 0 2.0522 WEAKEN 0.558
1061 0 1.7958 WEAKEN 0.680
1062 0 2.0659 PASS 1.000
1063 0 1.4158 WEAKEN 0.912
1064 0 1.9099 WEAKEN 0.201
1065 0 1.7412 WEAKEN 0.679
1066 0 1.9256 WEAKEN 0.960
1067 0 2.0080 WEAKEN 0.230
1068 0 1.9409 WEAKEN 0.277
1069 0 1.5977 WEAKEN 0.830
1070 0 1.8506 FREEZE 0.000
1071 0 1.7226 WEAKEN 0.539
1072 0 1.6128 WEAKEN 0.499
1073 0 2.4812 FREEZE 0.000
1074 0 2.0865 FREEZE 0.000
1075 0 2.0400 WEAKEN 0.338
1076 0 2.1630 FREEZE 0.000
1077 0 2.3081 WEAKEN 0.378
1078 0 2.4272 WEAKEN 0.780
1079 0 2.3458 WEAKEN 0.519
1080 0 2.0599 WEAKEN 0.072
1081 0 1.9493 FREEZE 0.000
1082 0 1.6523 WEAKEN 0.565
1083 1 8.6340 FREEZE 0.000
1084 0 2.0142 WEAKEN 0.224
1085 0 1.9301 WEAKEN 0.478
1086 0 2.5727 FREEZE 0.000
1087 0 1.6300 PASS 1.000
1088 0 2.2400 WEAKEN 0.327
1089 0 2.2318 WEAKEN 0.063
1090 0 2.1716 WEAKEN 0.640
1091 0 2.3070 FREEZE 0.000
1092 0 2.1929 WEAKEN 0.483
1093 0 1.7942 FREEZE 0.000
1094 0 1.8236 WEAKEN 0.513
1095 0 1.9061 WEAKEN 0.093
1096 0 2.0503 WEAKEN 0.248
1097 1 2.4252 FREEZE 0.000
1098 0 1.6697 WEAKEN 0.839
1099 0 1.9266 FREEZE 0.000
1100 0 1.9416 WEAKEN 0.637
1101 0 2.0900 WEAKEN 0.125
1102 0 2.0602 WEAKEN 0.360
1103 0 2.0679 WEAKEN 0.854
1104 0 1.8502 WEAKEN 0.088
1105 0 1.8594 WEAKEN 0.648
1106 0 1.8104 WEAKEN 0.513
1107 0 1.7677 WEAKEN 0.482
1108 1 2.4082 FREEZE 0.000
1109 0 1.7066 WEAKEN 0.790
1110 1 2.5595 FREEZE 0.000
1111 0 1.9206 WEAKEN 0.958
1112 0 1.8130 WEAKEN 0.522
1113 1 2.3595 FREEZE 0.000
1114 0 1.8349 WEAKEN 0.567
1115 0 1.5649 WEAKEN 0.379
1116 0 2.1127 FREEZE 0.000
1117 1 2.5117 SCAR 0.000
1118 0 1.7590 WEAKEN 0.038
1119 0 1.9973 FREEZE 0.000
1120 0 1.6345 WEAKEN 0.405
1121 0 2.0246 FREEZE 0.000
1122 1 2.7550 SCAR 0.000
1123 0 1.6970 WEAKEN 0.085
1124 0 2.1824 WEAKEN 0.208
1125 0 2.2324 FREEZE 0.000
1126 0 1.9920 FREEZE 0.000
1127 0 1.9739 WEAKEN 0.849
1128 0 1.7490 WEAKEN 0.290
1129 1 2.6599 FREEZE 0.000
1130 0 1.8196 WEAKEN 0.086
1131 0 1.3160 WEAKEN 0.644
1132 0 1.9367 WEAKEN 0.799
1133 0 2.1365 WEAKEN 0.272
1134 1 2.4729 FREEZE 0.000
1135 0 2.5779 WEAKEN 0.332
1136 0 1.6063 WEAKEN 0.552
1137 0 2.0923 FREEZE 0.000
1138 0 1.7674 WEAKEN 0.993
1139 0 1.5017 WEAKEN 0.819
1140 0 2.1084 WEAKEN 0.062
1141 0 1.9243 WEAKEN 0.411
1142 0 2.0162 FREEZE 0.000
1143 0 1.9158 WEAKEN 0.276
1144 0 2.2033 FREEZE 0.000
1145 0 1.5428 WEAKEN 0.220
1146 0 1.6637 WEAKEN 0.912
1147 0 1.7152 WEAKEN 0.297
1148 0 2.0831 WEAKEN 0.290
1149 0 2.1502 WEAKEN 0.082
1150 0 1.9154 WEAKEN 0.452
1151 0 1.9116 WEAKEN 0.377
1152 0 1.7935 WEAKEN 0.429
1153 0 1.5479 WEAKEN 0.741
1154 1 7.0584 FREEZE 0.000
1155 0 2.1797 FREEZE 0.000
1156 0 1.9281 WEAKEN 0.546
1157 0 1.6907 PASS 1.000
1158 0 2.0292 WEAKEN 0.815
1159 0 1.9154 WEAKEN 0.404
1160 0 1.7650 WEAKEN 0.487
1161 0 2.1463 WEAKEN 0.473
1162 0 1.9721 WEAKEN 0.039
1163 0 2.0057 WEAKEN 0.799
1164 0 1.5090 PASS 1.000
1165 0 2.0863 WEAKEN 0.619
1166 0 1.6209 WEAKEN 0.514
1167 0 1.5258 PASS 1.000
1168 0 1.7102 WEAKEN 0.285
1169 0 2.3131 WEAKEN 0.246
1170 0 1.5777 WEAKEN 0.583
1171 0 1.9016 WEAKEN 0.517
1172 0 2.3598 WEAKEN 0.007
1173 0 2.1769 WEAKEN 0.476
1174 0 1.7507 WEAKEN 0.364
1175 0 1.8166 WEAKEN 0.961
1176 0 1.9669 WEAKEN 0.859
1177 0 2.2855 FREEZE 0.000
1178 0 2.1920 WEAKEN 0.495
1179 0 2.2824 FREEZE 0.000
1180 0 1.8655 WEAKEN 0.729
1181 0 2.0021 FREEZE 0.000
1182 0 1.8279 WEAKEN 0.456
1183 0 1.9086 WEAKEN 0.472
1184 0 1.7376 WEAKEN 0.271
1185 0 2.2226 WEAKEN 0.082
1186 0 2.1358 WEAKEN 0.762
1187 0 2.3673 FREEZE 0.000
1188 0 1.6969 WEAKEN 0.624
1189 0 1.5954 WEAKEN 0.505
1190 0 2.5240 FREEZE 0.000
1191 0 2.0579 WEAKEN 0.330
1192 1 4.5550 FREEZE 0.000
1193 0 2.0587 WEAKEN 0.401
1194 1 2.3295 SCAR 0.000
1195 0 2.0435 WEAKEN 0.029
1196 0 1.5446 WEAKEN 0.654
1197 0 2.0607 WEAKEN 0.746
1198 0 1.9389 PASS 1.000
1199 0 2.3359 FREEZE 0.000
1200 0 1.9695 WEAKEN 0.250
1201 0 2.0765 FREEZE 0.000
1202 0 1.6829 WEAKEN 0.684
1203 1 2.5038 SCAR 0.000
1204 0 1.4591 WEAKEN 0.551
1205 0 1.6447 FREEZE 0.000
1206 0 1.8104 WEAKEN 0.942
1207 0 1.8220 WEAKEN 0.623
1208 0 2.0292 WEAKEN 0.307
1209 0 1.6767 WEAKEN 0.352
1210 1 2.3369 SCAR 0.000
1211 0 1.7600 FREEZE 0.000
1212 0 1.8586 WEAKEN 0.536
1213 0 1.8627 PASS 1.000
1214 0 1.6189 WEAKEN 0.280
1215 0 2.3764 FREEZE 0.000
1216 0 2.2082 WEAKEN 0.402
1217 0 1.5682 PASS 1.000
1218 0 2.0470 WEAKEN 0.543
1219 0 2.0556 WEAKEN 0.378
1220 0 1.9658 FREEZE 0.000
1221 0 1.7739 WEAKEN 0.193
1222 0 1.7527 WEAKEN 0.723
1223 0 2.0972 FREEZE 0.000
1224 0 1.8888 WEAKEN 0.750
1225 0 1.9035 WEAKEN 0.468
1226 0 1.8271 WEAKEN 0.914
1227 0 2.1476 FREEZE 0.000
1228 0 1.5511 WEAKEN 0.762
1229 1 2.4377 FREEZE 0.000
1230 0 2.2071 PASS 1.000
1231 0 2.1471 WEAKEN 0.300
1232 0 1.9052 WEAKEN 0.178
1233 0 1.7653 WEAKEN 0.889
1234 0 1.9870 WEAKEN 0.434
1235 0 2.0353 WEAKEN 0.857
1236 0 1.6711 WEAKEN 0.565
1237 0 1.6092 WEAKEN 0.524
1238 0 1.6456 WEAKEN 0.860
1239 0 2.2853 SILENCE 0.000
1240 1 2.4369 FREEZE 0.000
1241 0 2.2622 FREEZE 0.000
1242 0 1.9481 WEAKEN 0.427
1243 0 1.7654 WEAKEN 0.577
1244 0 1.7775 WEAKEN 0.722
1245 0 1.8247 WEAKEN 0.592
1246 0 2.1048 WEAKEN 0.429
1247 1 2.5008 FREEZE 0.000
1248 1 8.0100 FREEZE 0.000
1249 0 2.1510 WEAKEN 0.303
1250 0 1.8435 WEAKEN 0.500
1251 0 2.6916 WEAKEN 0.557
1252 0 2.1874 WEAKEN 0.519
1253 0 1.7765 WEAKEN 0.703
1254 1 2.6339 SILENCE 0.000
1255 0 1.9775 WEAKEN 0.086
1256 1 7.6111 FREEZE 0.000
1257 0 1.6025 WEAKEN 0.912
1258 1 2.5148 FREEZE 0.000
1259 0 2.0993 FREEZE 0.000
1260 0 2.1071 FREEZE 0.000
1261 0 1.6567 WEAKEN 0.752
1262 0 1.8520 WEAKEN 0.889
1263 0 1.6705 WEAKEN 0.931
1264 0 1.9293 WEAKEN 0.134
1265 0 2.3069 FREEZE 0.000
1266 0 1.9395 WEAKEN 0.263
1267 0 1.6622 WEAKEN 0.606
1268 0 1.6847 WEAKEN 0.406
1269 0 1.6950 WEAKEN 0.396
1270 0 2.1061 WEAKEN 0.269
1271 0 1.5332 WEAKEN 0.759
1272 0 2.2969 WEAKEN 0.119
1273 0 1.7925 WEAKEN 0.184
1274 0 2.3656 WEAKEN 0.190
1275 0 2.3089 WEAKEN 0.154
1276 0 1.7436 WEAKEN 0.426
1277 0 1.6379 WEAKEN 0.901
1278 0 1.6196 WEAKEN 0.307
1279 0 1.5618 WEAKEN 0.745
1280 0 1.8593 FREEZE 0.000
1281 0 2.2960 FREEZE 0.000
1282 0 1.8941 WEAKEN 0.920
1283 1 7.3287 FREEZE 0.000
1284 0 2.1161 WEAKEN 0.089
1285 0 1.9840 WEAKEN 0.129
1286 0 2.3471 FREEZE 0.000
1287 1 2.5020 FREEZE 0.000
1288 0 1.9260 WEAKEN 0.010
1289 0 1.4732 WEAKEN 0.745
1290 0 1.9310 WEAKEN 0.739
1291 1 2.5420 SILENCE 0.000
1292 0 1.6599 WEAKEN 0.483
1293 0 1.7523 FREEZE 0.000
1294 1 2.5744 SILENCE 0.000
1295 0 2.0893 FREEZE 0.000
1296 0 2.2006 FREEZE 0.000
1297 0 1.9851 FREEZE 0.000
1298 0 1.5619 WEAKEN 0.939
1299 1 4.0281 FREEZE 0.000
1300 0 2.0139 FREEZE 0.000
1301 0 1.9182 WEAKEN 0.032
1302 0 2.0617 WEAKEN 0.453
1303 0 1.8119 WEAKEN 0.126
1304 0 2.2849 FREEZE 0.000
1305 0 1.9290 PASS 1.000
1306 0 1.3209 WEAKEN 0.658
1307 0 2.3407 WEAKEN 0.088
1308 0 2.3635 FREEZE 0.000
1309 1 2.4761 SCAR 0.000
1310 0 1.9515 WEAKEN 0.551
1311 0 1.4226 WEAKEN 0.976
1312 0 2.4826 WEAKEN 0.179
1313 0 1.4414 WEAKEN 0.511
1314 0 1.3884 PASS 1.000
1315 0 2.4929 FREEZE 0.000
1316 0 1.9678 WEAKEN 0.061
1317 0 1.4292 WEAKEN 0.615
1318 0 2.0110 WEAKEN 0.719
1319 0 1.8069 FREEZE 0.000
1320 0 1.7136 WEAKEN 0.491
1321 0 2.1453 FREEZE 0.000
1322 0 2.1465 PASS 1.000
1323 0 1.6329 WEAKEN 0.877
1324 0 1.8378 PASS 1.000
1325 0 1.9095 WEAKEN 0.098
1326 0 1.7564 FREEZE 0.000
1327 0 1.4620 WEAKEN 0.876
1328 1 7.9813 FREEZE 0.000
1329 0 2.0838 WEAKEN 0.428
1330 0 1.7798 WEAKEN 0.268
1331 0 1.8087 WEAKEN 0.491
1332 0 1.8896 WEAKEN 0.781
1333 0 1.7378 WEAKEN 0.476
1334 0 1.6641 WEAKEN 0.502
1335 1 2.6368 FREEZE 0.000
1336 0 1.6050 FREEZE 0.000
1337 0 2.0451 FREEZE 0.000
1338 0 2.3604 FREEZE 0.000
1339 0 1.8921 WEAKEN 0.752
1340 0 1.7470 WEAKEN 0.620
1341 0 1.6840 PASS 1.000
1342 0 1.8385 WEAKEN 0.520
1343 0 2.4057 FREEZE 0.000
1344 0 2.5002 WEAKEN 0.159
1345 0 2.1165 FREEZE 0.000
1346 0 1.9257 WEAKEN 0.776
1347 0 1.9640 WEAKEN 0.115
1348 0 1.5739 PASS 1.000
1349 0 1.9709 FREEZE 0.000
1350 1 2.5346 FREEZE 0.000
1351 0 1.8892 WEAKEN 0.708
1352 0 1.7033 WEAKEN 0.950
1353 0 1.6443 WEAKEN 0.929
1354 0 1.9010 WEAKEN 0.620
1355 0 1.9354 WEAKEN 0.413
1356 0 2.1191 SILENCE 0.000
1357 0 1.5036 WEAKEN 0.910
1358 0 2.2155 FREEZE 0.000
1359 0 1.8550 WEAKEN 0.801
1360 0 1.9943 WEAKEN 0.011
1361 1 2.6809 FREEZE 0.000
1362 0 2.3205 SILENCE 0.000
1363 0 2.5894 FREEZE 0.000
1364 0 1.8896 WEAKEN 0.621
1365 0 1.5302 WEAKEN 0.832
1366 0 1.8673 WEAKEN 0.892
1367 0 1.7970 WEAKEN 0.309
1368 0 1.4831 WEAKEN 0.217
1369 0 1.6688 FREEZE 0.000
1370 0 1.6706 FREEZE 0.000
1371 0 1.9572 WEAKEN 0.833
1372 0 1.8182 WEAKEN 0.152
1373 0 2.1571 FREEZE 0.000
1374 0 1.9799 WEAKEN 0.403
1375 0 1.9812 WEAKEN 0.280
1376 0 1.9281 WEAKEN 0.771
1377 0 1.6816 WEAKEN 0.656
1378 0 1.8516 WEAKEN 0.889
1379 0 1.4865 WEAKEN 0.361
1380 0 1.8232 WEAKEN 0.585
1381 0 1.7971 WEAKEN 0.611
1382 0 1.4595 WEAKEN 0.417
1383 0 2.0712 WEAKEN 0.310
1384 0 2.1181 WEAKEN 0.707
1385 0 2.5076 FREEZE 0.000
1386 0 1.8337 WEAKEN 0.114
1387 0 2.3833 SILENCE 0.000
1388 0 1.9747 PASS 1.000
1389 0 2.1247 FREEZE 0.000
1390 0 1.5082 WEAKEN 0.980
1391 0 1.8967 WEAKEN 0.809
1392 0 1.9144 PASS 1.000
1393 0 2.2148 FREEZE 0.000
1394 0 2.2005 PASS 1.000
1395 0 1.5678 WEAKEN 0.550
1396 0 1.8181 WEAKEN 0.801
1397 0 2.2767 WEAKEN 0.854
1398 0 1.5949 WEAKEN 0.824
1399 0 1.6695 WEAKEN 0.716
1400 0 1.6214 WEAKEN 0.356
1401 0 1.3064 WEAKEN 0.725
1402 0 2.0958 WEAKEN 0.102
1403 0 1.7055 PASS 1.000
1404 0 2.1508 FREEZE 0.000
1405 0 1.7034 WEAKEN 0.820
1406 0 1.5828 WEAKEN 0.604
1407 0 1.8266 WEAKEN 0.360
1408 0 1.4500 WEAKEN 0.960
1409 0 1.5404 WEAKEN 0.780
1410 0 1.6478 WEAKEN 0.613
1411 0 2.5639 WEAKEN 0.203
1412 0 2.1263 FREEZE 0.000
1413 0 2.3153 WEAKEN 0.405
1414 1 2.6833 SCAR 0.000
1415 0 1.7132 FREEZE 0.000
1416 0 2.3577 WEAKEN 0.068
1417 0 2.4830 FREEZE 0.000
1418 0 2.0722 FREEZE 0.000
1419 0 1.8439 WEAKEN 0.586
1420 0 2.0111 FREEZE 0.000
1421 1 2.5598 FREEZE 0.000
1422 1 7.2657 FREEZE 0.000
1423 0 2.2715 FREEZE 0.000
1424 0 1.6961 WEAKEN 0.643
1425 0 1.6524 PASS 1.000
1426 0 1.5840 WEAKEN 0.997
1427 0 1.8994 WEAKEN 0.881
1428 0 2.0781 WEAKEN 0.126
1429 0 1.9703 WEAKEN 0.551
1430 0 1.9637 WEAKEN 0.621
1431 0 1.4579 WEAKEN 0.120
1432 0 1.7264 WEAKEN 0.138
1433 0 2.0404 WEAKEN 0.241
1434 1 2.5388 SILENCE 0.000
1435 0 1.4468 WEAKEN 0.589
1436 0 1.7241 WEAKEN 0.530
1437 0 1.7449 WEAKEN 0.474
1438 0 1.5212 WEAKEN 0.364
1439 0 1.9236 WEAKEN 0.537
1440 0 1.5313 WEAKEN 0.399
1441 0 1.8357 WEAKEN 0.950
1442 0 2.0521 WEAKEN 0.792
1443 0 1.9185 FREEZE 0.000
1444 1 8.3326 FREEZE 0.000
1445 0 1.7574 WEAKEN 0.519
1446 0 1.4907 FREEZE 0.000
1447 0 2.1365 WEAKEN 0.381
1448 0 1.5856 FREEZE 0.000
1449 0 2.4127 FREEZE 0.000
1450 0 1.9359 WEAKEN 0.489
1451 0 2.2522 FREEZE 0.000
1452 0 1.4817 WEAKEN 0.752
1453 0 1.9355 WEAKEN 0.478
1454 0 2.1708 SILENCE 0.000
1455 0 1.9605 WEAKEN 0.844
1456 1 2.6455 FREEZE 0.000
1457 0 2.0023 WEAKEN 0.579
1458 0 1.6899 WEAKEN 0.461
1459 0 1.7352 WEAKEN 0.993
1460 0 1.7234 WEAKEN 0.748
1461 0 1.7590 WEAKEN 0.128
1462 0 1.8821 WEAKEN 0.582
1463 0 1.6696 WEAKEN 0.239
1464 0 1.6610 WEAKEN 0.642
1465 0 2.2625 FREEZE 0.000
1466 0 1.7570 WEAKEN 0.466
1467 0 1.6225 WEAKEN 0.966
1468 0 1.5858 WEAKEN 0.585
1469 0 1.8709 FREEZE 0.000
1470 0 1.5244 WEAKEN 0.659
1471 0 1.9800 WEAKEN 0.730
1472 1 7.0966 FREEZE 0.000
1473 0 2.3809 WEAKEN 0.386
1474 0 2.1455 WEAKEN 0.095
1475 0 1.6908 FREEZE 0.000
1476 0 2.0862 WEAKEN 0.679
1477 0 1.6197 WEAKEN 0.130
1478 0 1.6461 WEAKEN 0.513
1479 1 2.4439 FREEZE 0.000
1480 0 2.1851 FREEZE 0.000
1481 0 1.8521 FREEZE 0.000
1482 0 1.6106 WEAKEN 0.537
1483 1 2.3042 SCAR 0.000
1484 0 1.5005 WEAKEN 0.616
1485 0 2.3884 FREEZE 0.000
1486 0 1.9072 WEAKEN 0.663
1487 0 1.8068 WEAKEN 0.486
1488 0 1.7967 WEAKEN 0.898
1489 0 1.8337 WEAKEN 0.454
1490 0 1.5157 WEAKEN 0.588
1491 0 1.8872 WEAKEN 0.029
1492 1 2.4810 SCAR 0.000
1493 0 1.3842 WEAKEN 0.666
1494 0 1.3484 PASS 1.000
1495 0 1.5718 WEAKEN 0.501
1496 0 1.9758 WEAKEN 0.428
1497 0 1.7372 WEAKEN 0.411
1498 0 1.5330 WEAKEN 0.655
1499 1 9.2152 FREEZE 0.000
1500 0 2.0339 WEAKEN 0.265
1501 0 1.7938 PASS 1.000
1502 0 1.4052 WEAKEN 0.897
1503 0 1.4385 PASS 1.000
1504 0 1.6959 WEAKEN 0.177
1505 0 1.6700 WEAKEN 0.754
1506 0 1.5714 PASS 1.000
1507 0 1.8985 WEAKEN 0.220
1508 0 1.8655 FREEZE 0.000
1509 0 1.4894 WEAKEN 0.998
1510 0 2.0526 FREEZE 0.000
1511 1 2.3987 SILENCE 0.000
1512 0 1.7765 WEAKEN 0.615
1513 0 1.5540 WEAKEN 0.254
1514 0 2.4478 FREEZE 0.000
1515 0 1.7058 WEAKEN 0.718
1516 1 7.1297 SILENCE 0.000
1517 0 1.6016 WEAKEN 0.569
1518 0 2.1298 WEAKEN 0.102
1519 0 1.8202 WEAKEN 0.730
1520 0 2.1034 WEAKEN 0.245
1521 0 1.9555 FREEZE 0.000
1522 0 1.8076 FREEZE 0.000
1523 1 2.2883 FREEZE 0.000
1524 1 2.4360 SCAR 0.000
1525 0 1.6750 WEAKEN 0.470
1526 0 1.4101 WEAKEN 0.555
1527 0 1.3587 WEAKEN 0.989
1528 0 1.4000 WEAKEN 0.887
1529 0 1.9201 WEAKEN 0.682
1530 0 1.8961 WEAKEN 0.457
1531 0 1.9105 WEAKEN 0.174
1532 0 1.7830 WEAKEN 0.554
1533 0 1.8076 WEAKEN 0.902
1534 0 1.8219 FREEZE 0.000
1535 0 1.6517 WEAKEN 0.649
1536 0 1.6701 WEAKEN 0.577
1537 0 1.8029 WEAKEN 0.566
1538 0 1.6876 WEAKEN 0.296
1539 0 2.2104 FREEZE 0.000
1540 0 2.2179 FREEZE 0.000
1541 0 2.2412 WEAKEN 0.650
1542 1 2.4861 SCAR 0.000
1543 0 1.8051 WEAKEN 0.930
1544 0 2.0861 WEAKEN 0.268
1545 0 2.4600 WEAKEN 0.168
1546 0 2.0603 WEAKEN 0.795
1547 0 1.8248 FREEZE 0.000
1548 0 1.7316 WEAKEN 0.222
1549 0 2.2617 WEAKEN 0.124
1550 0 1.5820 WEAKEN 0.117
1551 1 2.5410 FREEZE 0.000
1552 0 1.3656 WEAKEN 0.628
1553 0 1.6328 WEAKEN 0.676
1554 0 1.6741 WEAKEN 0.618
1555 0 1.4178 WEAKEN 0.880
1556 0 1.3838 WEAKEN 0.782
1557 0 2.4033 WEAKEN 0.273
1558 0 1.6798 WEAKEN 0.664
1559 0 1.5918 WEAKEN 0.765
1560 0 1.6760 WEAKEN 0.583
1561 0 2.0285 WEAKEN 0.323
1562 0 1.4085 WEAKEN 0.751
1563 0 2.1815 FREEZE 0.000
1564 0 1.6169 WEAKEN 0.535
1565 0 1.9937 WEAKEN 0.279
1566 0 1.9978 WEAKEN 0.780
1567 0 2.2139 WEAKEN 0.191
1568 0 1.9720 WEAKEN 0.272
1569 0 2.2703 WEAKEN 0.272
1570 0 2.0085 FREEZE 0.000
1571 0 2.1220 FREEZE 0.000
1572 0 1.4436 WEAKEN 0.614
1573 0 2.0834 FREEZE 0.000
1574 0 1.7105 WEAKEN 0.777
1575 0 1.9340 FREEZE 0.000
1576 0 1.8688 WEAKEN 0.083
1577 0 1.7019 WEAKEN 0.760
1578 0 1.5216 WEAKEN 0.919
1579 0 2.4325 FREEZE 0.000
1580 0 1.5774 WEAKEN 0.718
1581 0 1.3471 WEAKEN 0.806
1582 0 2.0604 FREEZE 0.000
1583 0 2.1614 FREEZE 0.000
1584 0 1.5204 WEAKEN 0.073
1585 0 2.1737 SILENCE 0.000
1586 0 1.7024 WEAKEN 0.913
1587 0 1.6688 WEAKEN 0.938
1588 0 2.3840 FREEZE 0.000
1589 0 1.4873 WEAKEN 0.316
1590 0 1.9699 WEAKEN 0.482
1591 0 1.8499 WEAKEN 0.515
1592 0 1.9391 WEAKEN 0.378
1593 0 2.0541 WEAKEN 0.107
1594 1 5.2362 FREEZE 0.000
1595 0 1.8677 WEAKEN 0.178
1596 1 2.6086 SCAR 0.000
1597 0 1.7088 FREEZE 0.000
1598 0 2.1567 WEAKEN 0.054
1599 0 1.8236 WEAKEN 0.560
1600 0 1.6400 WEAKEN 0.608
1601 0 1.7937 WEAKEN 0.561
1602 0 1.9668 WEAKEN 0.263
1603 0 1.8420 WEAKEN 0.677
1604 1 2.2868 SCAR 0.000
1605 0 2.1254 FREEZE 0.000
1606 0 2.1706 FREEZE 0.000
1607 0 1.9481 WEAKEN 0.443
1608 0 2.1401 FREEZE 0.000
1609 0 1.9908 FREEZE 0.000
1610 0 2.1525 FREEZE 0.000
1611 0 1.6035 WEAKEN 0.003
1612 0 1.9167 WEAKEN 0.054
1613 0 1.5702 WEAKEN 0.443
1614 0 1.9387 WEAKEN 0.844
1615 0 1.4136 WEAKEN 0.538
1616 0 1.5370 WEAKEN 0.936
1617 0 1.9631 WEAKEN 0.676
1618 0 1.8172 WEAKEN 0.740
1619 0 2.4468 WEAKEN 0.744
1620 0 1.7402 WEAKEN 0.419
1621 0 1.5011 FREEZE 0.000
1622 1 2.3749 SCAR 0.000
1623 0 1.5662 WEAKEN 0.242
1624 0 2.2598 FREEZE 0.000
1625 0 2.0347 WEAKEN 0.094
1626 0 1.8668 WEAKEN 0.735
1627 0 1.6077 WEAKEN 0.709
1628 0 1.9879 WEAKEN 0.618
1629 0 2.0273 WEAKEN 0.174
1630 0 2.1432 WEAKEN 0.053
1631 1 2.2538 FREEZE 0.000
1632 0 1.9721 WEAKEN 0.231
1633 0 1.6179 WEAKEN 0.641
1634 0 1.3013 WEAKEN 0.953
1635 0 1.5285 PASS 1.000
1636 0 1.7494 WEAKEN 0.314
1637 0 2.3188 WEAKEN 0.204
1638 0 1.5770 WEAKEN 0.670
1639 0 2.0034 FREEZE 0.000
1640 1 2.3136 SILENCE 0.000
1641 1 2.4998 SCAR 0.000
1642 0 1.8781 WEAKEN 0.248
1643 0 2.0188 WEAKEN 0.184
1644 0 2.0130 WEAKEN 0.356
1645 0 1.9003 WEAKEN 0.504
1646 0 1.6904 WEAKEN 0.890
1647 0 1.9080 WEAKEN 0.111
1648 0 1.5785 WEAKEN 0.657
1649 0 1.2933 WEAKEN 0.851
1650 0 1.7153 WEAKEN 0.520
1651 0 2.1278 WEAKEN 0.108
1652 0 2.1301 FREEZE 0.000
1653 0 2.3657 WEAKEN 0.161
1654 0 1.7461 WEAKEN 0.474
1655 0 1.7668 WEAKEN 0.127
1656 0 1.8133 FREEZE 0.000
1657 0 1.7399 WEAKEN 0.707
1658 0 1.5762 WEAKEN 0.777
1659 0 1.5987 WEAKEN 0.436
1660 1 8.1059 FREEZE 0.000
1661 0 1.4916 WEAKEN 0.579
1662 0 1.8256 WEAKEN 0.493
1663 0 1.7903 WEAKEN 0.518
1664 0 1.7789 WEAKEN 0.144
1665 0 1.6714 WEAKEN 0.162
1666 1 2.2373 FREEZE 0.000
1667 0 1.8699 WEAKEN 0.584
1668 0 1.7387 WEAKEN 0.693
1669 0 2.3585 FREEZE 0.000
1670 0 1.8074 WEAKEN 0.798
1671 1 2.4720 FREEZE 0.000
1672 0 1.4653 PASS 1.000
1673 0 1.8948 WEAKEN 0.342
1674 0 2.4140 FREEZE 0.000
1675 0 1.9686 WEAKEN 0.074
1676 0 1.9035 WEAKEN 0.653
1677 0 1.5314 WEAKEN 0.953
1678 0 2.0199 WEAKEN 0.461
1679 0 1.4826 WEAKEN 0.182
1680 0 1.9783 WEAKEN 0.338
1681 0 1.6947 WEAKEN 0.336
1682 0 1.7370 PASS 1.000
1683 0 1.5924 WEAKEN 0.468
1684 0 1.5439 WEAKEN 0.531
1685 0 2.1338 WEAKEN 0.095
1686 0 1.4485 WEAKEN 0.390
1687 0 1.5417 WEAKEN 0.313
1688 0 2.4761 WEAKEN 0.266
1689 0 1.6644 WEAKEN 0.541
1690 0 1.7858 FREEZE 0.000
1691 0 2.0519 FREEZE 0.000
1692 0 2.4567 WEAKEN 0.323
1693 0 1.7242 WEAKEN 0.664
1694 0 2.1698 WEAKEN 0.038
1695 0 1.7167 WEAKEN 0.358
1696 0 1.6519 WEAKEN 0.067
1697 0 1.7922 WEAKEN 0.947
1698 1 2.6460 FREEZE 0.000
1699 1 2.4804 SILENCE 0.000
1700 0 1.6915 WEAKEN 0.402
1701 0 1.4154 WEAKEN 0.266
1702 0 1.7291 WEAKEN 0.422
1703 0 1.4258 WEAKEN 0.715
1704 0 1.6583 FREEZE 0.000
1705 0 1.6280 WEAKEN 0.825
1706 0 1.7019 WEAKEN 0.288
1707 0 1.7967 WEAKEN 0.472
1708 0 1.4188 WEAKEN 0.495
1709 1 2.3899 SCAR 0.000
1710 1 8.9339 FREEZE 0.000
1711 0 1.9998 WEAKEN 0.122
1712 1 8.1353 FREEZE 0.000
1713 0 2.2102 WEAKEN 0.214
1714 0 1.9090 WEAKEN 0.098
1715 0 1.5726 WEAKEN 0.215
1716 0 1.4408 WEAKEN 0.557
1717 0 1.2480 WEAKEN 0.638
1718 0 1.7454 WEAKEN 0.503
1719 0 2.0139 FREEZE 0.000
1720 0 1.5980 WEAKEN 0.728
1721 0 1.9807 WEAKEN 0.156
1722 0 1.6766 WEAKEN 0.362
1723 1 2.3639 SCAR 0.000
1724 0 2.0188 WEAKEN 0.593
1725 0 1.6156 WEAKEN 0.411
1726 0 2.0315 FREEZE 0.000
1727 0 2.1638 WEAKEN 0.873
1728 1 2.6886 SCAR 0.000
1729 0 1.3397 WEAKEN 0.331
1730 0 1.7434 WEAKEN 0.175
1731 0 1.5475 WEAKEN 0.798
1732 0 1.8402 WEAKEN 0.255
1733 0 1.8899 WEAKEN 0.579
1734 0 2.1060 FREEZE 0.000
1735 0 2.1382 FREEZE 0.000
1736 0 1.4331 PASS 1.000
1737 0 1.2016 WEAKEN 0.947
1738 0 1.4631 WEAKEN 0.535
1739 0 1.4386 WEAKEN 0.607
1740 0 2.0031 WEAKEN 0.126
1741 0 1.9395 WEAKEN 0.782
1742 0 1.9656 WEAKEN 0.297
1743 0 1.5762 PASS 1.000
1744 0 1.5510 WEAKEN 0.374
1745 0 1.2839 WEAKEN 0.451
1746 0 1.2930 WEAKEN 0.651
1747 0 1.5366 WEAKEN 0.605
1748 0 1.3315 WEAKEN 0.441
1749 1 7.6614 FREEZE 0.000
1750 0 1.8980 WEAKEN 0.040
1751 0 1.4466 WEAKEN 0.310
1752 0 2.1810 WEAKEN 0.205
1753 0 1.6741 PASS 1.000
1754 0 2.3920 WEAKEN 0.339
1755 0 2.2177 SILENCE 0.000
1756 1 7.1637 SILENCE 0.000
1757 0 1.9470 WEAKEN 0.499
1758 0 1.6213 PASS 1.000
1759 0 1.4966 WEAKEN 0.696
1760 0 1.5104 WEAKEN 0.455
1761 0 1.6165 WEAKEN 0.563
1762 0 1.5781 WEAKEN 0.704
1763 1 2.3785 FREEZE 0.000
1764 0 2.1553 WEAKEN 0.224
1765 0 2.2216 FREEZE 0.000
1766 0 1.9435 WEAKEN 0.936
1767 0 2.0374 FREEZE 0.000
1768 1 7.5775 FREEZE 0.000
1769 0 2.1600 WEAKEN 0.006
1770 0 1.9794 WEAKEN 0.553
1771 0 1.5826 WEAKEN 0.982
1772 0 2.3489 FREEZE 0.000
1773 0 1.5131 WEAKEN 0.908
1774 0 1.9444 WEAKEN 0.076
1775 1 7.0775 SILENCE 0.000
1776 0 1.3400 WEAKEN 0.636
1777 0 2.1632 WEAKEN 0.012
1778 0 1.7931 FREEZE 0.000
1779 0 1.2994 WEAKEN 0.784
1780 0 1.8865 WEAKEN 0.864
1781 0 2.0202 WEAKEN 0.523
1782 0 2.2401 FREEZE 0.000
1783 0 1.6710 FREEZE 0.000
1784 0 1.7738 FREEZE 0.000
1785 0 1.8318 WEAKEN 0.107
1786 0 2.1872 FREEZE 0.000
1787 0 2.0007 WEAKEN 0.303
1788 0 1.7454 WEAKEN 0.030
1789 0 1.6713 WEAKEN 0.530
1790 0 2.0457 FREEZE 0.000
1791 0 1.9947 WEAKEN 0.029
1792 0 1.5860 WEAKEN 0.019
1793 0 1.9391 WEAKEN 0.197
1794 0 1.7116 WEAKEN 0.399
1795 0 2.1289 WEAKEN 0.353
1796 0 1.8041 WEAKEN 0.754
1797 0 1.8203 FREEZE 0.000
1798 0 2.2442 FREEZE 0.000
1799 0 1.8482 WEAKEN 0.209
1800 0 1.9715 WEAKEN 0.513
1801 0 1.8491 FREEZE 0.000
1802 0 1.8687 PASS 1.000
1803 1 2.2941 FREEZE 0.000
1804 0 1.3331 WEAKEN 0.546
1805 0 1.7048 WEAKEN 0.871
1806 0 2.2326 FREEZE 0.000
1807 1 2.3337 SCAR 0.000
1808 0 1.5822 WEAKEN 0.230
1809 0 1.6531 WEAKEN 0.610
1810 0 2.2680 WEAKEN 0.470
1811 0 1.8794 WEAKEN 0.414
1812 0 1.4058 WEAKEN 0.540
1813 0 2.3293 WEAKEN 0.569
1814 0 1.7637 WEAKEN 0.344
1815 0 1.8890 FREEZE 0.000
1816 0 2.1420 WEAKEN 0.402
1817 0 1.8071 WEAKEN 0.754
1818 0 2.1169 FREEZE 0.000
1819 1 2.4094 FREEZE 0.000
1820 0 1.8011 FREEZE 0.000
1821 0 1.7927 WEAKEN 0.043
1822 0 1.6774 WEAKEN 0.306
1823 0 2.0719 WEAKEN 0.496
1824 0 1.5437 WEAKEN 0.761
1825 0 1.6338 WEAKEN 0.787
1826 0 1.7007 PASS 1.000
1827 0 1.6092 FREEZE 0.000
1828 0 1.9542 FREEZE 0.000
1829 1 2.3279 SCAR 0.000
1830 0 1.7303 WEAKEN 0.622
1831 0 1.7762 WEAKEN 0.325
1832 0 1.8829 FREEZE 0.000
1833 1 2.4318 FREEZE 0.000
1834 0 1.4878 WEAKEN 0.299
1835 0 1.4438 WEAKEN 0.703
1836 0 1.6888 WEAKEN 0.410
1837 0 1.8293 WEAKEN 0.617
1838 0 2.3361 WEAKEN 0.008
1839 0 1.9517 WEAKEN 0.341
1840 0 1.7686 WEAKEN 0.754
1841 0 2.0167 FREEZE 0.000
1842 0 1.5854 WEAKEN 0.407
1843 0 1.5495 WEAKEN 0.826
1844 0 1.9244 FREEZE 0.000
1845 0 1.2460 WEAKEN 0.643
1846 0 1.4996 WEAKEN 0.585
1847 0 1.9619 FREEZE 0.000
1848 0 1.5401 WEAKEN 0.433
1849 0 1.8463 WEAKEN 0.084
1850 0 1.6196 WEAKEN 0.337
1851 0 2.4975 FREEZE 0.000
1852 0 1.4371 PASS 1.000
1853 0 1.4521 WEAKEN 0.414
1854 0 1.8774 FREEZE 0.000
1855 0 1.7260 WEAKEN 0.230
1856 0 1.6565 WEAKEN 0.441
1857 0 1.7313 FREEZE 0.000
1858 0 1.4604 WEAKEN 0.557
1859 0 1.7214 WEAKEN 0.576
1860 0 1.7084 WEAKEN 0.267
1861 0 1.5555 WEAKEN 0.061
1862 0 1.5196 WEAKEN 0.320
1863 0 2.0543 WEAKEN 0.585
1864 0 1.7361 WEAKEN 0.382
1865 0 2.0999 WEAKEN 0.037
1866 0 1.4195 WEAKEN 0.354
1867 0 1.8793 FREEZE 0.000
1868 0 1.7934 WEAKEN 0.102
1869 1 7.8150 FREEZE 0.000
1870 0 2.0495 FREEZE 0.000
1871 0 1.5728 WEAKEN 0.663
1872 0 1.4792 WEAKEN 0.849
1873 0 2.2700 FREEZE 0.000
1874 0 2.2365 WEAKEN 0.542
1875 0 1.5398 WEAKEN 0.833
1876 0 1.7819 WEAKEN 0.977
1877 0 2.0591 FREEZE 0.000
1878 0 1.2567 WEAKEN 0.316
1879 0 1.4719 WEAKEN 0.491
1880 0 1.5246 WEAKEN 0.600
1881 0 1.5706 WEAKEN 0.973
1882 0 2.2767 FREEZE 0.000
1883 0 1.6442 WEAKEN 0.733
1884 0 1.4993 WEAKEN 0.429
1885 0 1.8702 WEAKEN 0.293
1886 0 1.5923 WEAKEN 0.589
1887 0 1.6930 WEAKEN 0.671
1888 0 1.5724 PASS 1.000
1889 0 1.6476 PASS 1.000
1890 0 1.7688 WEAKEN 0.169
1891 0 1.5088 WEAKEN 0.721
1892 0 1.3912 WEAKEN 0.676
1893 0 1.6100 WEAKEN 0.087
1894 0 1.5680 WEAKEN 0.539
1895 1 2.4471 FREEZE 0.000
1896 0 2.1996 SILENCE 0.000
1897 1 2.3361 FREEZE 0.000
1898 0 1.5459 WEAKEN 0.635
1899 0 1.7345 WEAKEN 0.073
1900 0 2.1942 FREEZE 0.000
1901 0 2.1947 WEAKEN 0.271
1902 0 1.4179 WEAKEN 0.696
1903 0 1.6660 WEAKEN 0.463
1904 0 1.7246 WEAKEN 0.025
1905 0 1.3994 WEAKEN 0.886
1906 0 1.6139 WEAKEN 0.178
1907 1 2.2848 FREEZE 0.000
1908 0 1.9392 WEAKEN 0.425
1909 1 2.3714 FREEZE 0.000
1910 0 2.1167 WEAKEN 0.721
1911 0 1.6511 WEAKEN 0.094
1912 1 2.4794 FREEZE 0.000
1913 1 2.4293 FREEZE 0.000
1914 0 1.6376 WEAKEN 0.943
1915 0 1.6549 WEAKEN 0.214
1916 0 1.4688 WEAKEN 0.468
1917 0 1.7270 WEAKEN 0.397
1918 0 1.4268 PASS 1.000
1919 0 1.7413 WEAKEN 0.475
1920 0 1.2803 WEAKEN 0.788
1921 0 1.8148 WEAKEN 0.943
1922 0 1.2717 WEAKEN 0.943
1923 0 1.5345 WEAKEN 0.507
1924 0 1.9966 FREEZE 0.000
1925 0 1.9976 WEAKEN 0.352
1926 1 7.1799 SILENCE 0.000
1927 0 2.2510 FREEZE 0.000
1928 0 1.7839 WEAKEN 0.673
1929 1 2.5480 SCAR 0.000
1930 1 2.4994 FREEZE 0.000
1931 0 1.7358 WEAKEN 0.347
1932 0 2.1141 WEAKEN 0.068
1933 0 1.6081 WEAKEN 0.605
1934 0 1.5622 FREEZE 0.000
1935 0 1.9605 FREEZE 0.000
1936 0 1.4239 PASS 1.000
1937 0 1.5488 FREEZE 0.000
1938 0 1.8666 WEAKEN 0.088
1939 0 1.2876 WEAKEN 0.635
1940 0 1.2540 WEAKEN 0.254
1941 0 2.0057 WEAKEN 0.014
1942 0 2.0811 FREEZE 0.000
1943 0 2.0973 FREEZE 0.000
1944 0 1.5849 WEAKEN 0.463
1945 0 1.8637 FREEZE 0.000
1946 0 1.7134 WEAKEN 0.891
1947 0 1.7088 WEAKEN 0.004
1948 0 2.0013 WEAKEN 0.239
1949 0 1.8618 WEAKEN 0.680
1950 1 2.3117 FREEZE 0.000
1951 0 1.4812 WEAKEN 0.857
1952 0 2.1186 FREEZE 0.000
1953 0 1.7223 WEAKEN 0.654
1954 0 1.7229 WEAKEN 0.736
1955 0 1.2747 WEAKEN 0.466
1956 0 1.4159 WEAKEN 0.652
1957 0 1.5412 PASS 1.000
1958 0 1.5042 WEAKEN 0.895
1959 0 2.2934 WEAKEN 0.042
1960 0 1.6322 WEAKEN 0.092
1961 0 1.3853 WEAKEN 0.549
1962 0 2.4102 SILENCE 0.000
1963 0 1.7682 FREEZE 0.000
1964 0 1.7375 WEAKEN 0.577
1965 0 1.8239 WEAKEN 0.791
1966 0 1.8942 FREEZE 0.000
1967 0 1.4095 WEAKEN 0.777
1968 1 2.2224 SCAR 0.000
1969 1 2.3895 FREEZE 0.000
1970 0 1.0834 WEAKEN 0.919
1971 0 1.5335 WEAKEN 0.360
1972 0 1.6537 WEAKEN 0.182
1973 0 1.6210 WEAKEN 0.609
1974 0 1.4746 WEAKEN 0.647
1975 0 1.5220 WEAKEN 0.702
1976 0 1.9754 FREEZE 0.000
1977 0 1.8242 FREEZE 0.000
1978 0 2.1054 WEAKEN 0.761
1979 1 2.4368 SILENCE 0.000
1980 0 1.9312 WEAKEN 0.406
1981 0 1.8322 WEAKEN 0.806
1982 0 1.6301 WEAKEN 0.384
1983 0 1.5387 WEAKEN 0.791
1984 1 2.5995 SCAR 0.000
1985 0 1.7063 WEAKEN 0.795
1986 0 1.5889 FREEZE 0.000
1987 0 1.4850 WEAKEN 0.096
1988 0 1.6267 WEAKEN 0.622
1989 0 1.9941 WEAKEN 0.028
1990 0 1.7190 WEAKEN 0.715
1991 1 7.3496 SILENCE 0.000
1992 0 2.2418 WEAKEN 0.111
1993 0 1.7537 WEAKEN 0.006
1994 0 1.5735 WEAKEN 0.820
1995 0 1.7848 WEAKEN 0.799
1996 0 1.8377 FREEZE 0.000
1997 0 2.0527 FREEZE 0.000
1998 0 1.5716 FREEZE 0.000
1999 0 1.8285 FREEZE 0.000
2000 1 7.4533 FREEZE 0.000
2001 0 1.9482 WEAKEN 0.129
2002 1 2.5618 SCAR 0.000
2003 1 2.6224 SCAR 0.000
2004 0 1.8225 FREEZE 0.000
2005 0 1.9929 WEAKEN 0.648
2006 1 2.4245 FREEZE 0.000
2007 0 2.3367 FREEZE 0.000
2008 0 2.1550 WEAKEN 0.456
2009 0 1.4212 WEAKEN 0.348
2010 0 2.4352 FREEZE 0.000
2011 0 1.9864 WEAKEN 0.866
2012 0 1.1589 WEAKEN 0.472
2013 0 1.9983 FREEZE 0.000
2014 0 1.9101 FREEZE 0.000
2015 0 1.3794 WEAKEN 0.427
2016 0 1.6440 WEAKEN 0.172
2017 0 1.8230 WEAKEN 0.692
2018 0 1.6528 PASS 1.000
2019 0 1.6518 WEAKEN 0.577
2020 0 2.2805 WEAKEN 0.247
2021 0 1.8372 WEAKEN 0.035
2022 0 1.9616 WEAKEN 0.459
2023 0 1.6817 WEAKEN 0.261
2024 0 1.7368 WEAKEN 0.390
2025 0 1.4351 FREEZE 0.000
2026 0 1.9181 FREEZE 0.000
2027 0 1.8986 WEAKEN 0.523
2028 0 2.1897 WEAKEN 0.306
2029 0 1.5103 WEAKEN 0.448
2030 0 1.5840 PASS 1.000
2031 1 2.7845 FREEZE 0.000
2032 0 1.6769 WEAKEN 0.349
2033 0 2.1732 WEAKEN 0.074
2034 0 2.0075 WEAKEN 0.150
2035 0 1.9976 WEAKEN 0.423
2036 0 1.8583 WEAKEN 0.610
2037 0 1.4655 WEAKEN 0.961
2038 0 2.0451 WEAKEN 0.531
2039 0 1.2933 WEAKEN 0.369
2040 0 1.3846 WEAKEN 0.638
2041 0 1.1894 PASS 1.000
2042 0 1.8587 WEAKEN 0.240
2043 0 2.1377 SCAR 0.000
2044 0 1.5282 WEAKEN 0.673
2045 1 2.4776 FREEZE 0.000
2046 0 1.5878 WEAKEN 0.548
2047 0 1.8961 WEAKEN 0.943
2048 0 1.3735 WEAKEN 0.589
2049 0 1.8940 FREEZE 0.000
2050 1 2.3026 FREEZE 0.000
2051 0 2.2487 WEAKEN 0.359
2052 0 1.5171 WEAKEN 0.760
2053 0 1.5948 WEAKEN 0.225
2054 0 2.1324 FREEZE 0.000
2055 0 1.4923 WEAKEN 0.960
2056 0 1.7781 WEAKEN 0.660
2057 0 1.2306 WEAKEN 0.794
2058 0 1.6202 WEAKEN 0.496
2059 0 1.7901 FREEZE 0.000
2060 0 2.2655 FREEZE 0.000
2061 0 2.1078 FREEZE 0.000
2062 1 2.3958 FREEZE 0.000
2063 0 2.2994 FREEZE 0.000
2064 0 1.4959 WEAKEN 0.588
2065 0 1.5921 WEAKEN 0.754
2066 0 2.0481 WEAKEN 0.494
2067 1 2.3539 FREEZE 0.000
2068 0 1.4299 WEAKEN 0.459
2069 1 2.2411 SILENCE 0.000
2070 0 1.5923 WEAKEN 0.275
2071 0 2.2007 WEAKEN 0.359
2072 0 2.5076 WEAKEN 0.144
2073 0 2.0988 WEAKEN 0.562
2074 0 1.3232 WEAKEN 0.765
2075 0 1.6645 FREEZE 0.000
2076 0 1.6478 WEAKEN 0.656
2077 0 1.4174 WEAKEN 0.281
2078 0 1.5111 WEAKEN 0.943
2079 0 1.6122 WEAKEN 0.260
2080 0 2.0511 FREEZE 0.000
2081 0 1.9851 WEAKEN 0.432
2082 0 1.4981 WEAKEN 0.425
2083 0 1.6888 WEAKEN 0.020
2084 0 1.5835 WEAKEN 0.740
2085 0 2.1575 WEAKEN 0.149
2086 0 1.7026 WEAKEN 0.407
2087 0 1.8631 WEAKEN 0.509
2088 0 1.8205 WEAKEN 0.247
2089 0 1.8086 FREEZE 0.000
2090 0 1.8365 WEAKEN 0.065
2091 0 1.8505 WEAKEN 0.127
2092 1 2.2172 SCAR 0.000
2093 0 1.7434 WEAKEN 0.592
2094 0 1.8498 WEAKEN 0.147
2095 0 1.6663 WEAKEN 0.374
2096 0 1.5318 WEAKEN 0.275
2097 0 1.5080 WEAKEN 0.549
2098 0 1.0585 WEAKEN 0.949
2099 0 1.6357 WEAKEN 0.276
2100 0 1.5857 WEAKEN 0.230
2101 0 1.8951 WEAKEN 0.228
2102 0 2.1092 FREEZE 0.000
2103 0 1.5819 WEAKEN 0.775
2104 0 1.4828 WEAKEN 0.547
2105 0 2.3914 WEAKEN 0.140
2106 0 1.7275 WEAKEN 0.982
2107 1 8.5894 FREEZE 0.000
2108 0 1.5427 WEAKEN 0.408
2109 0 1.3151 WEAKEN 0.640
2110 0 1.6025 WEAKEN 0.179
2111 0 1.4438 WEAKEN 0.039
2112 0 1.4897 WEAKEN 0.712
2113 0 1.6412 PASS 1.000
2114 1 2.1690 FREEZE 0.000
2115 0 2.0660 WEAKEN 0.043
2116 0 1.2662 WEAKEN 0.659
2117 0 1.5949 PASS 1.000
2118 0 1.7028 WEAKEN 0.263
2119 1 2.3760 FREEZE 0.000
2120 1 2.3221 SCAR 0.000
2121 0 2.1806 FREEZE 0.000
2122 0 1.6729 WEAKEN 0.442
2123 1 2.4814 FREEZE 0.000
2124 0 2.1359 FREEZE 0.000
2125 0 2.0675 WEAKEN 0.332
2126 0 1.6566 WEAKEN 0.984
2127 0 1.9249 WEAKEN 0.623
2128 0 1.0470 PASS 1.000
2129 0 1.9004 WEAKEN 0.208
2130 0 1.4512 WEAKEN 0.237
2131 0 1.4535 FREEZE 0.000
2132 0 1.7979 WEAKEN 0.554
2133 0 2.1805 WEAKEN 0.013
2134 0 1.6433 WEAKEN 0.793
2135 0 1.9385 WEAKEN 0.290
2136 0 2.6515 FREEZE 0.000
2137 0 1.9854 FREEZE 0.000
2138 0 1.9193 WEAKEN 0.100
2139 0 1.7215 WEAKEN 0.656
2140 0 1.9851 WEAKEN 0.926
2141 0 1.4465 WEAKEN 0.640
2142 0 1.0493 WEAKEN 0.554
2143 0 1.5465 FREEZE 0.000
2144 0 1.5454 WEAKEN 0.754
2145 0 1.9933 WEAKEN 0.480
2146 0 1.9476 SILENCE 0.000
2147 0 1.3563 WEAKEN 0.460
2148 0 1.3799 WEAKEN 0.853
2149 0 1.6449 WEAKEN 0.827
2150 0 1.8534 WEAKEN 0.655
2151 0 1.6848 WEAKEN 0.743
2152 0 1.8498 FREEZE 0.000
2153 0 2.1885 WEAKEN 0.244
2154 0 1.9457 WEAKEN 0.312
2155 0 1.6780 WEAKEN 0.528
2156 0 1.6257 WEAKEN 0.192
2157 0 1.4162 WEAKEN 0.767
2158 0 2.1388 FREEZE 0.000
2159 0 1.9253 FREEZE 0.000
2160 0 1.7837 WEAKEN 0.291
2161 0 2.3113 WEAKEN 0.405
2162 0 2.1412 FREEZE 0.000
2163 0 1.5535 WEAKEN 0.371
2164 0 1.4486 WEAKEN 0.831
2165 0 1.8550 FREEZE 0.000
2166 0 1.4372 WEAKEN 0.520
2167 0 1.9099 WEAKEN 0.165
2168 0 1.6484 WEAKEN 0.317
2169 0 1.6900 WEAKEN 0.009
2170 1 2.4635 FREEZE 0.000
2171 0 1.4659 WEAKEN 0.783
2172 0 1.7088 WEAKEN 0.264
2173 0 1.7251 FREEZE 0.000
2174 1 8.9416 FREEZE 0.000
2175 0 2.1891 WEAKEN 0.117
2176 0 1.7990 WEAKEN 0.785
2177 0 2.1089 WEAKEN 0.547
2178 0 1.4270 WEAKEN 0.752
2179 0 2.1481 WEAKEN 0.443
2180 0 1.3221 WEAKEN 0.439
2181 0 1.6215 WEAKEN 0.810
2182 0 2.2287 WEAKEN 0.156
2183 0 1.6551 WEAKEN 0.090
2184 0 1.2734 WEAKEN 0.558
2185 0 1.5332 WEAKEN 0.751
2186 0 1.5888 WEAKEN 0.175
2187 0 1.3541 PASS 1.000
2188 0 1.3809 WEAKEN 0.242
2189 0 1.4951 WEAKEN 0.912
2190 1 2.3469 FREEZE 0.000
2191 0 1.3831 WEAKEN 0.806
2192 0 2.2706 WEAKEN 0.058
2193 0 1.5774 WEAKEN 0.863
2194 0 1.7298 FREEZE 0.000
2195 1 7.5841 FREEZE 0.000
2196 0 1.6670 WEAKEN 0.346
2197 0 1.8052 WEAKEN 0.678
2198 0 1.9382 WEAKEN 0.102
2199 0 2.3044 WEAKEN 0.700
2200 0 1.9327 WEAKEN 0.354
2201 0 1.5311 WEAKEN 0.043
2202 0 1.4388 WEAKEN 0.896
2203 0 1.7511 WEAKEN 0.800
2204 0 1.7695 WEAKEN 0.390
2205 0 1.7045 WEAKEN 0.599
2206 0 1.7739 WEAKEN 0.247
2207 0 1.8767 FREEZE 0.000
2208 1 2.4564 SCAR 0.000
2209 0 2.1483 FREEZE 0.000
2210 0 2.0255 WEAKEN 0.056
2211 0 1.5828 WEAKEN 0.787
2212 0 1.7211 WEAKEN 0.374
2213 0 1.6415 WEAKEN 0.570
2214 0 1.3440 WEAKEN 0.765
2215 0 1.8297 WEAKEN 0.165
2216 0 1.7138 WEAKEN 0.352
2217 1 2.2488 SILENCE 0.000
2218 0 1.7192 PASS 1.000
2219 0 1.4755 WEAKEN 0.468
2220 0 1.2871 FREEZE 0.000
2221 1 2.3141 FREEZE 0.000
2222 0 1.4915 WEAKEN 0.449
2223 0 2.1581 WEAKEN 0.061
2224 0 1.5394 WEAKEN 0.374
2225 0 1.6168 WEAKEN 0.108
2226 0 1.7227 WEAKEN 0.931
2227 0 1.3905 PASS 1.000
2228 0 1.9246 WEAKEN 0.105
2229 0 1.8154 WEAKEN 0.289
2230 0 2.2446 WEAKEN 0.382
2231 0 2.0794 FREEZE 0.000
2232 0 1.5802 WEAKEN 0.805
2233 0 1.6397 WEAKEN 0.781
2234 0 2.0742 WEAKEN 0.788
2235 0 1.3561 WEAKEN 0.938
2236 1 2.3051 FREEZE 0.000
2237 0 1.5067 WEAKEN 0.575
2238 0 1.5797 WEAKEN 0.208
2239 0 0.9895 WEAKEN 0.954
2240 1 2.3587 SILENCE 0.000
2241 0 2.7716 WEAKEN 0.106
2242 0 2.0952 WEAKEN 0.711
2243 0 2.6270 WEAKEN 0.436
2244 0 1.9127 WEAKEN 0.294
2245 0 1.5004 WEAKEN 0.992
2246 0 1.7079 WEAKEN 0.224
2247 0 0.9525 WEAKEN 0.674
2248 0 1.7310 WEAKEN 0.266
2249 0 1.9780 FREEZE 0.000
2250 0 2.0262 WEAKEN 0.007
2251 0 1.7570 FREEZE 0.000
2252 0 2.0502 WEAKEN 0.038
2253 0 2.0459 WEAKEN 0.578
2254 1 2.2284 FREEZE 0.000
2255 0 1.3136 WEAKEN 0.692
2256 0 1.7482 WEAKEN 0.378
2257 0 1.6538 WEAKEN 0.524
2258 0 1.9083 FREEZE 0.000
2259 0 1.8617 WEAKEN 0.499
2260 0 1.9054 WEAKEN 0.647
2261 0 1.3432 WEAKEN 0.763
2262 0 1.6339 WEAKEN 0.648
2263 0 1.4837 WEAKEN 0.734
2264 0 2.3976 FREEZE 0.000
2265 0 1.5601 WEAKEN 0.904
2266 0 1.5623 WEAKEN 0.374
2267 0 1.6471 WEAKEN 0.370
2268 1 2.0783 FREEZE 0.000
2269 0 1.5986 WEAKEN 0.899
2270 0 1.5151 WEAKEN 0.884
2271 0 1.6058 WEAKEN 0.531
2272 1 2.4703 SCAR 0.000
2273 0 1.8206 WEAKEN 0.299
2274 0 2.2235 FREEZE 0.000
2275 0 1.9441 WEAKEN 0.278
2276 0 1.3849 WEAKEN 0.138
2277 0 1.4450 WEAKEN 0.913
2278 0 1.9382 WEAKEN 0.217
2279 0 1.6942 WEAKEN 0.537
2280 0 1.6438 WEAKEN 0.613
2281 0 1.6311 FREEZE 0.000
2282 0 1.7336 WEAKEN 0.155
2283 0 1.6490 WEAKEN 0.138
2284 1 2.8089 SILENCE 0.000
2285 0 1.7267 FREEZE 0.000
2286 1 2.3276 SCAR 0.000
2287 0 1.8449 WEAKEN 0.882
2288 0 1.6122 WEAKEN 0.463
2289 0 1.4716 WEAKEN 0.705
2290 0 2.4575 FREEZE 0.000
2291 0 1.6575 WEAKEN 0.147
2292 0 1.5131 PASS 1.000
2293 0 1.5169 WEAKEN 0.550
2294 0 2.0073 WEAKEN 0.393
2295 0 1.2524 WEAKEN 0.393
2296 0 1.5844 WEAKEN 0.897
2297 0 1.7950 WEAKEN 0.907
2298 0 1.5165 WEAKEN 0.022
2299 0 1.0533 WEAKEN 0.985
2300 0 1.5626 WEAKEN 0.328
2301 0 1.3336 WEAKEN 0.390
2302 0 1.5777 WEAKEN 0.410
2303 0 1.6442 WEAKEN 0.592
2304 0 2.1323 WEAKEN 0.103
2305 0 1.4430 WEAKEN 0.852
2306 0 2.0314 WEAKEN 0.358
2307 0 2.3843 FREEZE 0.000
2308 0 1.1912 WEAKEN 0.720
2309 0 1.6403 PASS 1.000
2310 0 1.5378 WEAKEN 0.027
2311 0 2.1379 WEAKEN 0.408
2312 0 2.2306 FREEZE 0.000
2313 0 1.9047 FREEZE 0.000
2314 0 1.3492 WEAKEN 0.677
2315 0 1.6796 WEAKEN 0.402
2316 0 2.2857 FREEZE 0.000
2317 0 1.7313 WEAKEN 0.300
2318 0 1.6100 WEAKEN 0.944
2319 0 1.7287 WEAKEN 0.449
2320 0 1.5925 WEAKEN 0.719
2321 0 1.6185 WEAKEN 0.664
2322 0 1.5841 WEAKEN 0.397
2323 0 0.9682 WEAKEN 0.290
2324 0 1.0116 WEAKEN 0.512
2325 0 1.7030 FREEZE 0.000
2326 0 1.9115 FREEZE 0.000
2327 0 1.7667 WEAKEN 0.221
2328 0 1.4483 WEAKEN 0.598
2329 0 1.2127 WEAKEN 0.856
2330 0 2.0234 FREEZE 0.000
2331 0 1.3644 WEAKEN 0.501
2332 1 2.2882 FREEZE 0.000
2333 0 1.6043 WEAKEN 0.740
2334 0 1.4051 WEAKEN 0.655
2335 0 2.1897 WEAKEN 0.375
2336 0 1.9997 WEAKEN 0.347
2337 0 1.6672 WEAKEN 0.143
2338 0 1.4247 FREEZE 0.000
2339 0 1.4892 WEAKEN 0.240
2340 0 1.3539 WEAKEN 0.486
2341 0 2.0963 WEAKEN 0.428
2342 0 1.5814 WEAKEN 0.245
2343 0 1.9652 WEAKEN 0.186
2344 0 1.6613 FREEZE 0.000
2345 0 2.0102 FREEZE 0.000
2346 0 1.5412 FREEZE 0.000
2347 0 1.4266 WEAKEN 0.803
2348 0 1.5573 WEAKEN 0.867
2349 0 2.0158 FREEZE 0.000
2350 0 1.4237 WEAKEN 0.647
2351 0 2.2096 FREEZE 0.000
2352 0 1.7937 WEAKEN 0.393
2353 0 1.5858 WEAKEN 0.072
2354 0 1.7821 FREEZE 0.000
2355 0 1.1795 FREEZE 0.000
2356 0 1.2811 WEAKEN 0.477
2357 0 1.3913 WEAKEN 0.965
2358 0 1.2896 WEAKEN 0.974
2359 0 1.7446 WEAKEN 0.730
2360 0 1.6058 WEAKEN 0.040
2361 0 1.4663 WEAKEN 0.743
2362 0 1.2798 WEAKEN 0.411
2363 0 1.3571 WEAKEN 0.893
2364 1 2.3773 SILENCE 0.000
2365 0 1.7238 FREEZE 0.000
2366 0 1.5846 PASS 1.000
2367 1 2.5065 FREEZE 0.000
2368 0 2.1117 FREEZE 0.000
2369 0 2.1462 WEAKEN 0.007
2370 0 1.8919 WEAKEN 0.512
2371 0 1.3177 WEAKEN 0.493
2372 1 2.4177 FREEZE 0.000
2373 0 1.8179 WEAKEN 0.599
2374 0 2.4102 FREEZE 0.000
2375 0 2.0951 FREEZE 0.000
2376 0 1.3756 WEAKEN 0.016
2377 0 1.8989 WEAKEN 0.297
2378 0 1.6557 WEAKEN 0.926
2379 0 2.5325 WEAKEN 0.223
2380 0 2.2100 SILENCE 0.000
2381 0 2.0504 WEAKEN 0.211
2382 0 1.7009 WEAKEN 0.605
2383 0 1.6845 WEAKEN 0.690
2384 0 1.6271 WEAKEN 0.767
2385 1 7.0979 SILENCE 0.000
2386 0 1.6674 PASS 1.000
2387 0 1.2858 WEAKEN 0.742
2388 1 2.3297 SCAR 0.000
2389 0 1.5325 PASS 1.000
2390 0 1.5781 WEAKEN 0.944
2391 0 2.0225 FREEZE 0.000
2392 0 1.8462 WEAKEN 0.075
2393 0 1.8806 WEAKEN 0.122
2394 0 1.8436 FREEZE 0.000
2395 0 1.3908 WEAKEN 0.381
2396 1 2.7317 SCAR 0.000
2397 0 1.2642 PASS 1.000
2398 0 1.8619 WEAKEN 0.939
2399 0 1.5884 WEAKEN 0.450
2400 0 1.3835 WEAKEN 0.067
2401 0 1.4654 WEAKEN 0.789
2402 0 1.4147 WEAKEN 0.334
2403 0 1.6387 WEAKEN 0.487
2404 0 1.8079 WEAKEN 0.434
2405 0 1.5679 WEAKEN 0.438
2406 0 1.2609 WEAKEN 0.367
2407 0 1.8924 WEAKEN 0.667
2408 0 1.6604 WEAKEN 0.367
2409 0 1.9009 WEAKEN 0.185
2410 0 2.0192 FREEZE 0.000
2411 0 1.5486 WEAKEN 0.781
2412 0 1.8840 WEAKEN 0.407
2413 0 1.3529 WEAKEN 0.580
2414 0 1.7199 WEAKEN 0.344
2415 0 1.9121 WEAKEN 0.799
2416 0 1.2637 WEAKEN 0.863
2417 0 1.5718 WEAKEN 0.533
2418 0 2.0091 FREEZE 0.000
2419 0 2.0794 WEAKEN 0.338
2420 0 1.5269 WEAKEN 0.636
2421 0 2.2637 FREEZE 0.000
2422 0 1.5225 WEAKEN 0.306
2423 0 1.1554 WEAKEN 0.344
2424 0 1.2201 WEAKEN 0.750
2425 0 1.2304 WEAKEN 0.573
2426 0 1.5646 PASS 1.000
2427 0 2.1760 FREEZE 0.000
2428 1 2.2216 FREEZE 0.000
2429 0 1.8879 FREEZE 0.000
2430 0 1.8310 WEAKEN 0.893
2431 1 6.7716 FREEZE 0.000
2432 0 1.6253 WEAKEN 0.771
2433 0 1.6013 WEAKEN 0.557
2434 0 1.5123 FREEZE 0.000
2435 0 1.7191 WEAKEN 0.122
2436 0 1.6655 WEAKEN 0.129
2437 0 2.0795 FREEZE 0.000
2438 0 2.1065 WEAKEN 0.853
2439 0 1.9738 FREEZE 0.000
2440 0 1.5016 WEAKEN 0.392
2441 0 1.6525 WEAKEN 0.369
2442 0 1.7275 FREEZE 0.000
2443 0 1.7907 WEAKEN 0.392
2444 0 1.5665 WEAKEN 0.244
2445 0 2.0052 PASS 1.000
2446 0 1.7890 PASS 1.000
2447 0 2.0231 FREEZE 0.000
2448 1 2.5005 SCAR 0.000
2449 0 2.0319 FREEZE 0.000
2450 1 2.6679 SCAR 0.000
2451 0 2.1099 WEAKEN 0.310
2452 0 2.1059 WEAKEN 0.321
2453 0 1.4318 WEAKEN 0.731
2454 0 1.4783 WEAKEN 0.912
2455 0 1.7312 WEAKEN 0.706
2456 0 1.3156 WEAKEN 0.786
2457 0 1.2962 WEAKEN 0.274
2458 0 2.4783 SCAR 0.000
2459 0 1.4240 WEAKEN 0.370
2460 0 1.3030 WEAKEN 0.493
2461 0 1.4913 WEAKEN 0.801
2462 0 1.4040 WEAKEN 0.546
2463 0 1.7156 WEAKEN 0.453
2464 0 1.4147 WEAKEN 0.168
2465 0 1.9353 WEAKEN 0.228
2466 0 1.4706 WEAKEN 0.964
2467 0 1.5073 WEAKEN 0.210
2468 0 1.7512 WEAKEN 0.228
2469 0 1.1624 WEAKEN 0.882
2470 0 1.5526 WEAKEN 0.569
2471 0 1.8925 FREEZE 0.000
2472 0 1.6326 WEAKEN 0.827
2473 0 1.7814 WEAKEN 0.365
2474 0 1.3714 PASS 1.000
2475 0 1.1108 WEAKEN 0.606
2476 0 1.6308 WEAKEN 0.774
2477 0 2.2163 WEAKEN 0.360
2478 0 1.7841 WEAKEN 0.557
2479 0 1.3039 WEAKEN 0.856
2480 0 1.7244 WEAKEN 0.060
2481 0 1.9247 WEAKEN 0.351
2482 0 1.5856 WEAKEN 0.513
2483 0 1.9603 FREEZE 0.000
2484 0 1.5340 WEAKEN 0.701
2485 1 2.3246 FREEZE 0.000
2486 0 2.0578 WEAKEN 0.735
2487 0 1.5303 WEAKEN 0.708
2488 0 1.9442 WEAKEN 0.730
2489 0 1.5316 WEAKEN 0.158
2490 1 2.3832 FREEZE 0.000
2491 0 1.4192 WEAKEN 0.525
2492 0 1.5806 WEAKEN 0.286
2493 0 1.6954 FREEZE 0.000
2494 0 2.0732 FREEZE 0.000
2495 0 1.2110 WEAKEN 0.801
2496 0 1.5315 WEAKEN 0.817
2497 0 2.0791 FREEZE 0.000
2498 0 1.7233 PASS 1.000
2499 0 1.5144 PASS 1.000
2500 0 1.5590 WEAKEN 0.245
2501 0 1.6236 PASS 1.000
2502 0 1.4149 WEAKEN 0.442
2503 0 1.7261 WEAKEN 0.107
2504 0 1.5376 WEAKEN 0.616
2505 0 1.3583 PASS 1.000
2506 0 1.8159 WEAKEN 0.782
2507 0 2.4907 FREEZE 0.000
2508 0 2.2362 FREEZE 0.000
2509 0 2.1637 FREEZE 0.000
2510 0 1.8597 FREEZE 0.000
2511 0 1.7933 WEAKEN 0.385
2512 0 1.8414 FREEZE 0.000
2513 0 1.7063 WEAKEN 0.570
2514 0 1.9081 WEAKEN 0.197
2515 0 1.8296 FREEZE 0.000
2516 0 1.9874 WEAKEN 0.855
2517 0 1.6716 WEAKEN 0.471
2518 0 1.6426 SCAR 0.000
2519 0 2.4058 FREEZE 0.000
2520 0 2.0826 FREEZE 0.000
2521 0 1.5416 WEAKEN 0.550
2522 0 1.5103 PASS 1.000
2523 0 1.5599 FREEZE 0.000
2524 0 1.4722 PASS 1.000
2525 0 1.9308 WEAKEN 0.078
2526 0 1.4618 PASS 1.000
2527 0 1.0439 PASS 1.000
2528 0 1.8017 WEAKEN 0.943
2529 1 2.3409 FREEZE 0.000
2530 0 1.7895 SCAR 0.000
2531 0 1.8343 WEAKEN 0.295
2532 0 1.9685 WEAKEN 0.285
2533 0 1.6537 WEAKEN 0.373
2534 0 1.8611 WEAKEN 0.041
2535 0 1.8170 WEAKEN 0.699
2536 0 1.7143 WEAKEN 0.551
2537 0 1.6538 WEAKEN 0.558
2538 0 1.6200 PASS 1.000
2539 0 2.0063 WEAKEN 0.457
2540 0 1.3046 WEAKEN 0.531
2541 0 1.6082 FREEZE 0.000
2542 0 1.6432 WEAKEN 0.513
2543 0 1.7348 WEAKEN 0.143
2544 0 1.9688 FREEZE 0.000
2545 0 1.6956 WEAKEN 0.020
2546 0 1.6126 FREEZE 0.000
2547 0 1.4693 WEAKEN 0.810
2548 0 1.8424 FREEZE 0.000
2549 0 1.7906 WEAKEN 0.056
2550 0 2.1088 WEAKEN 0.255
2551 0 2.1680 FREEZE 0.000
2552 0 1.5688 WEAKEN 0.376
2553 0 1.6348 WEAKEN 0.519
2554 0 2.2411 FREEZE 0.000
2555 1 2.5806 FREEZE 0.000
2556 0 1.5875 PASS 1.000
2557 0 1.1975 WEAKEN 0.473
2558 0 1.7515 WEAKEN 0.917
2559 0 2.4876 FREEZE 0.000
2560 0 2.2058 FREEZE 0.000
2561 0 1.7652 WEAKEN 0.345
2562 0 1.6596 WEAKEN 0.420
2563 0 2.3812 WEAKEN 0.219
2564 0 1.2454 WEAKEN 0.827
2565 0 1.7379 WEAKEN 0.324
2566 0 1.5728 FREEZE 0.000
2567 0 1.6395 WEAKEN 0.706
2568 0 2.1133 FREEZE 0.000
2569 0 1.5796 WEAKEN 0.679
2570 0 1.9059 WEAKEN 0.532
2571 0 1.5439 FREEZE 0.000
2572 0 1.3553 WEAKEN 0.415
2573 0 2.5970 FREEZE 0.000
2574 1 2.4065 SILENCE 0.000
2575 1 2.5436 SCAR 0.000
2576 0 1.3430 WEAKEN 0.308
2577 0 1.7126 WEAKEN 0.702
2578 0 1.7072 WEAKEN 0.361
2579 0 2.0256 WEAKEN 0.397
2580 0 1.4841 WEAKEN 0.084
2581 0 1.5124 WEAKEN 0.216
2582 0 1.9179 WEAKEN 0.295
2583 0 1.3729 WEAKEN 0.287
2584 0 2.0333 SCAR 0.000
2585 0 1.5048 WEAKEN 0.238
2586 1 2.2170 FREEZE 0.000
2587 0 1.8967 FREEZE 0.000
2588 0 2.0368 WEAKEN 0.033
2589 1 2.4168 FREEZE 0.000
2590 0 1.8761 FREEZE 0.000
2591 0 1.7158 WEAKEN 0.911
2592 0 1.9578 FREEZE 0.000
2593 0 1.3985 PASS 1.000
2594 0 1.8621 FREEZE 0.000
2595 0 1.8787 FREEZE 0.000
2596 0 1.8334 WEAKEN 0.305
2597 0 1.6968 WEAKEN 0.275
2598 0 1.5731 WEAKEN 0.210
2599 0 1.6402 WEAKEN 0.339
2600 0 1.5410 WEAKEN 0.646
2601 0 1.6503 WEAKEN 0.597
2602 0 2.2469 FREEZE 0.000
2603 0 1.3469 WEAKEN 0.509
2604 0 2.4350 FREEZE 0.000
2605 0 1.6411 WEAKEN 0.746
2606 0 1.7738 FREEZE 0.000
2607 0 1.5938 WEAKEN 0.490
2608 0 1.9405 WEAKEN 0.058
2609 0 1.6650 WEAKEN 0.632
2610 1 2.4142 FREEZE 0.000
2611 0 1.9335 WEAKEN 0.332
2612 0 2.0712 FREEZE 0.000
2613 0 1.4539 WEAKEN 0.262
2614 0 1.8614 WEAKEN 0.088
2615 0 2.0079 WEAKEN 0.004
2616 0 1.7400 FREEZE 0.000
2617 0 1.8297 WEAKEN 0.984
2618 0 1.2845 PASS 1.000
2619 0 1.8937 FREEZE 0.000
2620 0 1.0498 WEAKEN 0.823
2621 0 1.2650 WEAKEN 0.584
2622 0 1.7374 WEAKEN 0.794
2623 0 1.4276 WEAKEN 0.520
2624 0 2.5237 FREEZE 0.000
2625 0 1.6220 PASS 1.000
2626 0 1.8801 WEAKEN 0.230
2627 0 1.8597 WEAKEN 0.417
2628 0 1.3687 PASS 1.000
2629 0 1.8297 WEAKEN 0.363
2630 0 1.1677 WEAKEN 0.504
2631 0 1.7943 WEAKEN 0.782
2632 0 1.4036 WEAKEN 0.526
2633 0 1.4290 WEAKEN 0.787
2634 0 1.4343 WEAKEN 0.730
2635 0 2.0137 WEAKEN 0.712
2636 0 1.7857 WEAKEN 0.920
2637 1 2.6570 FREEZE 0.000
2638 0 1.7991 WEAKEN 0.045
2639 1 7.3540 FREEZE 0.000
2640 0 2.1626 WEAKEN 0.150
2641 0 1.7653 WEAKEN 0.782
2642 0 1.2009 WEAKEN 0.748
2643 0 1.5481 WEAKEN 0.978
2644 0 2.4125 WEAKEN 0.021
2645 0 1.4003 PASS 1.000
2646 0 1.5758 WEAKEN 0.649
2647 1 2.2746 FREEZE 0.000
2648 0 1.5231 WEAKEN 0.301
2649 0 1.7418 WEAKEN 0.072
2650 0 1.3433 FREEZE 0.000
2651 0 2.5333 FREEZE 0.000
2652 0 1.9914 WEAKEN 0.338
2653 0 1.2689 WEAKEN 0.679
2654 1 2.2326 SCAR 0.000
2655 0 1.8512 WEAKEN 0.821
2656 0 1.4475 PASS 1.000
2657 0 1.5362 WEAKEN 0.990
2658 0 1.6763 PASS 1.000
2659 1 9.1292 FREEZE 0.000
2660 0 1.6165 WEAKEN 0.066
2661 1 2.4521 SCAR 0.000
2662 0 1.6384 WEAKEN 0.624
2663 0 1.5980 WEAKEN 0.477
2664 0 1.6945 WEAKEN 0.663
2665 0 1.4066 WEAKEN 0.772
2666 0 1.8975 WEAKEN 0.015
2667 1 2.3543 FREEZE 0.000
2668 1 2.4584 DARK 0.000
2669 0 1.8535 WEAKEN 0.347
2670 0 2.2992 FREEZE 0.000
2671 0 1.4093 WEAKEN 0.524
2672 0 2.4918 FREEZE 0.000
2673 0 1.9590 FREEZE 0.000
2674 0 1.9357 WEAKEN 0.055
2675 0 1.2958 WEAKEN 0.696
2676 0 1.2060 WEAKEN 0.127
2677 0 1.9094 WEAKEN 0.611
2678 0 1.6842 WEAKEN 0.133
2679 0 2.2538 FREEZE 0.000
2680 0 1.5110 WEAKEN 0.402
2681 0 1.4066 WEAKEN 0.537
2682 0 1.5843 WEAKEN 0.769
2683 0 1.7551 WEAKEN 0.567
2684 0 1.5559 WEAKEN 0.683
2685 0 1.6667 FREEZE 0.000
2686 0 1.8148 FREEZE 0.000
2687 0 1.4820 WEAKEN 0.979
2688 0 1.7507 WEAKEN 0.816
2689 0 1.3693 WEAKEN 0.623
2690 0 1.7228 WEAKEN 0.880
2691 0 1.6900 WEAKEN 0.816
2692 0 2.1253 WEAKEN 0.167
2693 0 1.9166 WEAKEN 0.203
2694 0 1.5534 WEAKEN 0.585
2695 0 1.6235 WEAKEN 0.170
2696 0 1.6246 WEAKEN 0.097
2697 0 1.8532 WEAKEN 0.291
2698 0 1.3811 WEAKEN 0.526
2699 0 1.3592 WEAKEN 0.494
2700 0 1.4602 PASS 1.000
2701 0 2.2194 FREEZE 0.000
2702 0 1.8913 FREEZE 0.000
2703 0 1.4659 WEAKEN 0.112
2704 0 2.0893 WEAKEN 0.257
2705 0 1.3213 WEAKEN 0.729
2706 0 1.8018 FREEZE 0.000
2707 1 2.3465 FREEZE 0.000
2708 0 1.7579 WEAKEN 0.601
2709 0 1.4187 WEAKEN 0.557
2710 1 2.6042 SCAR 0.000
2711 1 2.3504 FREEZE 0.000
2712 0 1.3213 WEAKEN 0.147
2713 0 1.7769 WEAKEN 0.007
2714 1 2.3009 FREEZE 0.000
2715 0 2.0007 WEAKEN 0.038
2716 0 1.6488 WEAKEN 0.452
2717 0 1.8606 WEAKEN 0.295
2718 0 1.1099 WEAKEN 0.989
2719 0 2.1432 WEAKEN 0.753
2720 0 1.6659 WEAKEN 0.464
2721 0 1.6359 WEAKEN 0.800
2722 1 2.3228 FREEZE 0.000
2723 0 1.6306 WEAKEN 0.491
2724 0 1.9076 PASS 1.000
2725 0 1.7216 WEAKEN 0.807
2726 0 2.1288 FREEZE 0.000
2727 0 1.4978 WEAKEN 0.399
2728 0 1.1562 WEAKEN 0.273
2729 1 2.2968 SCAR 0.000
2730 0 1.4125 WEAKEN 0.368
2731 0 1.8438 WEAKEN 0.038
2732 0 1.6429 WEAKEN 0.494
2733 0 1.2936 WEAKEN 0.733
2734 0 1.8772 WEAKEN 0.144
2735 0 1.3803 PASS 1.000
2736 0 1.7628 WEAKEN 0.408
2737 0 1.6823 WEAKEN 0.891
2738 1 2.2963 FREEZE 0.000
2739 0 1.9397 WEAKEN 0.873
2740 0 1.8408 FREEZE 0.000
2741 0 1.9483 WEAKEN 0.317
2742 0 1.6961 FREEZE 0.000
2743 0 1.5855 WEAKEN 0.871
2744 0 1.7167 WEAKEN 0.578
2745 0 1.4743 WEAKEN 0.516
2746 0 1.7268 WEAKEN 0.571
2747 0 1.4239 WEAKEN 0.875
2748 0 2.0224 WEAKEN 0.205
2749 0 1.7667 WEAKEN 0.283
2750 0 2.0759 FREEZE 0.000
2751 0 1.6736 WEAKEN 0.423
2752 0 1.8213 WEAKEN 0.539
2753 0 1.8183 WEAKEN 0.682
2754 0 2.1589 WEAKEN 0.125
2755 1 2.3372 FREEZE 0.000
2756 0 1.4845 WEAKEN 0.536
2757 0 1.3201 WEAKEN 0.506
2758 0 1.2215 WEAKEN 0.577
2759 0 1.0941 WEAKEN 0.524
2760 0 1.8083 WEAKEN 0.874
2761 0 2.0834 FREEZE 0.000
2762 0 1.4909 PASS 1.000
2763 1 2.5048 SCAR 0.000
2764 1 2.3302 SILENCE 0.000
2765 1 7.2483 SILENCE 0.000
2766 0 1.9655 WEAKEN 0.416
2767 0 1.6126 FREEZE 0.000
2768 0 1.6217 FREEZE 0.000
2769 0 1.4854 WEAKEN 0.310
2770 0 1.2531 WEAKEN 0.796
2771 0 2.0873 FREEZE 0.000
2772 0 2.4560 FREEZE 0.000
2773 0 1.5011 WEAKEN 0.750
2774 0 2.4739 WEAKEN 0.139
2775 0 1.5118 WEAKEN 0.957
2776 0 1.7107 WEAKEN 0.365
2777 0 1.9569 FREEZE 0.000
2778 1 2.5558 FREEZE 0.000
2779 0 2.0914 WEAKEN 0.127
2780 0 1.5409 WEAKEN 0.201
2781 0 1.3798 WEAKEN 0.641
2782 0 1.5676 WEAKEN 0.736
2783 0 1.8034 FREEZE 0.000
2784 0 1.4431 WEAKEN 0.812
2785 0 1.5097 WEAKEN 0.748
2786 1 2.3090 FREEZE 0.000
2787 0 1.5664 WEAKEN 0.400
2788 0 1.4874 WEAKEN 0.516
2789 0 1.6708 WEAKEN 0.013
2790 0 1.7058 FREEZE 0.000
2791 0 1.3938 WEAKEN 0.709
2792 0 1.4937 WEAKEN 0.310
2793 0 1.5335 WEAKEN 0.688
2794 0 1.7517 WEAKEN 0.037
2795 0 1.8941 WEAKEN 0.173
2796 1 2.3016 SCAR 0.000
2797 0 1.5107 WEAKEN 0.656
2798 0 1.8935 WEAKEN 0.366
2799 0 2.0960 FREEZE 0.000
2800 0 1.8453 WEAKEN 0.890
2801 0 1.9590 WEAKEN 0.031
2802 0 1.9191 WEAKEN 0.167
2803 0 1.2626 WEAKEN 0.939
2804 0 2.2049 WEAKEN 0.170
2805 0 1.4240 WEAKEN 0.680
2806 0 1.4010 PASS 1.000
2807 0 1.4661 PASS 1.000
2808 0 1.2899 FREEZE 0.000
2809 0 2.4241 FREEZE 0.000
2810 0 1.5294 FREEZE 0.000
2811 0 1.1072 WEAKEN 0.755
2812 0 1.8656 WEAKEN 0.593
2813 0 1.9317 WEAKEN 0.115
2814 0 2.1258 WEAKEN 0.130
2815 1 2.2145 SILENCE 0.000
2816 0 1.4453 WEAKEN 0.660
2817 0 1.5044 FREEZE 0.000
2818 0 1.4375 WEAKEN 0.391
2819 0 1.3851 WEAKEN 0.961
2820 0 2.4196 FREEZE 0.000
2821 0 1.4570 WEAKEN 0.651
2822 0 2.1075 FREEZE 0.000
2823 0 1.3846 WEAKEN 0.900
2824 0 1.9045 WEAKEN 0.180
2825 1 8.4490 FREEZE 0.000
2826 0 1.4911 WEAKEN 0.500
2827 0 2.1807 WEAKEN 0.259
2828 0 2.5922 FREEZE 0.000
2829 0 1.8468 WEAKEN 0.223
2830 0 2.0091 FREEZE 0.000
2831 0 1.5222 WEAKEN 0.270
2832 0 1.9571 WEAKEN 0.647
2833 0 1.7002 WEAKEN 0.231
2834 0 1.3485 WEAKEN 0.519
2835 0 1.5907 WEAKEN 0.691
2836 0 1.4658 WEAKEN 0.425
2837 0 1.5589 WEAKEN 0.266
2838 0 2.3916 FREEZE 0.000
2839 0 2.0515 FREEZE 0.000
2840 0 2.5763 FREEZE 0.000
2841 0 1.4406 WEAKEN 0.739
2842 0 1.6957 WEAKEN 0.419
2843 0 1.2867 WEAKEN 0.809
2844 0 1.7833 WEAKEN 0.147
2845 0 1.6843 WEAKEN 0.862
2846 0 1.3593 WEAKEN 0.437
2847 0 1.9985 WEAKEN 0.148
2848 0 2.6209 FREEZE 0.000
2849 0 1.7414 WEAKEN 0.325
2850 0 1.3966 PASS 1.000
2851 0 1.4852 WEAKEN 0.918
2852 1 2.5866 FREEZE 0.000
2853 0 1.0729 WEAKEN 0.812
2854 0 1.2246 WEAKEN 0.675
2855 1 7.5844 FREEZE 0.000
2856 0 1.1259 PASS 1.000
2857 0 1.6523 WEAKEN 0.394
2858 1 2.2226 FREEZE 0.000
2859 1 8.8225 FREEZE 0.000
2860 0 1.7275 WEAKEN 0.165
2861 0 1.9096 WEAKEN 0.256
2862 0 1.3140 WEAKEN 0.757
2863 0 1.7159 WEAKEN 0.569
2864 0 1.2938 WEAKEN 0.444
2865 0 1.5730 WEAKEN 0.884
2866 1 8.2241 FREEZE 0.000
2867 0 1.6806 WEAKEN 0.528
2868 0 1.9556 WEAKEN 0.208
2869 0 1.6125 WEAKEN 0.669
2870 0 1.6058 WEAKEN 0.284
2871 0 2.4164 WEAKEN 0.108
2872 0 1.8784 WEAKEN 0.335
2873 0 1.6284 WEAKEN 0.461
2874 0 1.4560 WEAKEN 0.584
2875 0 1.4083 WEAKEN 0.610
2876 0 1.7322 WEAKEN 0.280
2877 0 1.2441 PASS 1.000
2878 0 2.1870 FREEZE 0.000
2879 0 2.1771 FREEZE 0.000
2880 0 1.5718 WEAKEN 0.777
2881 0 1.7935 WEAKEN 0.426
2882 0 1.6519 WEAKEN 0.189
2883 0 1.7186 WEAKEN 0.122
2884 0 1.6621 WEAKEN 0.682
2885 0 1.5952 WEAKEN 0.582
2886 0 1.5601 WEAKEN 0.301
2887 0 1.7044 WEAKEN 0.424
2888 0 1.4690 PASS 1.000
2889 0 1.6843 WEAKEN 0.683
2890 1 2.3971 FREEZE 0.000
2891 0 1.8865 FREEZE 0.000
2892 0 1.6353 WEAKEN 0.847
2893 0 1.6657 WEAKEN 0.655
2894 0 1.8207 WEAKEN 0.304
2895 0 1.4333 WEAKEN 0.735
2896 1 8.1958 FREEZE 0.000
2897 0 1.5941 WEAKEN 0.757
2898 0 1.6233 WEAKEN 0.419
2899 0 1.4609 WEAKEN 0.930
2900 0 1.6618 WEAKEN 0.767
2901 0 1.4054 WEAKEN 0.767
2902 1 2.2123 SCAR 0.000
2903 0 2.1099 WEAKEN 0.538
2904 0 1.3738 WEAKEN 0.524
2905 0 1.8969 FREEZE 0.000
2906 1 2.5330 SCAR 0.000
2907 0 1.7474 WEAKEN 0.454
2908 1 2.8216 FREEZE 0.000
2909 0 1.8576 WEAKEN 0.069
2910 0 1.5789 WEAKEN 0.320
2911 1 7.6413 FREEZE 0.000
2912 0 2.1923 FREEZE 0.000
2913 0 1.5091 WEAKEN 0.676
2914 0 1.6496 WEAKEN 0.876
2915 0 2.1717 WEAKEN 0.266
2916 0 1.9282 FREEZE 0.000
2917 0 2.1745 FREEZE 0.000
2918 0 1.8447 FREEZE 0.000
2919 0 1.1356 WEAKEN 0.545
2920 0 1.3042 FREEZE 0.000
2921 0 1.9285 WEAKEN 0.508
2922 0 1.3686 WEAKEN 0.908
2923 0 1.4329 WEAKEN 0.788
2924 0 1.9003 WEAKEN 0.242
2925 0 1.2935 PASS 1.000
2926 0 1.2932 PASS 1.000
2927 0 2.1955 FREEZE 0.000
2928 0 1.4742 WEAKEN 0.224
2929 0 1.7793 WEAKEN 0.211
2930 1 2.3988 FREEZE 0.000
2931 0 1.3771 WEAKEN 0.637
2932 0 1.2916 WEAKEN 0.805
2933 0 1.3545 WEAKEN 0.922
2934 0 1.3020 WEAKEN 0.674
2935 1 2.3129 SILENCE 0.000
2936 0 1.4733 FREEZE 0.000
2937 0 2.0347 FREEZE 0.000
2938 1 8.6710 FREEZE 0.000
2939 1 2.4891 SCAR 0.000
2940 0 1.8919 WEAKEN 0.281
2941 0 1.2928 PASS 1.000
2942 0 1.5273 WEAKEN 0.515
2943 0 1.5545 WEAKEN 0.404
2944 0 1.4416 PASS 1.000
2945 0 1.9236 WEAKEN 0.319
2946 0 1.5998 WEAKEN 0.209
2947 0 1.8752 WEAKEN 0.661
2948 1 2.0317 FREEZE 0.000
2949 0 1.3440 WEAKEN 0.056
2950 0 1.8137 WEAKEN 0.627
2951 0 1.6837 FREEZE 0.000
2952 0 1.4052 WEAKEN 0.603
2953 0 1.8750 WEAKEN 0.230
2954 0 1.0777 WEAKEN 0.814
2955 0 1.7842 FREEZE 0.000
2956 0 1.2464 WEAKEN 0.711
2957 0 1.8439 FREEZE 0.000
2958 0 1.2465 WEAKEN 0.091
2959 0 1.3900 WEAKEN 0.677
2960 1 8.6684 FREEZE 0.000
2961 0 1.5436 WEAKEN 0.430
2962 0 1.6086 WEAKEN 0.407
2963 0 2.1000 FREEZE 0.000
2964 0 1.8202 WEAKEN 0.266
2965 0 2.5427 FREEZE 0.000
2966 0 1.2265 WEAKEN 0.381
2967 0 2.1787 WEAKEN 0.075
2968 0 1.7191 WEAKEN 0.541
2969 0 1.6084 WEAKEN 0.692
2970 0 1.7972 WEAKEN 0.087
2971 0 2.2305 FREEZE 0.000
2972 0 1.6653 WEAKEN 0.336
2973 0 1.5702 WEAKEN 0.162
2974 0 1.3459 WEAKEN 0.900
2975 0 2.1164 FREEZE 0.000
2976 0 1.5486 WEAKEN 0.612
2977 0 1.6090 WEAKEN 0.527
2978 0 0.9542 WEAKEN 0.536
2979 0 1.3749 FREEZE 0.000
2980 0 1.6322 WEAKEN 0.307
2981 0 1.5078 WEAKEN 0.625
2982 0 1.7751 FREEZE 0.000
2983 0 1.6390 WEAKEN 0.345
2984 0 1.5728 WEAKEN 0.996
2985 0 1.7900 FREEZE 0.000
2986 0 2.1592 WEAKEN 0.147
2987 0 1.5829 WEAKEN 0.065
2988 0 1.4370 WEAKEN 0.381
2989 0 1.7358 WEAKEN 0.451
2990 0 1.8649 FREEZE 0.000
2991 0 1.8365 WEAKEN 0.383
2992 0 1.4143 WEAKEN 0.730
2993 0 1.7234 WEAKEN 0.569
2994 1 2.5436 SCAR 0.000
2995 1 2.3752 FREEZE 0.000
2996 0 1.6248 WEAKEN 0.412
2997 0 1.9835 FREEZE 0.000
2998 0 1.6067 FREEZE 0.000
2999 0 1.9290 FREEZE 0.000
3000 0 1.6479 WEAKEN 0.680
3001 0 1.4823 WEAKEN 0.726
3002 0 1.8709 WEAKEN 0.432
3003 0 1.6187 WEAKEN 0.930
3004 0 1.8676 FREEZE 0.000
3005 0 1.6868 PASS 1.000
3006 0 1.4608 WEAKEN 0.322
3007 0 1.9052 WEAKEN 0.910
3008 1 2.3694 FREEZE 0.000
3009 0 1.6350 WEAKEN 0.426
3010 1 2.5535 FREEZE 0.000
3011 0 1.9663 WEAKEN 0.029
3012 0 1.4455 PASS 1.000
3013 1 2.3455 SCAR 0.000
3014 0 1.9754 WEAKEN 0.438
3015 0 1.9111 WEAKEN 0.036
3016 0 1.4710 WEAKEN 0.882
3017 0 1.2596 WEAKEN 0.574
3018 0 1.2717 WEAKEN 0.549
3019 1 7.9489 FREEZE 0.000
3020 0 1.3762 WEAKEN 0.809
3021 0 1.1529 PASS 1.000
3022 0 1.6538 WEAKEN 0.603
3023 0 0.8497 WEAKEN 0.620
3024 0 1.7657 WEAKEN 0.647
3025 0 1.6924 WEAKEN 0.657
3026 0 1.7130 FREEZE 0.000
3027 0 1.2657 WEAKEN 0.529
3028 0 1.6124 WEAKEN 0.043
3029 0 2.1581 FREEZE 0.000
3030 0 1.8638 WEAKEN 0.760
3031 0 1.6410 WEAKEN 0.729
3032 0 1.2505 WEAKEN 0.316
3033 0 1.7956 WEAKEN 0.489
3034 1 2.1782 FREEZE 0.000
3035 1 2.8329 FREEZE 0.000
3036 0 1.4034 WEAKEN 0.617
3037 0 1.3809 WEAKEN 0.119
3038 0 1.8989 WEAKEN 0.581
3039 0 1.8351 WEAKEN 0.096
3040 0 1.0993 WEAKEN 0.944
3041 0 1.5366 WEAKEN 0.768
3042 1 2.3589 SILENCE 0.000
3043 0 1.9253 WEAKEN 0.674
3044 0 1.5028 WEAKEN 0.188
3045 0 1.9684 FREEZE 0.000
3046 0 1.4477 WEAKEN 0.857
3047 0 1.2472 WEAKEN 0.925
3048 0 1.3907 WEAKEN 0.618
3049 1 2.3617 SCAR 0.000
3050 0 1.5474 WEAKEN 0.164
3051 0 2.0900 SILENCE 0.000
3052 0 1.7450 PASS 1.000
3053 0 1.9330 WEAKEN 0.529
3054 0 2.3032 WEAKEN 0.335
3055 0 1.8187 WEAKEN 0.261
3056 0 1.8797 WEAKEN 0.148
3057 0 1.5961 WEAKEN 0.363
3058 0 1.2951 WEAKEN 0.849
3059 0 1.5204 WEAKEN 0.784
3060 0 1.5174 WEAKEN 0.855
3061 0 1.6099 WEAKEN 0.800
3062 0 1.2534 WEAKEN 0.763
3063 0 1.6173 WEAKEN 0.921
3064 0 1.3417 PASS 1.000
3065 0 0.9981 WEAKEN 0.766
3066 0 1.7449 FREEZE 0.000
3067 0 1.4449 WEAKEN 0.685
3068 0 1.7236 WEAKEN 0.666
3069 1 2.3805 SCAR 0.000
3070 0 1.4556 WEAKEN 0.111
3071 0 1.6112 WEAKEN 0.281
3072 0 1.8261 WEAKEN 0.300
3073 0 1.6575 WEAKEN 0.722
3074 0 1.3564 WEAKEN 0.807
3075 0 2.1213 WEAKEN 0.173
3076 0 1.4377 WEAKEN 0.954
3077 1 3.4135 FREEZE 0.000
3078 0 1.6340 WEAKEN 0.435
3079 1 2.3165 SCAR 0.000
3080 0 2.0985 FREEZE 0.000
3081 0 2.2947 WEAKEN 0.273
3082 0 2.0406 FREEZE 0.000
3083 0 1.7765 WEAKEN 0.665
3084 1 8.6721 FREEZE 0.000
3085 0 1.6871 WEAKEN 0.382
3086 1 2.4008 SCAR 0.000
3087 0 1.2994 WEAKEN 0.603
3088 0 1.8262 WEAKEN 0.571
3089 1 2.2869 FREEZE 0.000
3090 1 7.8277 FREEZE 0.000
3091 0 1.6307 WEAKEN 0.492
3092 0 1.7300 WEAKEN 0.212
3093 0 1.6669 FREEZE 0.000
3094 0 1.4973 WEAKEN 0.154
3095 0 1.9136 FREEZE 0.000
3096 0 1.8107 FREEZE 0.000
3097 0 1.8444 FREEZE 0.000
3098 0 1.5966 WEAKEN 0.217
3099 0 1.8382 WEAKEN 0.213
3100 1 2.4657 SCAR 0.000
3101 0 1.4742 WEAKEN 0.075
3102 0 1.6360 WEAKEN 0.775
3103 0 1.3273 WEAKEN 0.575
3104 0 1.9699 WEAKEN 0.585
3105 0 1.5027 WEAKEN 0.771
3106 1 2.1375 SILENCE 0.000
3107 0 1.1617 WEAKEN 0.827
3108 0 1.4706 WEAKEN 0.447
3109 0 1.2333 PASS 1.000
3110 0 2.0556 FREEZE 0.000
3111 0 1.6347 WEAKEN 0.982
3112 0 1.1620 WEAKEN 0.599
3113 0 1.4691 WEAKEN 0.250
3114 0 1.7314 WEAKEN 0.760
3115 0 2.1016 WEAKEN 0.191
3116 0 1.6641 WEAKEN 0.308
3117 0 1.8495 WEAKEN 0.729
3118 0 1.7367 WEAKEN 0.497
3119 0 1.3743 WEAKEN 0.846
3120 0 1.3584 WEAKEN 0.489
3121 0 1.6713 FREEZE 0.000
3122 0 1.8577 WEAKEN 0.317
3123 0 1.8083 FREEZE 0.000
3124 0 1.6486 WEAKEN 0.701
3125 1 2.2314 SILENCE 0.000
3126 1 2.2980 FREEZE 0.000
3127 0 1.8279 WEAKEN 0.438
3128 0 1.3648 PASS 1.000
3129 0 1.2612 WEAKEN 0.839
3130 0 1.3920 WEAKEN 0.069
3131 0 1.6092 FREEZE 0.000
3132 0 1.3060 WEAKEN 0.827
3133 0 1.9751 FREEZE 0.000
3134 0 1.8955 FREEZE 0.000
3135 0 1.5411 WEAKEN 0.320
3136 0 1.3219 WEAKEN 0.879
3137 0 1.6396 WEAKEN 0.910
3138 0 1.3939 WEAKEN 0.616
3139 0 1.3433 WEAKEN 0.873
3140 0 1.8686 WEAKEN 0.350
3141 0 1.5482 WEAKEN 0.561
3142 0 1.4099 PASS 1.000
3143 0 2.5104 WEAKEN 0.085
3144 0 2.0487 WEAKEN 0.612
3145 0 2.0500 WEAKEN 0.359
3146 0 1.2361 WEAKEN 0.837
3147 0 1.6397 WEAKEN 0.454
3148 1 2.3269 SCAR 0.000
3149 0 1.6747 WEAKEN 0.489
3150 0 1.8347 FREEZE 0.000
3151 0 1.2034 PASS 1.000
3152 0 1.2155 WEAKEN 0.109
3153 0 1.6311 WEAKEN 0.274
3154 0 1.3636 WEAKEN 0.562
3155 0 1.8951 WEAKEN 0.304
3156 0 1.5105 WEAKEN 0.548
3157 0 1.2936 WEAKEN 0.904
3158 0 1.5947 WEAKEN 0.469
3159 0 1.4874 WEAKEN 0.053
3160 0 1.8281 FREEZE 0.000
3161 0 1.9956 FREEZE 0.000
3162 0 1.5161 WEAKEN 0.834
3163 1 2.2771 FREEZE 0.000
3164 0 1.4680 WEAKEN 0.150
3165 0 1.7892 PASS 1.000
3166 0 1.7313 WEAKEN 0.455
3167 0 1.5651 WEAKEN 0.650
3168 0 1.8208 WEAKEN 0.665
3169 0 1.1524 WEAKEN 0.196
3170 0 1.4501 WEAKEN 0.462
3171 0 2.0186 WEAKEN 0.009
3172 0 1.5696 WEAKEN 0.160
3173 0 2.3306 WEAKEN 0.061
3174 0 1.8435 WEAKEN 0.147
3175 0 1.4261 WEAKEN 0.326
3176 0 2.0417 FREEZE 0.000
3177 0 2.0878 WEAKEN 0.117
3178 0 1.4045 WEAKEN 0.148
3179 1 2.2856 FREEZE 0.000
3180 0 1.4400 WEAKEN 0.291
3181 0 1.3194 FREEZE 0.000
3182 1 2.2971 SILENCE 0.000
3183 0 1.4651 WEAKEN 0.567
3184 0 2.0785 WEAKEN 0.304
3185 0 1.4581 WEAKEN 0.816
3186 0 1.2450 WEAKEN 0.692
3187 0 1.6396 WEAKEN 0.938
3188 0 1.3936 WEAKEN 0.477
3189 1 8.3491 FREEZE 0.000
3190 0 1.6273 WEAKEN 0.461
3191 0 1.2944 WEAKEN 0.723
3192 0 1.4797 WEAKEN 0.622
3193 0 1.5981 WEAKEN 0.605
3194 0 1.2638 WEAKEN 0.364
3195 0 1.3840 PASS 1.000
3196 0 1.3527 PASS 1.000
3197 0 1.6710 WEAKEN 0.170
3198 0 1.1690 WEAKEN 0.780
3199 0 1.4512 WEAKEN 0.623
3200 0 1.2326 WEAKEN 0.036
3201 0 1.1410 WEAKEN 0.366
3202 1 2.4483 SCAR 0.000
3203 1 2.4609 FREEZE 0.000
3204 1 2.4952 SCAR 0.000
3205 0 1.8996 WEAKEN 0.643
3206 1 2.2860 SILENCE 0.000
3207 0 1.5759 WEAKEN 0.410
3208 0 1.8357 WEAKEN 0.373
3209 0 1.5169 WEAKEN 0.495
3210 0 1.6272 WEAKEN 0.489
3211 0 1.8641 FREEZE 0.000
3212 0 2.2310 FREEZE 0.000
3213 0 1.8046 WEAKEN 0.589
3214 0 1.3307 PASS 1.000
3215 1 7.0284 SILENCE 0.000
3216 0 1.4479 WEAKEN 0.675
3217 0 1.6457 WEAKEN 0.711
3218 0 1.5987 WEAKEN 0.680
3219 0 1.5349 WEAKEN 0.466
3220 0 1.4986 FREEZE 0.000
3221 0 1.5971 WEAKEN 0.013
3222 0 1.5878 PASS 1.000
3223 0 1.6635 FREEZE 0.000
3224 0 2.0295 WEAKEN 0.152
3225 0 1.7216 WEAKEN 0.149
3226 0 1.3901 WEAKEN 0.522
3227 0 1.5735 WEAKEN 0.694
3228 0 1.2165 WEAKEN 0.978
3229 0 1.5022 WEAKEN 0.274
3230 0 1.5264 WEAKEN 0.310
3231 0 1.4880 WEAKEN 0.459
3232 0 1.5615 WEAKEN 0.917
3233 0 1.8009 WEAKEN 0.038
3234 0 1.5240 WEAKEN 0.649
3235 0 2.0979 FREEZE 0.000
3236 0 1.7668 WEAKEN 0.677
3237 0 2.3771 FREEZE 0.000
3238 0 2.4419 WEAKEN 0.173
3239 0 1.4214 WEAKEN 0.504
3240 0 1.8119 FREEZE 0.000
3241 0 1.8031 WEAKEN 0.036
3242 0 1.4743 WEAKEN 0.438
3243 0 1.4763 WEAKEN 0.332
3244 0 1.8293 FREEZE 0.000
3245 0 1.9283 WEAKEN 0.116
3246 0 2.0165 WEAKEN 0.423
3247 0 1.3383 WEAKEN 0.149
3248 0 1.7606 WEAKEN 0.339
3249 0 1.9361 WEAKEN 0.692
3250 0 1.1156 WEAKEN 0.383
3251 0 1.7441 FREEZE 0.000
3252 0 1.8082 FREEZE 0.000
3253 0 1.7926 WEAKEN 0.262
3254 0 1.2923 PASS 1.000
3255 0 1.3198 WEAKEN 0.691
3256 0 1.8387 WEAKEN 0.834
3257 0 1.3700 WEAKEN 0.525
3258 0 1.9171 WEAKEN 0.380
3259 0 1.6048 WEAKEN 0.920
3260 0 1.4357 WEAKEN 0.830
3261 0 1.5831 WEAKEN 0.688
3262 0 1.4682 WEAKEN 0.047
3263 0 1.6915 FREEZE 0.000
3264 0 1.4362 WEAKEN 0.214
3265 0 1.9251 WEAKEN 0.495
3266 0 1.9541 FREEZE 0.000
3267 0 2.1088 FREEZE 0.000
3268 0 1.3034 WEAKEN 0.396
3269 0 1.5227 WEAKEN 0.694
3270 0 1.4814 WEAKEN 0.428
3271 0 1.9465 WEAKEN 0.241
3272 0 1.6281 WEAKEN 0.166
3273 0 2.0271 FREEZE 0.000
3274 0 1.5797 WEAKEN 0.457
3275 1 2.4400 SCAR 0.000
3276 0 1.5894 WEAKEN 0.328
3277 0 1.7767 WEAKEN 0.248
3278 0 2.0164 WEAKEN 0.121
3279 0 1.9198 WEAKEN 0.593
3280 0 1.6690 WEAKEN 0.743
3281 0 1.5501 WEAKEN 0.660
3282 0 1.5327 FREEZE 0.000
3283 0 1.4724 WEAKEN 0.522
3284 0 1.2667 WEAKEN 0.567
3285 1 8.0874 FREEZE 0.000
3286 0 1.4258 WEAKEN 0.803
3287 0 1.7445 WEAKEN 0.172
3288 0 1.6283 WEAKEN 0.435
3289 0 1.3959 WEAKEN 0.397
3290 0 1.4613 WEAKEN 0.795
3291 0 1.8077 FREEZE 0.000
3292 0 1.7121 WEAKEN 0.209
3293 0 2.2175 WEAKEN 0.073
3294 0 1.6260 WEAKEN 0.596
3295 0 1.7219 WEAKEN 0.084
3296 1 2.3693 FREEZE 0.000
3297 0 1.5402 WEAKEN 0.684
3298 0 1.1632 WEAKEN 0.768
3299 0 1.4821 WEAKEN 0.309
3300 0 0.9860 WEAKEN 0.560
3301 0 1.9365 FREEZE 0.000
3302 0 1.9687 FREEZE 0.000
3303 0 1.8652 FREEZE 0.000
3304 0 1.2953 WEAKEN 0.773
3305 0 1.3092 WEAKEN 0.655
3306 0 2.0338 FREEZE 0.000
3307 0 1.8745 FREEZE 0.000
3308 0 1.4680 WEAKEN 0.936
3309 0 1.9424 FREEZE 0.000
3310 0 1.7721 WEAKEN 0.134
3311 0 1.6438 WEAKEN 0.525
3312 0 1.4778 WEAKEN 0.219
3313 0 1.5147 WEAKEN 0.619
3314 0 1.8778 WEAKEN 0.238
3315 0 1.6016 WEAKEN 0.839
3316 0 1.7871 FREEZE 0.000
3317 0 1.6117 WEAKEN 0.269
3318 0 1.3926 WEAKEN 0.955
3319 0 1.7762 WEAKEN 0.668
3320 0 1.4183 WEAKEN 0.555
3321 0 1.5249 WEAKEN 0.941
3322 0 1.6946 WEAKEN 0.616
3323 0 1.5024 WEAKEN 0.061
3324 0 2.3383 WEAKEN 0.090
3325 0 1.5518 WEAKEN 0.510
3326 0 1.8494 WEAKEN 0.553
3327 0 1.6138 FREEZE 0.000
3328 0 1.4537 WEAKEN 0.261
3329 0 1.6865 WEAKEN 0.710
3330 0 1.5566 WEAKEN 0.603
3331 0 1.5156 WEAKEN 0.578
3332 0 1.3103 FREEZE 0.000
3333 0 1.6014 FREEZE 0.000
3334 0 1.6169 WEAKEN 0.507
3335 0 1.3463 WEAKEN 0.540
3336 0 1.4401 WEAKEN 0.472
3337 0 1.4649 WEAKEN 0.105
3338 0 1.9541 PASS 1.000
3339 0 1.7278 WEAKEN 0.213
3340 0 1.3253 WEAKEN 0.505
3341 1 8.5738 FREEZE 0.000
3342 0 1.4610 WEAKEN 0.944
3343 0 1.6446 FREEZE 0.000
3344 0 1.0478 WEAKEN 0.548
3345 1 2.1444 FREEZE 0.000
3346 1 2.5822 FREEZE 0.000
3347 0 1.7272 WEAKEN 0.258
3348 1 8.4758 FREEZE 0.000
3349 0 1.5075 WEAKEN 0.696
3350 0 2.0184 WEAKEN 0.562
3351 1 2.1817 FREEZE 0.000
3352 0 1.6042 WEAKEN 0.887
3353 0 1.8736 FREEZE 0.000
3354 0 1.3415 WEAKEN 0.749
3355 0 1.5697 FREEZE 0.000
3356 0 2.2289 FREEZE 0.000
3357 0 1.1379 WEAKEN 0.928
3358 0 1.7154 WEAKEN 0.403
3359 0 1.6376 WEAKEN 0.801
3360 0 1.4210 PASS 1.000
3361 0 1.6120 PASS 1.000
3362 1 2.2236 FREEZE 0.000
3363 0 1.1433 WEAKEN 0.446
3364 0 1.6117 WEAKEN 0.459
3365 0 1.1802 WEAKEN 0.848
3366 0 1.7296 FREEZE 0.000
3367 0 1.4586 WEAKEN 0.900
3368 0 1.5858 WEAKEN 0.505
3369 0 1.4620 WEAKEN 0.653
3370 0 1.5029 WEAKEN 0.622
3371 0 1.4174 FREEZE 0.000
3372 0 2.1688 WEAKEN 0.369
3373 1 2.4998 FREEZE 0.000
3374 0 2.0887 WEAKEN 0.051
3375 1 2.8093 FREEZE 0.000
3376 0 1.7549 WEAKEN 0.824
3377 1 7.1198 FREEZE 0.000
3378 0 1.8383 FREEZE 0.000
3379 0 1.7096 WEAKEN 0.249
3380 0 2.0858 WEAKEN 0.089
3381 0 1.3947 FREEZE 0.000
3382 0 1.6620 WEAKEN 0.731
3383 0 2.2102 FREEZE 0.000
3384 0 1.0957 WEAKEN 0.599
3385 0 1.8513 FREEZE 0.000
3386 0 1.5740 WEAKEN 0.835
3387 0 1.3000 WEAKEN 0.272
3388 0 1.3063 WEAKEN 0.601
3389 0 1.1309 WEAKEN 0.814
3390 0 1.8839 FREEZE 0.000
3391 0 1.6541 WEAKEN 0.792
3392 0 1.2262 WEAKEN 0.958
3393 0 1.5365 WEAKEN 0.238
3394 0 1.3215 WEAKEN 0.893
3395 0 1.4197 WEAKEN 0.389
3396 0 1.8438 WEAKEN 0.157
3397 0 1.2842 WEAKEN 0.388
3398 1 2.4179 FREEZE 0.000
3399 0 1.4830 WEAKEN 0.396
3400 0 1.3708 WEAKEN 0.403
3401 0 1.4161 WEAKEN 0.509
3402 0 1.6515 WEAKEN 0.908
3403 0 1.7791 FREEZE 0.000
3404 0 1.6916 FREEZE 0.000
3405 0 1.3842 WEAKEN 0.635
3406 0 2.1371 FREEZE 0.000
3407 0 1.9312 WEAKEN 0.100
3408 0 2.1130 WEAKEN 0.337
3409 0 1.2928 WEAKEN 0.507
3410 0 1.2059 WEAKEN 0.352
3411 0 2.0070 FREEZE 0.000
3412 1 2.1285 SILENCE 0.000
3413 0 1.7276 WEAKEN 0.358
3414 0 1.6641 WEAKEN 0.801
3415 0 1.8322 WEAKEN 0.138
3416 0 1.5088 WEAKEN 0.605
3417 0 1.8504 WEAKEN 0.278
3418 0 1.1024 WEAKEN 0.445
3419 0 1.2783 WEAKEN 0.957
3420 0 1.2644 WEAKEN 0.490
3421 0 1.7320 WEAKEN 0.276
3422 0 1.8087 WEAKEN 0.479
3423 0 1.9070 WEAKEN 0.264
3424 0 1.8336 WEAKEN 0.625
3425 0 1.3862 WEAKEN 0.992
3426 0 1.6128 WEAKEN 0.138
3427 0 1.9206 WEAKEN 0.784
3428 0 1.2469 WEAKEN 0.684
3429 1 2.3169 FREEZE 0.000
3430 0 1.7883 FREEZE 0.000
3431 0 1.5010 WEAKEN 0.435
3432 0 1.9983 WEAKEN 0.101
3433 0 1.6811 FREEZE 0.000
3434 0 1.9882 FREEZE 0.000
3435 0 1.3512 WEAKEN 0.580
3436 0 2.0785 FREEZE 0.000
3437 0 1.4194 WEAKEN 0.631
3438 1 6.9873 SILENCE 0.000
3439 0 1.8752 WEAKEN 0.121
3440 0 1.3722 WEAKEN 0.706
3441 0 1.6365 WEAKEN 0.869
3442 0 1.9641 FREEZE 0.000
3443 0 1.7766 WEAKEN 0.408
3444 0 1.5669 WEAKEN 0.899
3445 0 1.6234 WEAKEN 0.748
3446 0 1.5443 WEAKEN 0.292
3447 0 1.4859 WEAKEN 0.223
3448 0 1.3752 FREEZE 0.000
3449 0 1.4369 WEAKEN 0.550
3450 0 1.2794 WEAKEN 0.623
3451 1 2.2129 SCAR 0.000
3452 0 1.6908 WEAKEN 0.458
3453 0 1.4653 WEAKEN 0.483
3454 0 1.9657 WEAKEN 0.620
3455 0 1.8709 FREEZE 0.000
3456 1 2.3065 FREEZE 0.000
3457 0 1.9551 FREEZE 0.000
3458 0 1.8976 FREEZE 0.000
3459 0 2.3408 WEAKEN 0.192
3460 0 1.0561 WEAKEN 0.599
3461 1 2.2255 SILENCE 0.000
3462 0 1.4797 WEAKEN 0.497
3463 0 2.2522 FREEZE 0.000
3464 0 1.3810 WEAKEN 0.764
3465 0 1.8051 WEAKEN 0.490
3466 0 1.7989 FREEZE 0.000
3467 0 1.2166 PASS 1.000
3468 0 1.3461 WEAKEN 0.550
3469 1 2.1551 FREEZE 0.000
3470 0 1.2206 WEAKEN 0.739
3471 0 1.7681 WEAKEN 0.781
3472 0 1.5148 WEAKEN 0.227
3473 0 2.0055 WEAKEN 0.207
3474 0 1.1725 WEAKEN 0.642
3475 0 1.7427 WEAKEN 0.934
3476 0 1.5110 WEAKEN 0.411
3477 0 1.3095 WEAKEN 0.629
3478 0 0.8963 WEAKEN 0.559
3479 0 1.3026 WEAKEN 0.208
3480 0 1.5985 PASS 1.000
3481 0 1.5068 FREEZE 0.000
3482 0 1.3122 WEAKEN 0.829
3483 0 2.1683 SILENCE 0.000
3484 1 2.6130 FREEZE 0.000
3485 0 1.5577 WEAKEN 0.420
3486 0 1.3181 WEAKEN 0.824
3487 0 1.5390 PASS 1.000
3488 0 1.4662 WEAKEN 0.306
3489 0 1.6357 WEAKEN 0.060
3490 0 1.3861 WEAKEN 0.380
3491 0 1.8762 FREEZE 0.000
3492 0 1.7068 FREEZE 0.000
3493 0 1.4293 WEAKEN 0.656
3494 0 1.5309 WEAKEN 0.110
3495 0 1.2261 WEAKEN 0.931
3496 0 1.3095 PASS 1.000
3497 1 5.2738 FREEZE 0.000
3498 0 1.5030 WEAKEN 0.538
3499 0 2.0152 WEAKEN 0.066
3500 0 1.8443 WEAKEN 0.040
3501 0 1.7889 WEAKEN 0.184
3502 0 2.1822 WEAKEN 0.526
3503 0 2.0135 WEAKEN 0.272
3504 0 1.8534 WEAKEN 0.218
3505 1 2.0837 FREEZE 0.000
3506 0 1.6739 WEAKEN 0.564
3507 0 1.8401 FREEZE 0.000
3508 0 1.4893 WEAKEN 0.740
3509 0 1.5219 PASS 1.000
3510 0 1.4971 PASS 1.000
3511 0 1.2682 WEAKEN 0.327
3512 0 2.0024 WEAKEN 0.760
3513 0 1.3713 WEAKEN 0.444
3514 0 1.4672 WEAKEN 0.321
3515 0 2.0612 WEAKEN 0.237
3516 0 1.9536 WEAKEN 0.150
3517 0 1.6657 WEAKEN 0.020
3518 0 1.7320 WEAKEN 0.426
3519 0 1.7069 WEAKEN 0.330
3520 0 1.4379 WEAKEN 0.646
3521 0 1.6638 WEAKEN 0.444
3522 0 1.6719 WEAKEN 0.665
3523 0 1.7803 WEAKEN 0.450
3524 0 1.4750 WEAKEN 0.386
3525 0 1.4996 WEAKEN 0.579
3526 0 1.2269 PASS 1.000
3527 0 1.2081 WEAKEN 0.619
3528 0 1.7869 WEAKEN 0.837
3529 0 1.8540 FREEZE 0.000
3530 0 1.5897 FREEZE 0.000
3531 0 2.1284 WEAKEN 0.189
3532 1 2.3544 FREEZE 0.000
3533 0 1.5452 WEAKEN 0.629
3534 0 1.3554 WEAKEN 0.778
3535 0 1.6814 WEAKEN 0.632
3536 0 1.9617 WEAKEN 0.053
3537 0 1.4161 WEAKEN 0.342
3538 0 1.8060 WEAKEN 0.394
3539 0 1.2971 WEAKEN 0.280
3540 0 2.1243 WEAKEN 0.615
3541 0 1.7998 WEAKEN 0.173
3542 0 2.4683 FREEZE 0.000
3543 0 1.5989 WEAKEN 0.176
3544 0 2.0339 FREEZE 0.000
3545 0 1.3764 FREEZE 0.000
3546 0 1.2505 WEAKEN 0.004
3547 0 1.2947 WEAKEN 0.735
3548 0 1.6003 WEAKEN 0.045
3549 0 1.5295 FREEZE 0.000
3550 1 2.2445 FREEZE 0.000
3551 0 1.2263 WEAKEN 0.939
3552 1 2.2500 FREEZE 0.000
3553 0 1.2320 WEAKEN 0.188
3554 0 1.6291 WEAKEN 0.927
3555 0 2.0323 WEAKEN 0.290
3556 0 1.7633 WEAKEN 0.497
3557 0 1.9215 WEAKEN 0.063
3558 0 1.9382 WEAKEN 0.572
3559 0 1.6071 WEAKEN 0.751
3560 0 1.3985 WEAKEN 0.532
3561 0 2.0423 WEAKEN 0.075
3562 0 2.1558 FREEZE 0.000
3563 0 1.1449 WEAKEN 0.693
3564 0 1.4194 WEAKEN 0.106
3565 0 1.3388 WEAKEN 0.309
3566 1 2.4651 SCAR 0.000
3567 0 1.8082 WEAKEN 0.202
3568 0 1.4510 WEAKEN 0.550
3569 0 1.6163 WEAKEN 0.444
3570 0 2.0941 FREEZE 0.000
3571 0 1.4338 WEAKEN 0.434
3572 0 1.5104 WEAKEN 0.953
3573 0 1.4003 WEAKEN 0.615
3574 0 1.7976 WEAKEN 0.158
3575 0 1.6862 WEAKEN 0.500
3576 0 1.4657 WEAKEN 0.514
3577 0 1.2784 PASS 1.000
3578 1 2.0240 SILENCE 0.000
3579 0 1.7239 WEAKEN 0.598
3580 0 1.4912 WEAKEN 0.093
3581 0 1.8213 WEAKEN 0.603
3582 0 1.3085 PASS 1.000
3583 1 2.1040 FREEZE 0.000
3584 0 1.6943 WEAKEN 0.477
3585 1 2.5876 FREEZE 0.000
3586 0 1.4893 WEAKEN 0.331
3587 0 1.6347 WEAKEN 0.579
3588 0 1.4151 WEAKEN 0.820
3589 0 1.3829 WEAKEN 0.697
3590 0 1.8291 WEAKEN 0.426
3591 0 1.5904 WEAKEN 0.432
3592 0 1.7914 WEAKEN 0.269
3593 0 1.7020 WEAKEN 0.876
3594 0 1.9378 WEAKEN 0.668
3595 0 1.6804 WEAKEN 0.861
3596 0 1.3196 WEAKEN 0.036
3597 0 1.5295 WEAKEN 0.595
3598 0 1.8963 WEAKEN 0.874
3599 0 1.0310 WEAKEN 0.793
3600 0 1.4296 WEAKEN 0.577
3601 0 1.6195 WEAKEN 0.043
3602 0 1.3433 WEAKEN 0.721
3603 0 1.6216 PASS 1.000
3604 0 1.8635 FREEZE 0.000
3605 1 2.3699 FREEZE 0.000
3606 0 1.7636 WEAKEN 0.342
3607 0 1.1439 WEAKEN 0.451
3608 0 1.4371 WEAKEN 0.627
3609 0 1.5530 PASS 1.000
3610 0 1.5474 WEAKEN 0.819
3611 0 1.9767 WEAKEN 0.915
3612 0 1.8758 WEAKEN 0.224
3613 0 1.5132 WEAKEN 0.413
3614 0 1.6653 PASS 1.000
3615 0 1.4893 WEAKEN 0.586
3616 0 1.1664 WEAKEN 0.293
3617 0 2.1757 WEAKEN 0.010
3618 0 2.2754 FREEZE 0.000
3619 0 1.9476 FREEZE 0.000
3620 1 2.2500 FREEZE 0.000
3621 0 2.2065 FREEZE 0.000
3622 0 1.2987 WEAKEN 0.588
3623 0 1.8194 WEAKEN 0.646
3624 0 2.0366 WEAKEN 0.060
3625 1 2.1766 SCAR 0.000
3626 0 1.2416 WEAKEN 0.862
3627 1 2.5176 FREEZE 0.000
3628 0 1.5927 WEAKEN 0.941
3629 0 2.0407 FREEZE 0.000
3630 0 1.4345 WEAKEN 0.944
3631 0 1.2997 WEAKEN 0.727
3632 0 1.4718 WEAKEN 0.545
3633 0 1.2959 WEAKEN 0.397
3634 0 1.7942 FREEZE 0.000
3635 0 1.3183 WEAKEN 0.951
3636 0 1.8452 WEAKEN 0.227
3637 0 1.5764 WEAKEN 0.231
3638 0 2.0573 WEAKEN 0.215
3639 0 1.3221 WEAKEN 0.590
3640 0 1.6701 WEAKEN 0.443
3641 0 1.6382 WEAKEN 0.633
3642 0 1.4432 WEAKEN 0.670
3643 0 1.7939 WEAKEN 0.616
3644 0 1.7165 WEAKEN 0.288
3645 0 1.9653 FREEZE 0.000
3646 0 1.2432 WEAKEN 0.680
3647 0 1.5196 WEAKEN 0.494
3648 0 2.1988 FREEZE 0.000
3649 1 2.3996 FREEZE 0.000
3650 0 1.6871 WEAKEN 0.269
3651 0 2.1017 FREEZE 0.000
3652 0 1.3982 WEAKEN 0.902
3653 0 1.4731 WEAKEN 0.358
3654 0 1.4064 FREEZE 0.000
3655 0 1.6968 WEAKEN 0.553
3656 0 1.5538 FREEZE 0.000
3657 0 1.7921 WEAKEN 0.127
3658 0 1.0778 WEAKEN 0.516
3659 0 1.5211 WEAKEN 0.246
3660 0 1.9566 WEAKEN 0.267
3661 0 1.8058 WEAKEN 0.238
3662 1 2.3519 SCAR 0.000
3663 0 2.1697 SILENCE 0.000
3664 0 1.1420 WEAKEN 0.580
3665 0 1.5214 WEAKEN 0.312
3666 0 1.6466 WEAKEN 0.295
3667 0 1.2226 WEAKEN 0.651
3668 0 1.4098 WEAKEN 0.521
3669 0 1.4608 WEAKEN 0.568
3670 0 1.5016 PASS 1.000
3671 0 1.6724 WEAKEN 0.050
3672 0 1.0620 WEAKEN 0.705
3673 0 2.3258 WEAKEN 0.182
3674 0 1.7920 WEAKEN 0.431
3675 0 1.6396 WEAKEN 0.646
3676 0 1.6203 FREEZE 0.000
3677 0 1.6223 WEAKEN 0.136
3678 0 1.4620 PASS 1.000
3679 0 1.3609 WEAKEN 0.158
3680 0 1.2481 WEAKEN 0.797
3681 0 1.6994 WEAKEN 0.583
3682 0 1.4245 PASS 1.000
3683 0 1.2239 WEAKEN 0.653
3684 0 1.8431 WEAKEN 0.147
3685 0 1.2675 WEAKEN 0.120
3686 0 1.4138 WEAKEN 0.238
3687 0 1.3982 WEAKEN 0.845
3688 0 1.4541 WEAKEN 0.106
3689 0 1.7889 WEAKEN 0.434
3690 0 1.1941 WEAKEN 0.689
3691 0 2.3706 FREEZE 0.000
3692 0 1.1306 WEAKEN 0.921
3693 0 1.3951 PASS 1.000
3694 0 1.3955 PASS 1.000
3695 0 1.9066 WEAKEN 0.851
3696 0 1.2726 WEAKEN 0.375
3697 0 2.2413 WEAKEN 0.141
3698 0 1.3453 WEAKEN 0.538
3699 0 1.2568 WEAKEN 0.447
3700 1 7.5153 FREEZE 0.000
3701 0 1.7601 WEAKEN 0.116
3702 0 1.5068 WEAKEN 0.621
3703 0 2.0297 FREEZE 0.000
3704 0 1.8589 WEAKEN 0.683
3705 0 1.4256 FREEZE 0.000
3706 0 1.7856 WEAKEN 0.302
3707 0 1.1201 WEAKEN 0.593
3708 0 1.2130 PASS 1.000
3709 0 1.9832 WEAKEN 0.118
3710 0 1.9841 WEAKEN 0.157
3711 0 1.5372 WEAKEN 0.358
3712 0 1.5347 WEAKEN 0.559
3713 0 2.1545 WEAKEN 0.001
3714 0 1.1480 WEAKEN 0.297
3715 1 7.5056 FREEZE 0.000
3716 0 1.9213 WEAKEN 0.114
3717 0 1.9820 WEAKEN 0.273
3718 0 1.5084 FREEZE 0.000
3719 0 2.1082 WEAKEN 0.748
3720 0 1.8034 FREEZE 0.000
3721 0 1.3952 WEAKEN 0.336
3722 1 2.4213 SCAR 0.000
3723 0 1.7028 FREEZE 0.000
3724 0 1.4651 WEAKEN 0.532
3725 0 1.5572 PASS 1.000
3726 0 1.5532 FREEZE 0.000
3727 0 2.2150 FREEZE 0.000
3728 0 1.7857 WEAKEN 0.648
3729 0 1.1652 WEAKEN 0.681
3730 0 1.6843 WEAKEN 0.342
3731 0 1.4630 WEAKEN 0.527
3732 0 1.9605 FREEZE 0.000
3733 0 1.9893 FREEZE 0.000
3734 0 1.5594 WEAKEN 0.697
3735 0 1.4033 WEAKEN 0.829
3736 0 1.7320 WEAKEN 0.350
3737 0 1.2856 WEAKEN 0.536
3738 0 1.4453 WEAKEN 0.946
3739 1 2.3651 FREEZE 0.000
3740 0 1.6414 PASS 1.000
3741 0 1.2862 WEAKEN 0.767
3742 0 1.7882 WEAKEN 0.569
3743 0 1.5775 WEAKEN 0.442
3744 0 1.3414 WEAKEN 0.709
3745 0 1.4792 WEAKEN 0.066
3746 0 1.4861 WEAKEN 0.215
3747 0 1.5190 WEAKEN 0.517
3748 0 1.5721 WEAKEN 0.419
3749 0 1.8089 WEAKEN 0.380
3750 0 1.5106 WEAKEN 0.350
3751 0 1.7851 FREEZE 0.000
3752 0 1.5651 WEAKEN 0.238
3753 0 1.2703 WEAKEN 0.499
3754 0 1.8537 WEAKEN 0.089
3755 0 1.6120 WEAKEN 0.994
3756 0 1.8882 WEAKEN 0.243
3757 0 1.8814 WEAKEN 0.583
3758 0 1.3842 WEAKEN 0.413
3759 0 1.4711 PASS 1.000
3760 0 1.4132 WEAKEN 0.517
3761 0 1.7470 WEAKEN 0.466
3762 0 1.2324 WEAKEN 0.737
3763 0 0.9944 WEAKEN 0.829
3764 0 1.2597 WEAKEN 0.871
3765 0 1.6133 WEAKEN 0.187
3766 0 1.1659 WEAKEN 0.921
3767 0 1.2198 WEAKEN 0.972
3768 0 1.5997 WEAKEN 0.609
3769 0 1.8264 WEAKEN 0.647
3770 0 1.6785 WEAKEN 0.920
3771 0 1.1108 WEAKEN 0.496
3772 0 1.7948 WEAKEN 0.742
3773 0 1.4114 WEAKEN 0.486
3774 0 1.7676 WEAKEN 0.428
3775 0 1.8107 FREEZE 0.000
3776 1 2.3145 SCAR 0.000
3777 0 2.0016 FREEZE 0.000
3778 1 2.3890 FREEZE 0.000
3779 0 1.6637 WEAKEN 0.236
3780 0 1.1033 WEAKEN 0.956
3781 0 1.7548 WEAKEN 0.371
3782 0 1.8851 WEAKEN 0.121
3783 0 1.2298 WEAKEN 0.694
3784 0 1.3868 WEAKEN 0.927
3785 0 1.5722 PASS 1.000
3786 0 1.8646 WEAKEN 0.036
3787 0 1.6029 WEAKEN 0.756
3788 0 0.9288 WEAKEN 0.758
3789 0 1.5460 FREEZE 0.000
3790 1 2.3517 SILENCE 0.000
3791 0 1.6006 WEAKEN 0.620
3792 0 1.7629 WEAKEN 0.357
3793 0 1.6098 WEAKEN 0.075
3794 0 1.3883 WEAKEN 0.893
3795 0 2.1013 WEAKEN 0.088
3796 0 1.3005 WEAKEN 0.536
3797 1 2.4836 SCAR 0.000
3798 0 1.8599 WEAKEN 0.102
3799 0 1.5761 FREEZE 0.000
3800 1 8.9592 FREEZE 0.000
3801 0 1.4294 WEAKEN 0.775
3802 0 0.9864 WEAKEN 0.647
3803 0 1.5294 PASS 1.000
3804 0 1.1117 WEAKEN 0.385
3805 0 1.1661 WEAKEN 0.889
3806 0 1.2028 WEAKEN 0.888
3807 0 1.3769 WEAKEN 0.240
3808 1 2.2665 SILENCE 0.000
3809 0 2.1916 FREEZE 0.000
3810 1 2.2360 FREEZE 0.000
3811 1 2.3878 FREEZE 0.000
3812 0 1.8214 WEAKEN 0.802
3813 0 1.4275 WEAKEN 0.732
3814 0 1.9814 WEAKEN 0.171
3815 0 1.4061 WEAKEN 0.152
3816 0 1.1344 FREEZE 0.000
3817 0 1.3939 WEAKEN 0.089
3818 0 1.1047 WEAKEN 0.285
3819 0 1.4066 PASS 1.000
3820 0 1.4717 WEAKEN 0.808
3821 0 1.4081 PASS 1.000
3822 0 1.3375 WEAKEN 0.917
3823 0 1.2968 PASS 1.000
3824 0 2.2767 WEAKEN 0.117
3825 0 1.8505 FREEZE 0.000
3826 0 1.1629 WEAKEN 0.356
3827 1 2.1696 FREEZE 0.000
3828 0 1.6105 WEAKEN 0.469
3829 0 1.2676 WEAKEN 0.759
3830 0 1.5070 WEAKEN 0.976
3831 0 2.1198 FREEZE 0.000
3832 0 1.6151 WEAKEN 0.370
3833 0 1.1734 WEAKEN 0.021
3834 0 1.4777 PASS 1.000
3835 1 2.3102 FREEZE 0.000
3836 0 1.1227 WEAKEN 0.489
3837 0 1.2754 WEAKEN 0.406
3838 0 2.3133 WEAKEN 0.188
3839 0 1.3414 WEAKEN 0.349
3840 0 1.8337 WEAKEN 0.407
3841 1 2.3452 FREEZE 0.000
3842 0 1.6329 FREEZE 0.000
3843 0 1.3020 WEAKEN 0.416
3844 0 1.2467 WEAKEN 0.878
3845 0 1.4111 PASS 1.000
3846 0 2.5331 FREEZE 0.000
3847 0 1.6311 WEAKEN 0.499
3848 0 1.3585 WEAKEN 0.635
3849 1 2.3254 FREEZE 0.000
3850 0 1.7875 FREEZE 0.000
3851 0 1.4278 WEAKEN 0.732
3852 0 1.4458 WEAKEN 0.458
3853 0 1.2683 WEAKEN 0.786
3854 0 1.8609 WEAKEN 0.826
3855 0 1.8401 WEAKEN 0.263
3856 0 1.2172 WEAKEN 0.751
3857 0 1.9142 WEAKEN 0.087
3858 0 2.0573 WEAKEN 0.062
3859 1 2.2676 FREEZE 0.000
3860 0 1.7996 WEAKEN 0.455
3861 0 1.6890 WEAKEN 0.007
3862 0 1.1265 WEAKEN 0.204
3863 0 1.6949 FREEZE 0.000
3864 0 1.7096 FREEZE 0.000
3865 1 2.4624 FREEZE 0.000
3866 0 1.6569 WEAKEN 0.466
3867 0 1.3120 FREEZE 0.000
3868 0 1.7101 WEAKEN 0.534
3869 0 1.7640 WEAKEN 0.815
3870 1 2.2050 FREEZE 0.000
3871 0 2.1720 FREEZE 0.000
3872 0 1.4032 WEAKEN 0.708
3873 0 1.3863 WEAKEN 0.156
3874 0 1.5447 WEAKEN 0.369
3875 0 1.7498 WEAKEN 0.610
3876 0 1.7005 WEAKEN 0.733
3877 0 1.2607 WEAKEN 0.346
3878 0 1.5672 FREEZE 0.000
3879 0 1.3391 WEAKEN 0.752
3880 0 1.1090 WEAKEN 0.890
3881 0 1.4074 WEAKEN 0.190
3882 0 1.7045 WEAKEN 0.566
3883 0 1.0001 WEAKEN 0.761
3884 0 1.6613 WEAKEN 0.276
3885 0 1.7414 WEAKEN 0.467
3886 0 0.8918 WEAKEN 0.308
3887 0 1.4038 WEAKEN 0.468
3888 0 1.7589 SCAR 0.000
3889 0 2.0072 WEAKEN 0.200
3890 0 0.9874 WEAKEN 0.975
3891 0 1.9038 WEAKEN 0.562
3892 0 1.9204 WEAKEN 0.402
3893 0 2.0684 FREEZE 0.000
3894 0 2.2846 WEAKEN 0.143
3895 0 2.4910 FREEZE 0.000
3896 0 1.8238 FREEZE 0.000
3897 0 1.5647 FREEZE 0.000
3898 0 1.2812 WEAKEN 0.994
3899 0 1.0490 WEAKEN 0.730
3900 0 2.2174 FREEZE 0.000
3901 0 1.2490 WEAKEN 0.863
3902 1 2.1663 FREEZE 0.000
3903 0 1.9158 WEAKEN 0.115
3904 1 4.3957 FREEZE 0.000
3905 0 2.1677 WEAKEN 0.073
3906 0 1.0941 WEAKEN 0.717
3907 1 2.1333 SILENCE 0.000
3908 0 0.8179 WEAKEN 0.389
3909 0 1.9486 FREEZE 0.000
3910 0 1.4039 WEAKEN 0.697
3911 0 1.3834 WEAKEN 0.927
3912 0 1.8018 WEAKEN 0.282
3913 0 1.8577 FREEZE 0.000
3914 0 1.7823 WEAKEN 0.313
3915 1 2.1133 FREEZE 0.000
3916 0 1.4898 WEAKEN 0.282
3917 0 1.0491 WEAKEN 0.589
3918 0 0.9622 WEAKEN 0.564
3919 0 1.2032 WEAKEN 0.372
3920 0 1.4064 WEAKEN 0.205
3921 0 1.7884 WEAKEN 0.224
3922 0 1.5477 WEAKEN 0.351
3923 0 1.7653 WEAKEN 0.330
3924 0 1.3676 WEAKEN 0.725
3925 1 2.3724 SCAR 0.000
3926 0 1.8974 WEAKEN 0.534
3927 0 1.6417 PASS 1.000
3928 0 1.4993 WEAKEN 0.257
3929 0 1.5482 PASS 1.000
3930 0 2.3650 FREEZE 0.000
3931 0 1.1674 WEAKEN 0.513
3932 0 1.7391 WEAKEN 0.189
3933 0 1.6841 WEAKEN 0.619
3934 0 0.7941 WEAKEN 0.706
3935 0 1.6537 FREEZE 0.000
3936 0 1.8756 WEAKEN 0.037
3937 0 2.0061 WEAKEN 0.304
3938 0 1.3564 WEAKEN 0.699
3939 0 1.8332 WEAKEN 0.054
3940 0 1.1938 WEAKEN 0.487
3941 0 1.6917 WEAKEN 0.627
3942 0 1.3143 WEAKEN 0.403
3943 0 1.0872 WEAKEN 0.808
3944 0 1.5552 WEAKEN 0.095
3945 0 1.6838 WEAKEN 0.001
3946 0 1.3231 FREEZE 0.000
3947 0 1.2607 WEAKEN 0.542
3948 0 1.4580 WEAKEN 0.834
3949 0 1.1814 WEAKEN 0.747
3950 0 1.3272 WEAKEN 0.409
3951 1 2.5177 SCAR 0.000
3952 0 1.2145 WEAKEN 0.479
3953 0 1.6410 FREEZE 0.000
3954 0 1.5676 WEAKEN 0.614
3955 0 1.6768 WEAKEN 0.396
3956 0 1.1951 WEAKEN 0.771
3957 0 1.4435 FREEZE 0.000
3958 0 1.7387 WEAKEN 0.419
3959 0 2.2558 WEAKEN 0.465
3960 0 1.6991 WEAKEN 0.182
3961 0 1.6214 WEAKEN 0.997
3962 1 2.0662 SILENCE 0.000
3963 1 2.2881 SCAR 0.000
3964 0 2.1690 FREEZE 0.000
3965 0 1.1521 WEAKEN 0.485
3966 0 2.2270 FREEZE 0.000
3967 0 1.5269 WEAKEN 0.929
3968 0 1.6949 WEAKEN 0.791
3969 0 2.5039 WEAKEN 0.330
3970 0 1.5305 WEAKEN 0.385
3971 0 1.7227 WEAKEN 0.309
3972 1 2.4315 FREEZE 0.000
3973 0 1.6913 FREEZE 0.000
3974 0 1.8712 WEAKEN 0.298
3975 0 1.8089 WEAKEN 0.359
3976 0 1.9356 FREEZE 0.000
3977 0 1.8346 WEAKEN 0.254
3978 0 1.0738 WEAKEN 0.115
3979 0 1.5903 WEAKEN 0.811
3980 1 2.2074 FREEZE 0.000
3981 0 2.1647 WEAKEN 0.384
3982 0 1.5376 WEAKEN 0.135
3983 0 1.7913 WEAKEN 0.140
3984 0 1.4398 PASS 1.000
3985 1 2.1773 FREEZE 0.000
3986 0 1.3788 WEAKEN 0.319
3987 0 1.4581 WEAKEN 0.913
3988 0 1.8354 WEAKEN 0.386
3989 0 1.8112 WEAKEN 0.195
3990 0 1.2616 PASS 1.000
3991 0 2.0717 WEAKEN 0.063
3992 0 1.5304 WEAKEN 0.441
3993 0 1.5803 WEAKEN 0.024
3994 0 1.3007 WEAKEN 0.543
3995 0 1.0980 WEAKEN 0.820
3996 0 2.0761 WEAKEN 0.321
3997 0 1.4106 FREEZE 0.000
3998 0 1.8904 WEAKEN 0.195
3999 0 1.2189 WEAKEN 0.716
4000 0 2.4702 FREEZE 0.000
4001 0 1.3343 PASS 1.000
4002 0 1.0867 WEAKEN 0.929
4003 1 7.9009 FREEZE 0.000
4004 0 1.5472 WEAKEN 0.777
4005 1 2.3391 SCAR 0.000
4006 0 1.9505 FREEZE 0.000
4007 0 1.8078 FREEZE 0.000
4008 0 2.2187 WEAKEN 0.053
4009 0 1.4527 WEAKEN 0.836
4010 0 1.6735 WEAKEN 0.172
4011 0 1.5005 WEAKEN 0.148
4012 0 1.3988 FREEZE 0.000
4013 0 1.3905 WEAKEN 0.667
4014 0 1.5029 WEAKEN 0.988
4015 0 1.4849 WEAKEN 0.672
4016 0 0.9886 WEAKEN 0.919
4017 0 1.4767 WEAKEN 0.188
4018 0 1.5364 WEAKEN 0.818
4019 0 1.2195 WEAKEN 0.800
4020 0 1.0844 WEAKEN 0.784
4021 0 1.7305 FREEZE 0.000
4022 0 1.3390 WEAKEN 0.361
4023 0 1.6817 WEAKEN 0.372
4024 0 2.2543 FREEZE 0.000
4025 1 2.3526 FREEZE 0.000
4026 0 1.4727 WEAKEN 0.831
4027 0 1.3562 WEAKEN 0.338
4028 0 1.0650 WEAKEN 0.251
4029 0 1.5209 WEAKEN 0.722
4030 0 1.0605 WEAKEN 0.452
4031 0 1.2861 WEAKEN 0.814
4032 0 1.5388 FREEZE 0.000
4033 0 1.4065 WEAKEN 0.598
4034 0 1.5682 PASS 1.000
4035 0 1.1783 WEAKEN 0.592
4036 0 1.8161 WEAKEN 0.594
4037 0 1.4785 WEAKEN 0.390
4038 0 2.5849 FREEZE 0.000
4039 0 2.0144 WEAKEN 0.604
4040 0 1.6070 WEAKEN 0.585
4041 0 1.7491 FREEZE 0.000
4042 0 1.3511 WEAKEN 0.865
4043 0 1.4133 WEAKEN 0.415
4044 1 2.4382 FREEZE 0.000
4045 0 2.1708 WEAKEN 0.231
4046 0 2.1465 WEAKEN 0.111
4047 0 1.7375 WEAKEN 0.784
4048 1 2.3510 SCAR 0.000
4049 0 2.3459 FREEZE 0.000
4050 1 2.4208 SCAR 0.000
4051 0 1.2417 WEAKEN 0.596
4052 0 1.4473 WEAKEN 0.196
4053 0 1.0583 WEAKEN 0.759
4054 0 1.3136 WEAKEN 0.999
4055 0 1.5942 WEAKEN 0.913
4056 0 2.2912 FREEZE 0.000
4057 0 1.2602 WEAKEN 0.275
4058 0 1.5307 PASS 1.000
4059 0 1.3427 WEAKEN 0.352
4060 0 1.4027 WEAKEN 0.642
4061 0 1.9695 WEAKEN 0.365
4062 1 7.7659 FREEZE 0.000
4063 0 1.5786 WEAKEN 0.771
4064 0 1.6844 PASS 1.000
4065 1 2.1166 FREEZE 0.000
4066 0 1.2133 WEAKEN 0.444
4067 0 1.3282 FREEZE 0.000
4068 0 1.7192 WEAKEN 0.214
4069 0 1.3915 FREEZE 0.000
4070 0 1.4277 WEAKEN 0.230
4071 0 2.1119 FREEZE 0.000
4072 0 1.3748 WEAKEN 0.588
4073 0 1.2197 WEAKEN 0.679
4074 0 1.4930 WEAKEN 0.824
4075 0 1.6069 WEAKEN 0.188
4076 0 1.3319 PASS 1.000
4077 0 1.4471 WEAKEN 0.683
4078 0 1.2443 WEAKEN 0.937
4079 0 1.3269 WEAKEN 0.424
4080 0 1.7109 WEAKEN 0.369
4081 0 1.6131 FREEZE 0.000
4082 0 1.8027 WEAKEN 0.798
4083 1 2.1676 SCAR 0.000
4084 0 1.4711 WEAKEN 0.885
4085 1 2.3786 FREEZE 0.000
4086 0 1.6419 WEAKEN 0.653
4087 0 1.6119 FREEZE 0.000
4088 0 2.3543 FREEZE 0.000
4089 0 1.7602 WEAKEN 0.280
4090 0 1.7346 WEAKEN 0.319
4091 0 1.4782 WEAKEN 0.763
4092 0 1.6056 WEAKEN 0.268
4093 0 1.1926 WEAKEN 0.356
4094 0 1.4296 WEAKEN 0.463
4095 1 2.1950 FREEZE 0.000
4096 0 1.9938 WEAKEN 0.495
4097 0 1.5356 WEAKEN 0.372
4098 0 1.4570 WEAKEN 0.836
4099 0 1.1894 WEAKEN 0.626
4100 0 1.5498 WEAKEN 0.665
4101 0 1.0700 WEAKEN 0.609
4102 0 1.1940 PASS 1.000
4103 1 2.1694 FREEZE 0.000
4104 0 1.2177 WEAKEN 0.288
4105 0 1.1732 WEAKEN 0.643
4106 0 1.3456 WEAKEN 0.582
4107 0 1.3623 WEAKEN 0.496
4108 0 1.9219 WEAKEN 0.464
4109 0 1.8010 WEAKEN 0.052
4110 0 2.0301 FREEZE 0.000
4111 0 1.4564 WEAKEN 0.726
4112 0 1.6876 WEAKEN 0.197
4113 0 1.3326 PASS 1.000
4114 0 1.5101 WEAKEN 0.268
4115 0 1.4343 PASS 1.000
4116 0 1.6566 WEAKEN 0.008
4117 0 1.0682 WEAKEN 0.998
4118 0 1.2315 WEAKEN 0.686
4119 0 1.5364 WEAKEN 0.840
4120 0 1.2748 WEAKEN 0.107
4121 0 1.3723 PASS 1.000
4122 1 2.4339 FREEZE 0.000
4123 0 1.5669 WEAKEN 0.412
4124 0 1.4813 WEAKEN 0.326
4125 0 1.3055 WEAKEN 0.381
4126 0 2.2479 WEAKEN 0.049
4127 0 2.5320 WEAKEN 0.023
4128 1 2.5018 FREEZE 0.000
4129 0 1.7440 WEAKEN 0.248
4130 0 1.2508 WEAKEN 0.667
4131 1 2.2544 FREEZE 0.000
4132 0 1.1404 WEAKEN 0.710
4133 0 1.4350 WEAKEN 0.166
4134 0 1.2087 WEAKEN 0.625
4135 0 2.0544 WEAKEN 0.122
4136 1 2.2190 FREEZE 0.000
4137 0 1.1625 WEAKEN 0.559
4138 0 1.1661 WEAKEN 0.890
4139 0 1.3303 WEAKEN 0.806
4140 0 1.4645 WEAKEN 0.236
4141 0 1.3531 WEAKEN 0.790
4142 0 1.4140 WEAKEN 0.811
4143 0 1.4249 WEAKEN 0.405
4144 0 1.2708 WEAKEN 0.888
4145 0 1.2509 WEAKEN 0.669
4146 0 1.5358 WEAKEN 0.421
4147 0 1.8406 FREEZE 0.000
4148 0 2.0093 WEAKEN 0.242
4149 0 2.0472 SCAR 0.000
4150 0 1.7988 WEAKEN 0.162
4151 0 1.3938 WEAKEN 0.105
4152 0 1.4840 WEAKEN 0.814
4153 1 8.3720 FREEZE 0.000
4154 0 1.5105 WEAKEN 0.679
4155 1 2.3454 FREEZE 0.000
4156 0 1.0331 WEAKEN 0.892
4157 0 1.2059 WEAKEN 0.166
4158 0 2.0825 FREEZE 0.000
4159 0 1.7062 WEAKEN 0.097
4160 0 1.3125 WEAKEN 0.400
4161 0 1.3193 WEAKEN 0.261
4162 0 1.9360 FREEZE 0.000
4163 0 1.1515 WEAKEN 0.348
4164 0 1.9520 WEAKEN 0.348
4165 0 1.4761 WEAKEN 0.148
4166 0 1.0728 WEAKEN 0.518
4167 0 1.6591 WEAKEN 0.633
4168 0 1.4701 PASS 1.000
4169 1 2.3690 SCAR 0.000
4170 0 1.9682 WEAKEN 0.697
4171 0 1.3266 WEAKEN 0.581
4172 0 1.4409 WEAKEN 0.844
4173 0 1.6230 WEAKEN 0.118
4174 0 2.3897 SILENCE 0.000
4175 0 1.0460 WEAKEN 0.714
4176 1 2.1723 FREEZE 0.000
4177 0 1.4551 WEAKEN 0.966
4178 0 1.2114 WEAKEN 0.620
4179 0 1.7053 WEAKEN 0.857
4180 0 1.8602 WEAKEN 0.093
4181 0 1.7759 FREEZE 0.000
4182 0 2.2476 FREEZE 0.000
4183 0 1.3228 FREEZE 0.000
4184 0 2.1126 WEAKEN 0.551
4185 0 1.7494 WEAKEN 0.296
4186 0 1.5003 WEAKEN 0.437
4187 0 1.8600 WEAKEN 0.384
4188 0 1.6036 WEAKEN 0.673
4189 0 1.3724 WEAKEN 0.600
4190 0 1.2463 WEAKEN 0.859
4191 1 2.2978 FREEZE 0.000
4192 0 2.1100 FREEZE 0.000
4193 0 1.2438 WEAKEN 0.695
4194 0 1.7774 WEAKEN 0.003
4195 0 1.1330 WEAKEN 0.371
4196 0 1.9019 PASS 1.000
4197 0 1.3290 WEAKEN 0.472
4198 0 1.4425 PASS 1.000
4199 0 1.2065 WEAKEN 0.979
4200 0 1.4671 WEAKEN 0.579
4201 0 1.5625 WEAKEN 0.674
4202 0 1.4117 WEAKEN 0.698
4203 0 2.2147 WEAKEN 0.965
4204 0 1.7011 WEAKEN 0.684
4205 0 1.7584 WEAKEN 0.591
4206 0 1.3414 WEAKEN 0.780
4207 0 1.5168 WEAKEN 0.551
4208 0 1.4375 WEAKEN 0.530
4209 0 0.9867 WEAKEN 0.375
4210 0 1.4006 WEAKEN 0.041
4211 0 1.6621 WEAKEN 0.738
4212 0 1.9808 WEAKEN 0.124
4213 0 2.3676 SILENCE 0.000
4214 0 1.6423 WEAKEN 0.263
4215 0 1.5478 WEAKEN 0.687
4216 0 1.4440 WEAKEN 0.035
4217 0 1.4073 WEAKEN 0.583
4218 0 1.7386 WEAKEN 0.437
4219 0 1.8878 WEAKEN 0.041
4220 0 1.4565 WEAKEN 0.809
4221 0 1.7452 WEAKEN 0.312
4222 0 2.0362 WEAKEN 0.374
4223 0 1.5343 WEAKEN 0.444
4224 0 1.2986 WEAKEN 0.625
4225 0 1.2443 WEAKEN 0.897
4226 0 1.4885 WEAKEN 0.423
4227 0 1.5984 WEAKEN 0.354
4228 0 1.5935 WEAKEN 0.327
4229 0 1.7334 PASS 1.000
4230 0 2.3968 FREEZE 0.000
4231 0 1.7807 WEAKEN 0.636
4232 0 1.1438 PASS 1.000
4233 1 2.1725 FREEZE 0.000
4234 1 8.5965 FREEZE 0.000
4235 0 1.7778 WEAKEN 0.061
4236 0 1.9384 WEAKEN 0.215
4237 0 1.5056 WEAKEN 0.646
4238 0 1.7474 WEAKEN 0.204
4239 0 1.5303 WEAKEN 0.827
4240 0 1.5255 WEAKEN 0.541
4241 0 1.7694 FREEZE 0.000
4242 0 1.9148 FREEZE 0.000
4243 0 1.7570 WEAKEN 0.846
4244 0 1.9662 WEAKEN 0.523
4245 0 1.5205 WEAKEN 0.747
4246 0 1.2837 WEAKEN 0.887
4247 0 1.3823 FREEZE 0.000
4248 0 1.7918 FREEZE 0.000
4249 0 1.3948 WEAKEN 0.607
4250 0 0.8832 PASS 1.000
4251 0 1.3419 WEAKEN 0.904
4252 0 1.6817 WEAKEN 0.265
4253 0 2.2637 WEAKEN 0.263
4254 0 1.1865 WEAKEN 0.488
4255 1 2.3761 SCAR 0.000
4256 0 1.5770 WEAKEN 0.081
4257 0 1.1497 WEAKEN 0.637
4258 0 1.4906 WEAKEN 0.362
4259 0 2.3256 WEAKEN 0.224
4260 0 1.4908 WEAKEN 0.758
4261 0 1.5251 WEAKEN 0.823
4262 0 1.6155 WEAKEN 0.123
4263 0 1.7156 WEAKEN 0.439
4264 0 1.3171 WEAKEN 0.253
4265 0 1.8795 FREEZE 0.000
4266 0 1.9498 WEAKEN 0.520
4267 0 1.7598 FREEZE 0.000
4268 0 1.8909 WEAKEN 0.002
4269 0 1.5312 FREEZE 0.000
4270 0 1.4211 WEAKEN 0.381
4271 0 1.8752 FREEZE 0.000
4272 0 1.4887 FREEZE 0.000
4273 1 2.2470 SCAR 0.000
4274 0 1.8050 WEAKEN 0.335
4275 0 1.2026 WEAKEN 0.845
4276 0 1.2586 WEAKEN 0.328
4277 0 1.7209 WEAKEN 0.319
4278 0 1.2430 WEAKEN 0.900
4279 1 2.2606 SCAR 0.000
4280 0 1.1654 WEAKEN 0.834
4281 0 2.2420 FREEZE 0.000
4282 0 1.2937 FREEZE 0.000
4283 1 7.7699 WEAKEN 0.036
4284 0 1.0631 WEAKEN 0.402
4285 0 1.8058 FREEZE 0.000
4286 0 1.4142 WEAKEN 0.410
4287 1 2.2065 FREEZE 0.000
4288 0 1.3745 WEAKEN 0.572
4289 0 1.7909 WEAKEN 0.006
4290 0 1.2673 WEAKEN 0.695
4291 0 2.0323 FREEZE 0.000
4292 0 1.9429 WEAKEN 0.184
4293 1 2.6470 SILENCE 0.000
4294 0 1.8695 WEAKEN 0.629
4295 0 1.2114 WEAKEN 0.878
4296 0 1.7862 WEAKEN 0.323
4297 0 1.5969 WEAKEN 0.771
4298 0 1.9793 FREEZE 0.000
4299 0 1.7500 WEAKEN 0.403
4300 0 1.2907 WEAKEN 0.689
4301 0 1.3702 WEAKEN 0.409
4302 0 1.5460 SILENCE 0.000
4303 0 1.7127 WEAKEN 0.650
4304 0 1.3683 WEAKEN 0.625
4305 0 1.1437 WEAKEN 0.777
4306 0 1.5297 WEAKEN 0.359
4307 0 1.7304 WEAKEN 0.524
4308 0 1.6899 WEAKEN 0.740
4309 0 1.5263 WEAKEN 0.826
4310 0 1.2699 WEAKEN 0.925
4311 0 1.6956 FREEZE 0.000
4312 0 1.7596 WEAKEN 0.174
4313 0 1.7524 FREEZE 0.000
4314 0 1.1667 WEAKEN 0.734
4315 0 1.6981 WEAKEN 0.405
4316 0 1.0326 WEAKEN 0.857
4317 0 1.4227 WEAKEN 0.674
4318 0 1.2695 PASS 1.000
4319 0 1.7078 WEAKEN 0.715
4320 0 1.6054 PASS 1.000
4321 0 1.7113 WEAKEN 0.637
4322 0 1.7847 WEAKEN 0.280
4323 0 2.0593 WEAKEN 0.509
4324 0 1.6832 WEAKEN 0.324
4325 0 1.8360 WEAKEN 0.712
4326 0 1.4830 WEAKEN 0.844
4327 0 1.4326 WEAKEN 0.270
4328 0 1.4356 FREEZE 0.000
4329 0 1.5095 WEAKEN 0.514
4330 0 2.2941 FREEZE 0.000
4331 0 1.3448 PASS 1.000
4332 0 1.2797 WEAKEN 0.320
4333 0 1.3825 WEAKEN 0.258
4334 0 1.7388 WEAKEN 0.363
4335 0 1.6350 WEAKEN 0.016
4336 0 1.8239 FREEZE 0.000
4337 0 1.8586 FREEZE 0.000
4338 0 1.5000 WEAKEN 0.217
4339 0 0.7513 WEAKEN 0.657
4340 0 1.1316 WEAKEN 0.637
4341 0 1.5480 WEAKEN 0.512
4342 0 2.3651 FREEZE 0.000
4343 1 6.9807 SILENCE 0.000
4344 0 2.1078 FREEZE 0.000
4345 0 1.3898 WEAKEN 0.754
4346 0 1.3823 WEAKEN 0.122
4347 0 2.0381 WEAKEN 0.556
4348 0 1.1787 WEAKEN 0.773
4349 0 1.7534 FREEZE 0.000
4350 0 1.9411 FREEZE 0.000
4351 0 1.5274 WEAKEN 0.144
4352 1 2.0326 FREEZE 0.000
4353 0 2.1744 FREEZE 0.000
4354 0 2.1696 WEAKEN 0.386
4355 0 1.7357 WEAKEN 0.190
4356 0 1.2010 WEAKEN 0.522
4357 0 1.3867 WEAKEN 0.838
4358 0 1.3530 PASS 1.000
4359 0 2.5379 FREEZE 0.000
4360 0 1.8149 WEAKEN 0.582
4361 0 1.9377 FREEZE 0.000
4362 0 1.2447 WEAKEN 0.349
4363 0 1.0511 WEAKEN 0.056
4364 0 1.5947 WEAKEN 0.298
4365 0 1.4654 WEAKEN 0.138
4366 0 1.5197 WEAKEN 0.400
4367 0 2.1401 FREEZE 0.000
4368 0 1.3721 WEAKEN 0.391
4369 1 2.3064 FREEZE 0.000
4370 0 1.1827 WEAKEN 0.843
4371 0 1.3832 WEAKEN 0.415
4372 0 1.8408 WEAKEN 0.157
4373 0 1.6900 WEAKEN 0.212
4374 0 1.2948 WEAKEN 0.516
4375 0 1.6570 WEAKEN 0.489
4376 0 1.3862 WEAKEN 0.329
4377 0 1.8448 FREEZE 0.000
4378 0 1.1687 WEAKEN 0.717
4379 0 1.3935 WEAKEN 0.532
4380 0 2.1054 WEAKEN 0.115
4381 0 2.0917 WEAKEN 0.033
4382 0 1.2835 WEAKEN 0.841
4383 0 1.5416 WEAKEN 0.450
4384 0 1.6260 WEAKEN 0.415
4385 0 1.5943 WEAKEN 0.800
4386 0 1.3347 WEAKEN 0.624
4387 0 1.5333 WEAKEN 0.790
4388 0 1.9105 WEAKEN 0.735
4389 0 1.7178 PASS 1.000
4390 0 1.4315 WEAKEN 0.589
4391 0 1.5949 PASS 1.000
4392 0 2.1118 WEAKEN 0.464
4393 0 1.9103 FREEZE 0.000
4394 0 1.4750 PASS 1.000
4395 0 1.3326 WEAKEN 0.782
4396 0 1.5478 WEAKEN 0.021
4397 0 1.6269 WEAKEN 0.887
4398 0 1.8330 WEAKEN 0.353
4399 0 1.6515 WEAKEN 0.276
4400 0 1.3987 WEAKEN 0.841
4401 0 1.3817 PASS 1.000
4402 0 1.2371 WEAKEN 0.483
4403 0 1.9452 WEAKEN 0.605
4404 0 1.6739 WEAKEN 0.822
4405 0 1.2659 WEAKEN 0.523
4406 0 1.6814 WEAKEN 0.906
4407 0 1.9255 WEAKEN 0.737
4408 0 1.2951 WEAKEN 0.657
4409 0 1.7406 FREEZE 0.000
4410 0 1.6004 WEAKEN 0.973
4411 0 1.9298 WEAKEN 0.013
4412 0 2.0851 WEAKEN 0.170
4413 0 1.7225 WEAKEN 0.255
4414 0 1.7548 WEAKEN 0.212
4415 0 1.9982 FREEZE 0.000
4416 0 1.5904 WEAKEN 0.725
4417 0 1.8897 WEAKEN 0.291
4418 0 1.7112 WEAKEN 0.619
4419 0 1.1342 WEAKEN 0.944
4420 1 1.9659 FREEZE 0.000
4421 0 1.3181 PASS 1.000
4422 0 1.3363 WEAKEN 0.775
4423 0 1.6444 WEAKEN 0.444
4424 0 1.4188 WEAKEN 0.395
4425 0 1.5595 FREEZE 0.000
4426 0 2.3573 WEAKEN 0.265
4427 0 0.8584 WEAKEN 0.489
4428 0 1.1529 WEAKEN 0.523
4429 0 2.2503 FREEZE 0.000
4430 0 1.5380 WEAKEN 0.541
4431 0 1.3326 WEAKEN 0.577
4432 1 2.1734 SCAR 0.000
4433 0 2.0735 FREEZE 0.000
4434 0 1.6980 WEAKEN 0.460
4435 0 2.0659 FREEZE 0.000
4436 1 2.1203 FREEZE 0.000
4437 0 1.9097 FREEZE 0.000
4438 1 2.4805 FREEZE 0.000
4439 0 1.3772 WEAKEN 0.730
4440 0 1.3138 WEAKEN 0.146
4441 0 1.5057 FREEZE 0.000
4442 0 1.3797 WEAKEN 0.582
4443 0 1.2541 WEAKEN 0.459
4444 0 1.4375 WEAKEN 0.839
4445 0 1.2053 WEAKEN 0.771
4446 1 2.1155 FREEZE 0.000
4447 0 1.7742 FREEZE 0.000
4448 0 1.1375 WEAKEN 0.398
4449 0 1.1627 WEAKEN 0.923
4450 0 1.1860 WEAKEN 0.777
4451 0 1.5240 WEAKEN 0.355
4452 0 1.1414 WEAKEN 0.578
4453 0 2.0590 FREEZE 0.000
4454 0 1.8262 FREEZE 0.000
4455 0 1.9960 FREEZE 0.000
4456 0 1.5353 WEAKEN 0.352
4457 0 1.7359 FREEZE 0.000
4458 0 1.4784 WEAKEN 0.230
4459 0 0.9923 WEAKEN 0.902
4460 0 1.3753 WEAKEN 0.429
4461 0 1.4709 WEAKEN 0.868
4462 0 1.5284 SILENCE 0.000
4463 0 1.3304 WEAKEN 0.314
4464 0 1.6471 WEAKEN 0.000
4465 0 1.6634 WEAKEN 0.808
4466 0 1.1285 WEAKEN 0.687
4467 0 1.1773 WEAKEN 0.188
4468 0 1.8130 PASS 1.000
4469 1 2.3708 FREEZE 0.000
4470 0 1.1437 WEAKEN 0.965
4471 0 2.3220 FREEZE 0.000
4472 0 1.8231 WEAKEN 0.114
4473 0 1.2669 WEAKEN 0.463
4474 0 1.9476 WEAKEN 0.062
4475 0 1.7002 WEAKEN 0.252
4476 0 1.7846 WEAKEN 0.646
4477 0 1.4937 WEAKEN 0.785
4478 0 1.6905 FREEZE 0.000
4479 0 1.2109 WEAKEN 0.501
4480 0 1.3491 WEAKEN 0.972
4481 0 1.7152 WEAKEN 0.522
4482 0 1.3632 WEAKEN 0.470
4483 0 1.8277 WEAKEN 0.064
4484 1 2.3488 SCAR 0.000
4485 0 1.9952 WEAKEN 0.129
4486 0 1.5223 WEAKEN 0.233
4487 0 1.2185 WEAKEN 0.126
4488 0 1.5909 WEAKEN 0.300
4489 0 1.6886 FREEZE 0.000
4490 1 3.5046 FREEZE 0.000
4491 0 1.4531 PASS 1.000
4492 0 1.6079 WEAKEN 0.400
4493 0 1.6109 PASS 1.000
4494 0 1.5380 WEAKEN 0.787
4495 0 2.2069 FREEZE 0.000
4496 0 1.2682 WEAKEN 0.460
4497 0 1.7794 FREEZE 0.000
4498 0 1.2318 WEAKEN 0.603
4499 1 2.1800 FREEZE 0.000
4500 0 1.6464 WEAKEN 0.780
4501 0 2.3431 FREEZE 0.000
4502 0 1.6404 WEAKEN 0.123
4503 0 1.6463 WEAKEN 0.119
4504 0 1.3957 WEAKEN 0.770
4505 0 1.6847 WEAKEN 0.549
4506 0 0.9640 PASS 1.000
4507 0 1.1971 WEAKEN 0.363
4508 0 1.4375 FREEZE 0.000
4509 0 1.1678 PASS 1.000
4510 0 1.3060 WEAKEN 0.717
4511 0 1.5077 WEAKEN 0.129
4512 0 1.3725 PASS 1.000
4513 0 1.6559 PASS 1.000
4514 0 1.2192 WEAKEN 0.409
4515 0 1.5547 WEAKEN 0.532
4516 0 1.6614 WEAKEN 0.349
4517 0 1.8893 WEAKEN 0.596
4518 0 1.5847 WEAKEN 0.445
4519 0 1.2578 PASS 1.000
4520 0 2.0293 FREEZE 0.000
4521 0 1.8471 WEAKEN 0.575
4522 0 1.6343 WEAKEN 0.572
4523 0 1.1459 WEAKEN 0.460
4524 0 1.7082 WEAKEN 0.287
4525 0 1.6849 WEAKEN 0.250
4526 0 0.9447 PASS 1.000
4527 0 2.2543 FREEZE 0.000
4528 0 1.3855 WEAKEN 0.348
4529 0 1.7373 SILENCE 0.000
4530 0 0.9804 WEAKEN 0.749
4531 0 1.7351 WEAKEN 0.077
4532 0 2.1006 FREEZE 0.000
4533 0 1.4452 WEAKEN 0.519
4534 0 1.2665 WEAKEN 0.937
4535 0 1.4273 WEAKEN 0.479
4536 0 1.4687 WEAKEN 0.582
4537 0 1.6718 WEAKEN 0.506
4538 0 1.6808 WEAKEN 0.806
4539 0 1.5401 WEAKEN 0.392
4540 0 1.6144 WEAKEN 0.568
4541 0 1.5586 WEAKEN 0.985
4542 0 1.5544 WEAKEN 0.378
4543 0 1.1802 WEAKEN 0.758
4544 0 1.3271 WEAKEN 0.726
4545 0 1.1613 WEAKEN 0.473
4546 0 1.4109 WEAKEN 0.467
4547 0 1.2615 WEAKEN 0.495
4548 0 1.8731 WEAKEN 0.590
4549 0 1.4301 WEAKEN 0.228
4550 0 1.4746 WEAKEN 0.330
4551 0 1.9132 WEAKEN 0.544
4552 0 1.7625 FREEZE 0.000
4553 0 1.9038 FREEZE 0.000
4554 0 1.9752 WEAKEN 0.050
4555 0 1.2278 WEAKEN 0.510
4556 0 1.8694 WEAKEN 0.326
4557 0 1.2461 PASS 1.000
4558 0 2.0579 FREEZE 0.000
4559 0 1.6880 WEAKEN 0.239
4560 0 1.4771 WEAKEN 0.740
4561 0 1.4571 WEAKEN 0.757
4562 0 1.9206 WEAKEN 0.285
4563 0 1.8827 FREEZE 0.000
4564 0 1.8656 WEAKEN 0.458
4565 0 1.2256 WEAKEN 0.693
4566 0 1.7489 FREEZE 0.000
4567 1 2.2030 SCAR 0.000
4568 0 0.9435 PASS 1.000
4569 0 1.7604 WEAKEN 0.796
4570 0 1.4258 WEAKEN 0.691
4571 0 1.7047 WEAKEN 0.181
4572 0 1.9639 WEAKEN 0.052
4573 0 1.3283 WEAKEN 0.213
4574 0 1.7633 FREEZE 0.000
4575 0 1.2849 WEAKEN 0.605
4576 1 2.3026 FREEZE 0.000
4577 0 1.8354 WEAKEN 0.744
4578 0 2.2710 WEAKEN 0.258
4579 0 1.6039 WEAKEN 0.635
4580 0 2.4349 FREEZE 0.000
4581 1 2.4792 FREEZE 0.000
4582 0 1.5989 WEAKEN 0.241
4583 0 1.4081 WEAKEN 0.072
4584 0 1.8215 WEAKEN 0.048
4585 1 1.9363 FREEZE 0.000
4586 0 1.5148 WEAKEN 0.170
4587 0 1.4521 WEAKEN 0.059
4588 0 1.3167 WEAKEN 0.542
4589 0 1.8722 WEAKEN 0.069
4590 0 1.6010 WEAKEN 0.200
4591 0 1.6383 WEAKEN 0.083
4592 0 1.1984 WEAKEN 0.925
4593 0 1.3492 WEAKEN 0.981
4594 0 2.1562 FREEZE 0.000
4595 0 1.4497 WEAKEN 0.366
4596 0 1.8027 WEAKEN 0.854
4597 0 1.4130 WEAKEN 0.585
4598 0 1.3595 PASS 1.000
4599 0 1.7855 FREEZE 0.000
4600 0 2.4196 FREEZE 0.000
4601 0 1.7549 WEAKEN 0.340
4602 0 1.5682 WEAKEN 0.481
4603 0 1.5509 WEAKEN 0.547
4604 0 1.3980 WEAKEN 0.844
4605 0 1.2075 WEAKEN 0.524
4606 0 1.7078 WEAKEN 0.099
4607 0 1.0873 WEAKEN 0.863
4608 0 2.0479 WEAKEN 0.412
4609 0 1.9047 SILENCE 0.000
4610 0 1.3960 WEAKEN 0.288
4611 0 1.6810 WEAKEN 0.386
4612 0 1.4203 WEAKEN 0.917
4613 0 2.0406 WEAKEN 0.891
4614 0 2.0051 WEAKEN 0.124
4615 1 7.6568 WEAKEN 0.024
4616 0 1.4832 WEAKEN 0.604
4617 0 1.6485 WEAKEN 0.141
4618 0 1.1254 PASS 1.000
4619 0 1.5352 WEAKEN 0.300
4620 1 7.4902 FREEZE 0.000
4621 0 1.2406 WEAKEN 0.444
4622 1 4.0317 FREEZE 0.000
4623 0 1.5861 WEAKEN 0.686
4624 0 1.7209 WEAKEN 0.591
4625 0 1.5464 FREEZE 0.000
4626 0 1.3823 WEAKEN 0.327
4627 0 1.3897 WEAKEN 0.450
4628 0 1.9969 WEAKEN 0.425
4629 0 1.1610 WEAKEN 0.650
4630 0 1.2270 WEAKEN 0.331
4631 0 1.0071 WEAKEN 0.487
4632 0 1.6742 WEAKEN 0.730
4633 1 2.2434 FREEZE 0.000
4634 0 1.2753 WEAKEN 0.681
4635 0 1.6684 WEAKEN 0.574
4636 1 8.1125 FREEZE 0.000
4637 0 1.6571 WEAKEN 0.618
4638 0 1.5739 WEAKEN 0.499
4639 0 1.6527 WEAKEN 0.292
4640 0 1.6306 SCAR 0.000
4641 0 1.8793 FREEZE 0.000
4642 0 1.9450 FREEZE 0.000
4643 0 1.0378 PASS 1.000
4644 0 1.6379 FREEZE 0.000
4645 0 2.2254 FREEZE 0.000
4646 1 2.1713 FREEZE 0.000
4647 0 1.9076 WEAKEN 0.153
4648 0 1.5326 FREEZE 0.000
4649 0 1.8171 FREEZE 0.000
4650 0 1.0446 WEAKEN 0.626
4651 0 1.4164 PASS 1.000
4652 0 1.1717 WEAKEN 0.703
4653 0 1.3448 WEAKEN 0.461
4654 0 1.6775 WEAKEN 0.329
4655 0 1.4543 WEAKEN 0.669
4656 0 1.7593 FREEZE 0.000
4657 1 2.5361 SCAR 0.000
4658 0 1.7790 WEAKEN 0.254
4659 0 1.4500 WEAKEN 0.523
4660 0 1.6909 WEAKEN 0.145
4661 1 2.1933 SCAR 0.000
4662 0 1.6722 WEAKEN 0.468
4663 0 1.8231 WEAKEN 0.504
4664 0 1.2350 WEAKEN 0.625
4665 0 1.5077 WEAKEN 0.675
4666 0 1.8299 WEAKEN 0.190
4667 0 1.4324 WEAKEN 0.818
4668 0 1.1757 WEAKEN 0.519
4669 0 1.8716 WEAKEN 0.225
4670 0 1.5390 WEAKEN 0.275
4671 0 1.3965 WEAKEN 0.679
4672 0 1.3144 PASS 1.000
4673 0 1.7444 WEAKEN 0.690
4674 0 1.4536 WEAKEN 0.223
4675 0 1.4611 WEAKEN 0.550
4676 0 1.1956 WEAKEN 0.889
4677 0 1.6519 WEAKEN 0.735
4678 0 1.6364 WEAKEN 0.187
4679 0 1.4773 PASS 1.000
4680 1 8.6194 FREEZE 0.000
4681 0 0.8829 WEAKEN 0.520
4682 0 1.7053 PASS 1.000
4683 0 1.7724 FREEZE 0.000
4684 0 1.2337 WEAKEN 0.864
4685 0 1.6741 WEAKEN 0.661
4686 0 1.4012 WEAKEN 0.323
4687 0 1.4502 WEAKEN 0.303
4688 0 2.0441 FREEZE 0.000
4689 0 1.6936 FREEZE 0.000
4690 0 1.8817 WEAKEN 0.230
4691 0 1.6664 WEAKEN 0.794
4692 0 1.2484 WEAKEN 0.857
4693 0 1.7854 WEAKEN 0.698
4694 0 1.2296 WEAKEN 0.206
4695 0 1.6475 WEAKEN 0.548
4696 0 1.5925 WEAKEN 0.024
4697 1 2.2967 DARK 0.000
4698 1 2.5592 FREEZE 0.000
4699 0 0.9568 WEAKEN 0.448
4700 0 1.2981 WEAKEN 0.617
4701 0 1.4354 WEAKEN 0.639
4702 0 1.2507 WEAKEN 0.713
4703 0 1.3766 WEAKEN 0.091
4704 0 2.0241 FREEZE 0.000
4705 0 1.6971 WEAKEN 0.580
4706 0 1.7018 WEAKEN 0.689
4707 0 1.2841 PASS 1.000
4708 0 1.3382 WEAKEN 0.667
4709 1 2.0845 SILENCE 0.000
4710 0 1.2232 WEAKEN 0.776
4711 1 6.5982 FREEZE 0.000
4712 1 2.3198 FREEZE 0.000
4713 0 1.9109 FREEZE 0.000
4714 0 1.7764 FREEZE 0.000
4715 1 1.9712 FREEZE 0.000
4716 0 1.6406 WEAKEN 0.225
4717 0 1.4833 WEAKEN 0.634
4718 0 2.0570 FREEZE 0.000
4719 0 1.8318 WEAKEN 0.635
4720 0 1.4896 PASS 1.000
4721 0 1.2301 WEAKEN 0.953
4722 0 1.2232 WEAKEN 0.369
4723 0 1.7288 WEAKEN 0.136
4724 0 1.7418 WEAKEN 0.908
4725 0 1.3126 WEAKEN 0.279
4726 0 1.6001 WEAKEN 0.202
4727 0 1.5891 WEAKEN 0.314
4728 0 1.4831 WEAKEN 0.523
4729 0 1.7732 FREEZE 0.000
4730 0 1.5146 WEAKEN 0.430
4731 0 1.8164 FREEZE 0.000
4732 0 1.3441 WEAKEN 0.541
4733 0 1.8207 FREEZE 0.000
4734 0 1.3183 WEAKEN 0.563
4735 0 1.5533 WEAKEN 0.480
4736 0 2.1495 WEAKEN 0.452
4737 0 1.3251 WEAKEN 0.125
4738 0 1.6730 WEAKEN 0.813
4739 0 1.2156 PASS 1.000
4740 0 1.5436 PASS 1.000
4741 0 1.0568 WEAKEN 0.828
4742 0 1.7152 WEAKEN 0.273
4743 0 1.7376 WEAKEN 0.677
4744 0 1.8710 WEAKEN 0.847
4745 0 2.0372 FREEZE 0.000
4746 0 1.4500 WEAKEN 0.656
4747 1 2.2973 SILENCE 0.000
4748 0 1.9489 WEAKEN 0.249
4749 0 1.0901 WEAKEN 0.450
4750 0 1.6533 WEAKEN 0.553
4751 0 1.4648 WEAKEN 0.951
4752 0 1.2613 WEAKEN 0.925
4753 0 1.7504 WEAKEN 0.638
4754 0 1.7069 WEAKEN 0.835
4755 0 1.9270 WEAKEN 0.593
4756 0 2.0031 FREEZE 0.000
4757 0 1.7222 FREEZE 0.000
4758 0 2.1209 WEAKEN 0.158
4759 0 2.0374 FREEZE 0.000
4760 0 1.4889 WEAKEN 0.447
4761 0 1.3151 WEAKEN 0.500
4762 0 1.3423 PASS 1.000
4763 0 2.1237 FREEZE 0.000
4764 0 1.4817 WEAKEN 0.612
4765 0 1.4113 WEAKEN 0.087
4766 0 1.7654 FREEZE 0.000
4767 1 2.5140 SCAR 0.000
4768 0 0.9526 WEAKEN 0.046
4769 0 1.9907 WEAKEN 0.338
4770 0 1.0184 WEAKEN 0.827
4771 1 8.3615 FREEZE 0.000
4772 0 1.5419 WEAKEN 0.731
4773 0 1.7627 WEAKEN 0.370
4774 0 1.5846 WEAKEN 0.252
4775 0 1.1744 WEAKEN 0.237
4776 0 1.4952 WEAKEN 0.657
4777 1 2.3532 FREEZE 0.000
4778 0 1.3607 WEAKEN 0.585
4779 0 2.1566 FREEZE 0.000
4780 0 2.0947 WEAKEN 0.091
4781 0 1.2932 WEAKEN 0.252
4782 0 1.3893 WEAKEN 0.604
4783 0 1.6201 WEAKEN 0.553
4784 0 1.4193 WEAKEN 0.721
4785 1 8.3573 FREEZE 0.000
4786 0 1.5410 WEAKEN 0.405
4787 0 1.6553 WEAKEN 0.167
4788 1 8.7533 FREEZE 0.000
4789 0 2.0144 WEAKEN 0.280
4790 0 1.7926 WEAKEN 0.102
4791 0 1.0438 WEAKEN 0.619
4792 0 1.8281 WEAKEN 0.580
4793 0 1.4535 WEAKEN 0.679
4794 0 1.9542 FREEZE 0.000
4795 0 2.0925 SILENCE 0.000
4796 0 1.4794 WEAKEN 0.455
4797 0 0.9293 WEAKEN 0.839
4798 0 1.2769 WEAKEN 0.931
4799 0 1.8611 WEAKEN 0.112
4800 0 2.1713 WEAKEN 0.339
4801 0 1.5173 WEAKEN 0.484
4802 0 0.7950 WEAKEN 0.812
4803 1 8.3961 FREEZE 0.000
4804 0 1.7147 WEAKEN 0.157
4805 0 1.6842 WEAKEN 0.533
4806 0 1.5444 WEAKEN 0.618
4807 0 2.5206 FREEZE 0.000
4808 0 2.1598 WEAKEN 0.293
4809 0 1.9256 FREEZE 0.000
4810 0 1.5676 WEAKEN 0.332
4811 0 1.8060 FREEZE 0.000
4812 0 1.6181 WEAKEN 0.594
4813 0 1.3477 WEAKEN 0.648
4814 0 1.2348 WEAKEN 0.206
4815 0 1.2426 PASS 1.000
4816 0 1.2022 WEAKEN 0.894
4817 0 1.1492 WEAKEN 0.275
4818 0 1.2497 WEAKEN 0.820
4819 0 1.5814 WEAKEN 0.868
4820 0 1.3238 WEAKEN 0.570
4821 0 1.2784 PASS 1.000
4822 0 2.6527 WEAKEN 0.119
4823 0 1.1414 WEAKEN 0.634
4824 0 1.4245 WEAKEN 0.258
4825 0 1.5556 FREEZE 0.000
4826 0 1.3913 WEAKEN 0.026
4827 0 1.3776 FREEZE 0.000
4828 0 1.2163 WEAKEN 0.893
4829 0 1.2969 WEAKEN 0.020
4830 0 1.2695 WEAKEN 0.377
4831 0 2.1496 WEAKEN 0.173
4832 0 1.4976 WEAKEN 0.942
4833 0 1.4037 WEAKEN 0.585
4834 0 1.6509 WEAKEN 0.641
4835 0 1.1098 WEAKEN 0.781
4836 0 1.0998 WEAKEN 0.503
4837 0 1.6256 WEAKEN 0.726
4838 0 1.4711 WEAKEN 0.128
4839 0 2.0382 FREEZE 0.000
4840 0 1.6714 WEAKEN 0.122
4841 0 1.3735 WEAKEN 0.578
4842 0 1.2465 WEAKEN 0.849
4843 0 1.4723 WEAKEN 0.236
4844 0 1.6839 WEAKEN 0.705
4845 0 1.3772 WEAKEN 0.960
4846 0 1.2909 WEAKEN 0.302
4847 0 1.2970 WEAKEN 0.381
4848 0 1.3270 WEAKEN 0.456
4849 0 1.6322 PASS 1.000
4850 0 1.7357 WEAKEN 0.979
4851 0 1.6662 WEAKEN 0.348
4852 0 2.4408 WEAKEN 0.225
4853 0 2.2058 WEAKEN 0.221
4854 0 1.9657 FREEZE 0.000
4855 0 1.4432 WEAKEN 0.500
4856 0 1.6541 SCAR 0.000
4857 0 1.6234 WEAKEN 0.658
4858 0 1.8016 WEAKEN 0.365
4859 0 1.2238 WEAKEN 0.631
4860 0 1.6806 FREEZE 0.000
4861 0 1.4857 PASS 1.000
4862 0 1.8102 WEAKEN 0.461
4863 0 1.4437 WEAKEN 0.502
4864 0 1.5016 WEAKEN 0.477
4865 0 1.6142 WEAKEN 0.316
4866 0 2.0307 FREEZE 0.000
4867 0 1.3433 WEAKEN 0.469
4868 1 2.2047 SILENCE 0.000
4869 1 2.1067 FREEZE 0.000
4870 1 2.3611 FREEZE 0.000
4871 0 1.1588 WEAKEN 0.314
4872 0 1.3456 WEAKEN 0.851
4873 1 2.1389 SCAR 0.000
4874 0 1.4927 WEAKEN 0.415
4875 0 1.5953 WEAKEN 0.523
4876 0 1.2861 PASS 1.000
4877 0 1.5751 FREEZE 0.000
4878 0 1.0902 WEAKEN 0.799
4879 0 1.0990 WEAKEN 0.998
4880 0 1.5523 WEAKEN 0.409
4881 0 1.7078 WEAKEN 0.274
4882 0 1.3594 WEAKEN 0.699
4883 0 1.2383 FREEZE 0.000
4884 0 1.5527 FREEZE 0.000
4885 0 1.5309 WEAKEN 0.348
4886 0 1.9251 FREEZE 0.000
4887 0 1.2098 PASS 1.000
4888 0 1.6699 FREEZE 0.000
4889 1 2.1129 SCAR 0.000
4890 0 1.2274 WEAKEN 0.524
4891 0 1.3113 WEAKEN 0.037
4892 0 1.3815 WEAKEN 0.966
4893 0 2.0059 WEAKEN 0.251
4894 0 1.5361 WEAKEN 0.164
4895 0 1.2078 PASS 1.000
4896 0 1.2009 PASS 1.000
4897 0 1.4714 WEAKEN 0.982
4898 0 1.1100 WEAKEN 0.897
4899 0 1.7355 FREEZE 0.000
4900 1 2.0744 SILENCE 0.000
4901 0 1.1458 WEAKEN 0.864
4902 0 1.7297 WEAKEN 0.334
4903 0 1.6406 WEAKEN 0.799
4904 0 2.0215 WEAKEN 0.200
4905 0 1.5472 FREEZE 0.000
4906 0 1.0774 WEAKEN 0.941
4907 0 1.8675 WEAKEN 0.381
4908 0 1.5570 PASS 1.000
4909 0 1.6427 WEAKEN 0.207
4910 0 1.8058 WEAKEN 0.640
4911 0 1.7090 WEAKEN 0.008
4912 1 7.1576 FREEZE 0.000
4913 0 1.3514 WEAKEN 0.289
4914 0 1.6372 WEAKEN 0.581
4915 0 1.4729 WEAKEN 0.548
4916 0 1.8627 WEAKEN 0.415
4917 0 1.4712 WEAKEN 0.340
4918 0 1.5224 WEAKEN 0.396
4919 1 1.9812 FREEZE 0.000
4920 1 2.1748 SCAR 0.000
4921 0 1.5443 FREEZE 0.000
4922 0 1.2603 WEAKEN 0.945
4923 0 1.6520 WEAKEN 0.512
4924 0 1.5545 FREEZE 0.000
4925 0 1.3406 WEAKEN 0.264
4926 0 1.9034 FREEZE 0.000
4927 0 1.6836 PASS 1.000
4928 0 2.1535 FREEZE 0.000
4929 1 2.4154 FREEZE 0.000
4930 0 1.3877 WEAKEN 0.860
4931 0 1.2607 WEAKEN 0.814
4932 0 1.3902 WEAKEN 0.810
4933 0 1.0874 WEAKEN 0.550
4934 0 1.6704 WEAKEN 0.409
4935 0 1.7062 WEAKEN 0.807
4936 0 1.5547 FREEZE 0.000
4937 0 1.4810 WEAKEN 0.727
4938 0 1.3402 WEAKEN 0.565
4939 0 1.5805 FREEZE 0.000
4940 0 1.2211 WEAKEN 0.460
4941 0 1.4062 WEAKEN 0.392
4942 0 1.3389 WEAKEN 0.247
4943 0 1.2493 WEAKEN 0.783
4944 0 1.1886 WEAKEN 0.457
4945 0 1.9616 FREEZE 0.000
4946 0 2.0050 WEAKEN 0.084
4947 0 1.9336 WEAKEN 0.538
4948 0 1.3365 WEAKEN 0.715
4949 0 1.5380 FREEZE 0.000
4950 0 1.9418 FREEZE 0.000
4951 0 1.0444 WEAKEN 0.699
4952 0 2.0704 SCAR 0.000
4953 0 1.0065 WEAKEN 0.799
4954 0 1.4023 PASS 1.000
4955 0 1.8444 WEAKEN 0.805
4956 0 1.5892 WEAKEN 0.598
4957 0 1.3923 WEAKEN 0.220
4958 1 2.3301 FREEZE 0.000
4959 1 2.1727 SILENCE 0.000
4960 0 1.8082 WEAKEN 0.011
4961 0 1.0652 WEAKEN 0.703
4962 0 1.7161 WEAKEN 0.569
4963 0 1.3226 PASS 1.000
4964 0 1.3845 WEAKEN 0.658
4965 1 2.0534 FREEZE 0.000
4966 0 1.3345 WEAKEN 0.564
4967 0 1.2329 WEAKEN 0.655
4968 0 1.9848 FREEZE 0.000
4969 0 1.3245 WEAKEN 0.448
4970 0 1.7206 WEAKEN 0.067
4971 0 1.9186 WEAKEN 0.524
4972 0 1.1718 WEAKEN 0.880
4973 0 1.1071 WEAKEN 0.323
4974 0 2.1330 FREEZE 0.000
4975 0 1.5022 WEAKEN 0.777
4976 0 1.7043 WEAKEN 0.215
4977 0 1.4206 WEAKEN 0.039
4978 0 1.5675 WEAKEN 0.343
4979 0 2.1957 FREEZE 0.000
4980 0 1.4526 WEAKEN 0.203
4981 0 1.0114 FREEZE 0.000
4982 1 2.2338 FREEZE 0.000
4983 1 2.1790 FREEZE 0.000
4984 0 1.6079 WEAKEN 0.390
4985 0 1.2933 WEAKEN 0.612
4986 1 5.1817 FREEZE 0.000
4987 0 1.1560 WEAKEN 0.956
4988 0 1.2257 WEAKEN 0.640
4989 0 1.5449 WEAKEN 0.902
4990 0 1.4860 WEAKEN 0.466
4991 0 1.3908 WEAKEN 0.402
4992 1 2.2150 SILENCE 0.000
4993 0 1.8337 FREEZE 0.000
4994 0 1.3243 WEAKEN 0.186
4995 1 2.2683 FREEZE 0.000
4996 0 1.7645 WEAKEN 0.153
4997 0 2.1649 FREEZE 0.000
4998 0 1.6449 WEAKEN 0.103
4999 0 1.5930 WEAKEN 0.908
5000 0 1.4841 WEAKEN 0.694
