# step source loss verdict alpha
1 1 5.5673 PASS 1.000
2 0 5.4816 PASS 1.000
3 0 5.4247 PASS 1.000
4 1 5.1774 PASS 1.000
5 0 4.6470 PASS 1.000
6 0 4.6597 PASS 1.000
7 0 4.6743 PASS 1.000
8 1 4.4509 PASS 1.000
9 0 4.4012 PASS 1.000
10 0 4.1884 PASS 1.000
11 0 4.2453 PASS 1.000
12 0 3.9694 PASS 1.000
13 0 3.8403 PASS 1.000
14 1 3.7384 PASS 1.000
15 0 3.7871 PASS 1.000
16 0 3.7206 PASS 1.000
17 0 3.5994 PASS 1.000
18 0 3.6590 PASS 1.000
19 0 3.4004 PASS 1.000
20 0 3.4867 PASS 1.000
21 0 3.2591 PASS 1.000
22 0 3.3721 PASS 1.000
23 0 3.2026 PASS 1.000
24 0 2.9178 PASS 1.000
25 0 2.9871 PASS 1.000
26 0 2.9553 PASS 1.000
27 0 2.7360 PASS 1.000
28 0 3.0678 PASS 1.000
29 0 2.8543 PASS 1.000
30 0 2.7310 PASS 1.000
31 0 2.7394 PASS 1.000
32 0 2.9413 PASS 1.000
33 0 2.8773 PASS 1.000
34 0 2.7457 PASS 1.000
35 0 3.0258 PASS 1.000
36 0 3.1739 PASS 1.000
37 0 2.7507 PASS 1.000
38 0 2.9617 PASS 1.000
39 0 2.8862 PASS 1.000
40 0 2.7459 PASS 1.000
41 0 3.0338 PASS 1.000
42 1 4.4522 PASS 1.000
43 0 2.7304 PASS 1.000
44 0 2.7679 PASS 1.000
45 0 2.5822 PASS 1.000
46 0 2.9180 PASS 1.000
47 0 2.6310 PASS 1.000
48 0 2.8063 PASS 1.000
49 0 2.7483 PASS 1.000
50 0 2.6391 PASS 1.000
51 0 2.7298 PASS 1.000
52 0 2.5702 PASS 1.000
53 0 2.7840 PASS 1.000
54 0 2.5992 PASS 1.000
55 0 2.9973 PASS 1.000
56 0 2.8055 PASS 1.000
57 0 2.5136 PASS 1.000
58 0 2.8851 PASS 1.000
59 0 2.6148 PASS 1.000
60 0 2.7460 PASS 1.000
61 1 2.9285 PASS 1.000
62 1 3.2553 PASS 1.000
63 1 3.0456 PASS 1.000
64 0 2.4681 PASS 1.000
65 0 2.7485 PASS 1.000
66 0 2.6379 PASS 1.000
67 0 2.8313 PASS 1.000
68 0 2.8382 PASS 1.000
69 0 2.7373 PASS 1.000
70 0 2.4790 PASS 1.000
71 0 2.7257 PASS 1.000
72 0 2.3085 PASS 1.000
73 0 2.6410 PASS 1.000
74 0 2.7367 PASS 1.000
75 0 2.4197 PASS 1.000
76 0 2.4384 PASS 1.000
77 0 2.6312 PASS 1.000
78 0 2.9872 PASS 1.000
79 0 2.5877 PASS 1.000
80 0 2.8239 PASS 1.000
81 0 2.3377 PASS 1.000
82 0 2.8885 PASS 1.000
83 1 2.8867 PASS 1.000
84 0 2.4732 PASS 1.000
85 0 2.5794 PASS 1.000
86 0 2.4579 PASS 1.000
87 1 4.4824 PASS 1.000
88 1 5.1377 PASS 1.000
89 0 2.7977 PASS 1.000
90 0 2.4822 PASS 1.000
91 0 3.0070 PASS 1.000
92 0 2.8249 PASS 1.000
93 0 2.9271 PASS 1.000
94 0 2.4747 PASS 1.000
95 0 2.6173 PASS 1.000
96 0 2.6552 PASS 1.000
97 0 2.8014 PASS 1.000
98 0 3.0006 PASS 1.000
99 0 2.8432 PASS 1.000
100 0 2.8586 PASS 1.000
101 0 2.6016 PASS 1.000
102 0 2.6498 PASS 1.000
103 0 2.4990 PASS 1.000
104 0 2.8712 PASS 1.000
105 0 2.6143 PASS 1.000
106 0 2.6151 PASS 1.000
107 0 2.4701 PASS 1.000
108 0 2.3970 PASS 1.000
109 0 2.5129 PASS 1.000
110 0 2.5970 PASS 1.000
111 0 2.7834 PASS 1.000
112 0 2.5636 PASS 1.000
113 0 2.4615 PASS 1.000
114 0 2.5400 PASS 1.000
115 0 2.6759 PASS 1.000
116 0 2.6113 PASS 1.000
117 0 2.8720 PASS 1.000
118 0 2.4870 PASS 1.000
119 0 2.4838 PASS 1.000
120 0 2.5908 PASS 1.000
121 0 2.6145 PASS 1.000
122 0 2.6811 PASS 1.000
123 0 2.6052 PASS 1.000
124 0 2.4527 PASS 1.000
125 0 2.6246 PASS 1.000
126 1 2.8617 PASS 1.000
127 0 2.4377 PASS 1.000
128 0 2.7288 PASS 1.000
129 0 2.3470 PASS 1.000
130 0 2.3307 PASS 1.000
131 0 2.3968 PASS 1.000
132 1 2.9880 PASS 1.000
133 0 2.3094 PASS 1.000
134 0 2.4135 PASS 1.000
135 1 2.6599 PASS 1.000
136 0 2.6174 PASS 1.000
137 0 2.8719 PASS 1.000
138 0 2.4517 PASS 1.000
139 0 2.6264 PASS 1.000
140 0 2.4465 PASS 1.000
141 0 2.5239 PASS 1.000
142 0 2.6664 PASS 1.000
143 0 2.5947 PASS 1.000
144 0 2.8499 PASS 1.000
145 0 2.7544 PASS 1.000
146 0 2.5671 PASS 1.000
147 0 2.5401 PASS 1.000
148 0 2.4489 PASS 1.000
149 0 2.6703 PASS 1.000
150 0 2.6839 PASS 1.000
151 0 2.4123 PASS 1.000
152 0 2.6376 PASS 1.000
153 1 2.9452 PASS 1.000
154 0 2.4299 PASS 1.000
155 0 2.5073 PASS 1.000
156 0 2.6583 PASS 1.000
157 0 2.5365 PASS 1.000
158 0 2.4004 PASS 1.000
159 0 2.4120 PASS 1.000
160 0 2.5164 PASS 1.000
161 0 2.4021 PASS 1.000
162 0 2.5780 PASS 1.000
163 0 2.5373 PASS 1.000
164 0 2.4193 PASS 1.000
165 0 2.4177 PASS 1.000
166 0 2.3301 PASS 1.000
167 0 2.3487 PASS 1.000
168 0 2.2545 PASS 1.000
169 0 2.9077 PASS 1.000
170 0 2.3349 PASS 1.000
171 0 2.5962 PASS 1.000
172 0 2.6694 PASS 1.000
173 0 2.5875 PASS 1.000
174 0 2.5085 PASS 1.000
175 0 2.4545 PASS 1.000
176 0 2.3563 PASS 1.000
177 0 2.3443 PASS 1.000
178 0 2.5038 PASS 1.000
179 0 2.6380 PASS 1.000
180 0 2.2010 PASS 1.000
181 0 2.3517 PASS 1.000
182 0 2.2871 PASS 1.000
183 0 2.7432 PASS 1.000
184 0 2.4748 PASS 1.000
185 0 2.2668 PASS 1.000
186 0 2.6100 PASS 1.000
187 0 2.9462 PASS 1.000
188 0 2.3192 PASS 1.000
189 0 2.2595 PASS 1.000
190 0 2.7735 PASS 1.000
191 0 2.4603 PASS 1.000
192 0 2.6684 PASS 1.000
193 0 2.1560 PASS 1.000
194 0 2.2698 PASS 1.000
195 0 2.4428 PASS 1.000
196 0 2.6273 PASS 1.000
197 0 2.7145 PASS 1.000
198 0 2.3141 PASS 1.000
199 1 2.6836 PASS 1.000
200 0 2.2986 PASS 1.000
201 0 2.3079 PASS 1.000
202 0 2.5163 PASS 1.000
203 0 2.3196 PASS 1.000
204 0 2.2144 PASS 1.000
205 0 2.2766 PASS 1.000
206 1 2.6052 PASS 1.000
207 0 3.0061 PASS 1.000
208 0 2.2025 PASS 1.000
209 1 2.5269 PASS 1.000
210 0 2.3294 PASS 1.000
211 1 2.5527 PASS 1.000
212 0 2.2510 PASS 1.000
213 0 2.4278 PASS 1.000
214 0 2.3215 PASS 1.000
215 0 2.5521 PASS 1.000
216 0 3.1698 PASS 1.000
217 1 6.6349 PASS 1.000
218 0 2.5550 PASS 1.000
219 0 2.2208 PASS 1.000
220 0 2.6519 PASS 1.000
221 0 2.3440 PASS 1.000
222 0 2.2701 PASS 1.000
223 1 2.5612 PASS 1.000
224 0 2.4059 PASS 1.000
225 0 2.5150 PASS 1.000
226 0 2.3873 PASS 1.000
227 0 2.5194 PASS 1.000
228 0 2.5872 PASS 1.000
229 0 2.2102 PASS 1.000
230 0 2.1314 PASS 1.000
231 0 2.3699 PASS 1.000
232 0 2.5881 PASS 1.000
233 0 2.2700 PASS 1.000
234 0 2.3274 PASS 1.000
235 0 2.4474 PASS 1.000
236 0 2.3356 PASS 1.000
237 1 2.5519 PASS 1.000
238 0 2.4406 PASS 1.000
239 1 2.6600 PASS 1.000
240 0 2.2800 PASS 1.000
241 0 2.3475 PASS 1.000
242 1 2.5259 PASS 1.000
243 0 2.3235 PASS 1.000
244 0 2.6801 PASS 1.000
245 0 2.4207 PASS 1.000
246 0 2.4559 PASS 1.000
247 0 2.4300 PASS 1.000
248 0 2.4998 PASS 1.000
249 0 2.1765 PASS 1.000
250 0 2.2749 PASS 1.000
251 0 2.4513 PASS 1.000
252 0 2.5857 PASS 1.000
253 0 2.0525 PASS 1.000
254 0 2.2004 PASS 1.000
255 1 2.5442 PASS 1.000
256 0 2.2213 PASS 1.000
257 0 2.4564 PASS 1.000
258 0 2.3698 PASS 1.000
259 0 2.2838 PASS 1.000
260 0 2.2002 PASS 1.000
261 0 2.3257 PASS 1.000
262 0 2.5114 PASS 1.000
263 0 2.6014 PASS 1.000
264 0 2.3703 PASS 1.000
265 0 2.4592 PASS 1.000
266 0 2.5076 PASS 1.000
267 0 2.3676 PASS 1.000
268 0 2.3636 PASS 1.000
269 1 2.4803 PASS 1.000
270 0 2.4316 PASS 1.000
271 0 2.4439 PASS 1.000
272 0 2.3573 PASS 1.000
273 0 2.3280 PASS 1.000
274 0 2.0827 PASS 1.000
275 0 2.4064 PASS 1.000
276 0 2.5693 PASS 1.000
277 0 2.3579 PASS 1.000
278 0 2.3398 PASS 1.000
279 0 2.6364 PASS 1.000
280 0 2.3111 PASS 1.000
281 1 2.4154 PASS 1.000
282 0 2.2185 PASS 1.000
283 0 2.3720 PASS 1.000
284 0 2.4473 PASS 1.000
285 0 2.5924 PASS 1.000
286 0 2.4308 PASS 1.000
287 0 2.2775 PASS 1.000
288 1 2.5647 PASS 1.000
289 0 2.0535 PASS 1.000
290 0 2.4134 PASS 1.000
291 0 2.3911 PASS 1.000
292 0 2.5427 PASS 1.000
293 0 2.2617 PASS 1.000
294 0 2.3301 PASS 1.000
295 0 2.2521 PASS 1.000
296 1 2.5398 PASS 1.000
297 0 2.2945 PASS 1.000
298 0 2.0775 PASS 1.000
299 0 2.6777 PASS 1.000
300 0 2.3524 PASS 1.000
301 1 2.3494 PASS 1.000
302 0 2.1610 PASS 1.000
303 1 2.3295 PASS 1.000
304 0 2.0479 PASS 1.000
305 0 2.4940 PASS 1.000
306 0 1.9685 PASS 1.000
307 0 2.1454 PASS 1.000
308 0 2.0856 PASS 1.000
309 0 2.1143 PASS 1.000
310 0 2.4967 PASS 1.000
311 0 2.3442 PASS 1.000
312 0 2.1461 PASS 1.000
313 0 2.3755 PASS 1.000
314 0 2.2876 PASS 1.000
315 0 2.4049 PASS 1.000
316 0 2.1477 PASS 1.000
317 0 2.2707 PASS 1.000
318 0 2.4627 PASS 1.000
319 0 2.4144 PASS 1.000
320 0 2.5229 PASS 1.000
321 0 2.1768 PASS 1.000
322 0 2.5525 PASS 1.000
323 0 2.1865 PASS 1.000
324 0 2.2915 PASS 1.000
325 0 2.3502 PASS 1.000
326 0 2.2805 PASS 1.000
327 1 2.4798 PASS 1.000
328 0 2.3374 PASS 1.000
329 0 2.0212 PASS 1.000
330 0 2.2499 PASS 1.000
331 0 2.2879 PASS 1.000
332 0 2.4639 PASS 1.000
333 1 6.9073 PASS 1.000
334 0 2.2132 PASS 1.000
335 1 2.4477 PASS 1.000
336 0 2.5899 PASS 1.000
337 0 1.9507 PASS 1.000
338 0 2.2393 PASS 1.000
339 0 2.6564 PASS 1.000
340 0 2.5190 PASS 1.000
341 0 2.6300 PASS 1.000
342 0 2.0597 PASS 1.000
343 0 2.2735 PASS 1.000
344 0 2.4665 PASS 1.000
345 0 2.1715 PASS 1.000
346 0 2.4331 PASS 1.000
347 0 2.2147 PASS 1.000
348 0 2.0957 PASS 1.000
349 0 2.4095 PASS 1.000
350 1 2.5435 PASS 1.000
351 0 2.6284 PASS 1.000
352 0 2.2755 PASS 1.000
353 0 2.0188 PASS 1.000
354 0 2.0957 PASS 1.000
355 0 2.1623 PASS 1.000
356 1 2.3591 PASS 1.000
357 0 2.2154 PASS 1.000
358 0 2.3691 PASS 1.000
359 0 2.4373 PASS 1.000
360 0 2.2771 PASS 1.000
361 0 2.4754 PASS 1.000
362 0 2.1226 PASS 1.000
363 0 2.1307 PASS 1.000
364 0 2.0928 PASS 1.000
365 0 2.1666 PASS 1.000
366 0 2.4946 PASS 1.000
367 0 2.2277 PASS 1.000
368 0 1.9599 PASS 1.000
369 0 2.2764 PASS 1.000
370 0 2.5279 PASS 1.000
371 0 2.2384 PASS 1.000
372 0 2.2622 PASS 1.000
373 0 2.6406 PASS 1.000
374 0 2.3363 PASS 1.000
375 0 2.0829 PASS 1.000
376 1 2.3961 PASS 1.000
377 0 2.1489 PASS 1.000
378 0 2.5155 PASS 1.000
379 0 2.2453 PASS 1.000
380 0 2.1633 PASS 1.000
381 0 2.3394 PASS 1.000
382 0 2.0151 PASS 1.000
383 0 2.2193 PASS 1.000
384 0 2.2412 PASS 1.000
385 0 2.0816 PASS 1.000
386 1 6.0298 PASS 1.000
387 0 2.6540 PASS 1.000
388 0 2.2614 PASS 1.000
389 0 2.0163 PASS 1.000
390 0 2.0908 PASS 1.000
391 0 2.3211 PASS 1.000
392 1 6.5809 PASS 1.000
393 0 2.2596 PASS 1.000
394 0 2.3204 PASS 1.000
395 0 2.4135 PASS 1.000
396 0 2.0947 PASS 1.000
397 0 2.5674 PASS 1.000
398 0 2.4257 PASS 1.000
399 0 2.2559 PASS 1.000
400 0 2.2409 PASS 1.000
401 0 2.4996 PASS 1.000
402 0 2.5203 PASS 1.000
403 0 2.2201 PASS 1.000
404 0 2.5078 PASS 1.000
405 0 2.3266 PASS 1.000
406 0 2.4303 PASS 1.000
407 0 2.1289 PASS 1.000
408 0 2.3395 PASS 1.000
409 0 2.1952 PASS 1.000
410 0 2.4127 PASS 1.000
411 0 2.1416 PASS 1.000
412 0 2.3440 PASS 1.000
413 0 2.4224 PASS 1.000
414 1 2.4532 PASS 1.000
415 0 2.6022 PASS 1.000
416 0 2.2355 PASS 1.000
417 0 2.2397 PASS 1.000
418 0 2.1131 PASS 1.000
419 0 2.2610 PASS 1.000
420 0 2.0603 PASS 1.000
421 0 2.2993 PASS 1.000
422 0 2.3501 PASS 1.000
423 0 2.2323 PASS 1.000
424 0 2.4030 PASS 1.000
425 0 2.4651 PASS 1.000
426 0 2.2355 PASS 1.000
427 0 1.9984 PASS 1.000
428 0 2.1764 PASS 1.000
429 0 2.8025 PASS 1.000
430 0 2.6240 PASS 1.000
431 0 2.2554 PASS 1.000
432 0 2.3650 PASS 1.000
433 0 2.4387 PASS 1.000
434 0 2.4246 PASS 1.000
435 0 2.1526 PASS 1.000
436 0 2.8322 PASS 1.000
437 0 2.1390 PASS 1.000
438 0 2.0553 PASS 1.000
439 0 1.9158 PASS 1.000
440 0 2.4054 PASS 1.000
441 0 2.1296 PASS 1.000
442 0 1.9746 PASS 1.000
443 0 2.1961 PASS 1.000
444 0 2.1339 PASS 1.000
445 0 2.0473 PASS 1.000
446 0 2.1755 PASS 1.000
447 1 4.9002 PASS 1.000
448 0 2.2121 PASS 1.000
449 0 2.2964 PASS 1.000
450 0 2.3437 PASS 1.000
451 0 2.2353 PASS 1.000
452 0 2.0857 PASS 1.000
453 0 2.1692 PASS 1.000
454 0 2.0977 PASS 1.000
455 0 2.3573 PASS 1.000
456 1 2.7029 PASS 1.000
457 0 2.3455 PASS 1.000
458 0 2.0955 PASS 1.000
459 0 2.5157 PASS 1.000
460 0 2.1982 PASS 1.000
461 1 2.4451 PASS 1.000
462 0 1.9766 PASS 1.000
463 0 2.3502 PASS 1.000
464 1 2.2890 PASS 1.000
465 0 2.3237 PASS 1.000
466 0 2.1037 PASS 1.000
467 0 2.4604 PASS 1.000
468 0 1.5029 PASS 1.000
469 0 2.3821 PASS 1.000
470 1 2.3442 PASS 1.000
471 0 2.0197 PASS 1.000
472 0 2.3823 PASS 1.000
473 0 2.5285 PASS 1.000
474 0 2.3764 PASS 1.000
475 0 2.3559 PASS 1.000
476 0 1.9809 PASS 1.000
477 0 2.1497 PASS 1.000
478 0 2.3360 PASS 1.000
479 0 2.2715 PASS 1.000
480 0 1.9749 PASS 1.000
481 0 2.0453 PASS 1.000
482 0 2.2583 PASS 1.000
483 0 2.2176 PASS 1.000
484 0 2.4232 PASS 1.000
485 0 2.1824 PASS 1.000
486 0 2.1688 PASS 1.000
487 0 2.3506 PASS 1.000
488 0 2.1153 PASS 1.000
489 0 2.3050 PASS 1.000
490 0 1.9493 PASS 1.000
491 0 1.9228 PASS 1.000
492 0 2.2245 PASS 1.000
493 0 2.0957 PASS 1.000
494 0 2.3227 PASS 1.000
495 0 2.8188 PASS 1.000
496 0 2.6664 PASS 1.000
497 0 2.0054 PASS 1.000
498 0 2.1955 PASS 1.000
499 0 2.2479 PASS 1.000
500 0 2.1905 PASS 1.000
501 0 2.1321 PASS 1.000
502 0 2.0483 PASS 1.000
503 0 2.0049 PASS 1.000
504 0 2.4913 PASS 1.000
505 0 2.0706 PASS 1.000
506 0 2.4502 PASS 1.000
507 0 2.1066 PASS 1.000
508 0 2.1053 PASS 1.000
509 1 2.4991 PASS 1.000
510 0 2.2080 PASS 1.000
511 0 2.2612 PASS 1.000
512 0 2.3384 PASS 1.000
513 0 2.0527 PASS 1.000
514 0 2.1348 PASS 1.000
515 0 1.9920 PASS 1.000
516 0 2.3014 PASS 1.000
517 1 2.3109 PASS 1.000
518 0 2.2822 PASS 1.000
519 1 2.2158 PASS 1.000
520 0 2.2829 PASS 1.000
521 0 2.1622 PASS 1.000
522 0 2.3538 PASS 1.000
523 0 2.2208 PASS 1.000
524 0 1.9853 PASS 1.000
525 0 1.9685 PASS 1.000
526 0 2.3169 PASS 1.000
527 0 2.2153 PASS 1.000
528 1 2.2369 PASS 1.000
529 1 2.3181 PASS 1.000
530 0 2.1763 PASS 1.000
531 0 2.5666 PASS 1.000
532 0 2.1028 PASS 1.000
533 0 2.1239 PASS 1.000
534 0 2.0966 PASS 1.000
535 0 2.2577 PASS 1.000
536 0 2.3315 PASS 1.000
537 0 2.1896 PASS 1.000
538 0 2.3153 PASS 1.000
539 0 1.9325 PASS 1.000
540 0 2.1541 PASS 1.000
541 1 2.2071 PASS 1.000
542 0 2.1146 PASS 1.000
543 0 2.1810 PASS 1.000
544 0 2.0822 PASS 1.000
545 0 2.0176 PASS 1.000
546 0 2.2099 PASS 1.000
547 0 1.8542 PASS 1.000
548 0 2.2319 PASS 1.000
549 0 2.3230 PASS 1.000
550 0 2.4448 PASS 1.000
551 0 2.2727 PASS 1.000
552 0 1.9726 PASS 1.000
553 0 2.1395 PASS 1.000
554 0 2.5005 PASS 1.000
555 0 2.4046 PASS 1.000
556 0 1.9632 PASS 1.000
557 0 1.9322 PASS 1.000
558 0 2.4754 PASS 1.000
559 1 2.1906 PASS 1.000
560 0 2.2980 PASS 1.000
561 0 2.0167 PASS 1.000
562 0 1.9430 PASS 1.000
563 0 1.8972 PASS 1.000
564 0 2.6990 PASS 1.000
565 0 2.1562 PASS 1.000
566 0 2.1827 PASS 1.000
567 0 2.1206 PASS 1.000
568 0 1.9988 PASS 1.000
569 0 2.1943 PASS 1.000
570 0 2.5752 PASS 1.000
571 0 2.2769 PASS 1.000
572 0 1.9112 PASS 1.000
573 0 2.2227 PASS 1.000
574 1 2.4538 PASS 1.000
575 0 1.8133 PASS 1.000
576 0 2.2084 PASS 1.000
577 0 2.1162 PASS 1.000
578 0 2.2496 PASS 1.000
579 0 2.7113 PASS 1.000
580 1 2.2156 PASS 1.000
581 0 2.3849 PASS 1.000
582 0 2.3309 PASS 1.000
583 0 2.2254 PASS 1.000
584 0 2.0763 PASS 1.000
585 0 2.4050 PASS 1.000
586 0 2.3735 PASS 1.000
587 0 2.1821 PASS 1.000
588 0 2.2081 PASS 1.000
589 0 1.9981 PASS 1.000
590 0 2.2035 PASS 1.000
591 0 2.1107 PASS 1.000
592 0 2.0156 PASS 1.000
593 0 2.0403 PASS 1.000
594 1 2.2993 PASS 1.000
595 0 1.7828 PASS 1.000
596 0 2.0591 PASS 1.000
597 1 2.1779 PASS 1.000
598 0 1.9694 PASS 1.000
599 0 2.1835 PASS 1.000
600 1 2.2483 PASS 1.000
601 0 1.9051 PASS 1.000
602 0 1.9847 PASS 1.000
603 0 2.0934 PASS 1.000
604 0 1.9904 PASS 1.000
605 0 2.2149 PASS 1.000
606 0 1.7637 PASS 1.000
607 0 2.3368 PASS 1.000
608 0 2.1618 PASS 1.000
609 0 2.5387 PASS 1.000
610 0 2.2932 PASS 1.000
611 0 2.2032 PASS 1.000
612 1 2.1625 PASS 1.000
613 0 2.3821 PASS 1.000
614 1 1.9714 PASS 1.000
615 0 2.2787 PASS 1.000
616 0 2.1633 PASS 1.000
617 0 2.1803 PASS 1.000
618 0 2.3265 PASS 1.000
619 0 2.0683 PASS 1.000
620 0 2.3041 PASS 1.000
621 0 2.4509 PASS 1.000
622 0 2.1667 PASS 1.000
623 0 1.9071 PASS 1.000
624 0 2.2745 PASS 1.000
625 0 2.1605 PASS 1.000
626 1 1.7557 PASS 1.000
627 0 2.3224 PASS 1.000
628 0 2.1780 PASS 1.000
629 0 2.1224 PASS 1.000
630 0 2.2241 PASS 1.000
631 0 2.3162 PASS 1.000
632 0 2.1155 PASS 1.000
633 0 2.2691 PASS 1.000
634 0 2.0282 PASS 1.000
635 0 2.5942 PASS 1.000
636 0 2.2215 PASS 1.000
637 0 1.9256 PASS 1.000
638 0 2.1521 PASS 1.000
639 0 1.8553 PASS 1.000
640 0 2.3998 PASS 1.000
641 0 2.4513 PASS 1.000
642 0 2.1650 PASS 1.000
643 0 2.1257 PASS 1.000
644 0 2.1403 PASS 1.000
645 0 2.0648 PASS 1.000
646 0 1.9911 PASS 1.000
647 0 2.3632 PASS 1.000
648 0 1.9797 PASS 1.000
649 0 1.9154 PASS 1.000
650 0 2.0315 PASS 1.000
651 0 2.5156 PASS 1.000
652 0 2.0476 PASS 1.000
653 0 1.9966 PASS 1.000
654 0 1.7447 PASS 1.000
655 0 2.2748 PASS 1.000
656 0 2.0280 PASS 1.000
657 0 2.0946 PASS 1.000
658 0 1.9059 PASS 1.000
659 0 2.4151 PASS 1.000
660 0 2.4641 PASS 1.000
661 0 2.0841 PASS 1.000
662 0 2.0407 PASS 1.000
663 0 2.0739 PASS 1.000
664 0 2.0419 PASS 1.000
665 0 2.1680 PASS 1.000
666 0 2.0337 PASS 1.000
667 0 2.4978 PASS 1.000
668 1 2.3277 PASS 1.000
669 0 2.3083 PASS 1.000
670 0 2.0498 PASS 1.000
671 0 1.9857 PASS 1.000
672 0 2.0232 PASS 1.000
673 0 2.1478 PASS 1.000
674 0 2.1608 PASS 1.000
675 0 2.0844 PASS 1.000
676 0 2.5543 PASS 1.000
677 1 2.3006 PASS 1.000
678 0 2.1603 PASS 1.000
679 0 1.9986 PASS 1.000
680 0 2.1143 PASS 1.000
681 0 2.0818 PASS 1.000
682 0 2.0981 PASS 1.000
683 0 2.0501 PASS 1.000
684 0 2.1866 PASS 1.000
685 0 2.3974 PASS 1.000
686 0 2.1196 PASS 1.000
687 0 2.1008 PASS 1.000
688 0 2.4149 PASS 1.000
689 0 2.2335 PASS 1.000
690 0 2.2681 PASS 1.000
691 0 2.0279 PASS 1.000
692 0 1.8872 PASS 1.000
693 0 1.9029 PASS 1.000
694 0 2.3871 PASS 1.000
695 0 2.0705 PASS 1.000
696 0 1.9196 PASS 1.000
697 0 1.9617 PASS 1.000
698 0 2.3317 PASS 1.000
699 0 2.3040 PASS 1.000
700 0 1.9560 PASS 1.000
701 0 1.9330 PASS 1.000
702 0 1.7938 PASS 1.000
703 0 2.2912 PASS 1.000
704 0 1.8811 PASS 1.000
705 0 1.8765 PASS 1.000
706 0 1.8844 PASS 1.000
707 0 1.8947 PASS 1.000
708 0 2.2429 PASS 1.000
709 0 2.5423 PASS 1.000
710 0 2.1642 PASS 1.000
711 0 2.0686 PASS 1.000
712 0 1.9400 PASS 1.000
713 0 2.2973 PASS 1.000
714 0 2.4187 PASS 1.000
715 0 2.2487 PASS 1.000
716 0 2.2664 PASS 1.000
717 0 2.0162 PASS 1.000
718 0 2.2278 PASS 1.000
719 0 2.0497 PASS 1.000
720 0 1.9607 PASS 1.000
721 0 1.9356 PASS 1.000
722 0 2.5203 PASS 1.000
723 0 2.3988 PASS 1.000
724 1 2.0486 PASS 1.000
725 0 2.4115 PASS 1.000
726 0 2.0383 PASS 1.000
727 0 2.4083 PASS 1.000
728 0 2.0912 PASS 1.000
729 0 2.0786 PASS 1.000
730 0 2.3211 PASS 1.000
731 0 2.0085 PASS 1.000
732 0 2.2064 PASS 1.000
733 0 2.4406 PASS 1.000
734 1 5.4985 PASS 1.000
735 0 2.1927 PASS 1.000
736 0 2.0124 PASS 1.000
737 0 2.7389 PASS 1.000
738 0 1.8881 PASS 1.000
739 0 2.2705 PASS 1.000
740 0 2.0644 PASS 1.000
741 0 1.9621 PASS 1.000
742 0 2.1736 PASS 1.000
743 0 2.1782 PASS 1.000
744 0 2.2562 PASS 1.000
745 0 2.1196 PASS 1.000
746 0 2.0247 PASS 1.000
747 0 1.7874 PASS 1.000
748 0 2.1497 PASS 1.000
749 1 2.1484 PASS 1.000
750 0 1.8632 PASS 1.000
751 0 2.0464 PASS 1.000
752 0 2.2098 PASS 1.000
753 0 2.3696 PASS 1.000
754 0 2.1823 PASS 1.000
755 0 1.9331 PASS 1.000
756 0 2.2309 PASS 1.000
757 0 1.9134 PASS 1.000
758 0 2.0874 PASS 1.000
759 0 1.9064 PASS 1.000
760 0 2.0011 PASS 1.000
761 0 2.3277 PASS 1.000
762 0 1.9771 PASS 1.000
763 0 2.5569 PASS 1.000
764 0 1.8436 PASS 1.000
765 1 1.9294 PASS 1.000
766 0 2.2798 PASS 1.000
767 0 1.9433 PASS 1.000
768 0 2.1732 PASS 1.000
769 0 1.8972 PASS 1.000
770 0 1.6500 PASS 1.000
771 0 1.8623 PASS 1.000
772 0 2.6533 PASS 1.000
773 0 2.1796 PASS 1.000
774 0 1.9126 PASS 1.000
775 0 2.1529 PASS 1.000
776 0 2.0374 PASS 1.000
777 0 2.0430 PASS 1.000
778 0 2.1420 PASS 1.000
779 0 1.9874 PASS 1.000
780 0 2.0262 PASS 1.000
781 0 1.9250 PASS 1.000
782 0 1.7859 PASS 1.000
783 0 2.0685 PASS 1.000
784 0 1.9322 PASS 1.000
785 1 2.5178 PASS 1.000
786 0 2.2663 PASS 1.000
787 0 1.9667 PASS 1.000
788 0 2.2917 PASS 1.000
789 0 2.1542 PASS 1.000
790 0 2.2472 PASS 1.000
791 0 2.0610 PASS 1.000
792 1 2.1243 PASS 1.000
793 0 2.1207 PASS 1.000
794 1 2.0899 PASS 1.000
795 1 2.0716 PASS 1.000
796 0 1.7772 PASS 1.000
797 0 2.2444 PASS 1.000
798 0 1.9157 PASS 1.000
799 0 2.0884 PASS 1.000
800 0 2.0987 PASS 1.000
801 0 1.7956 PASS 1.000
802 0 2.0914 PASS 1.000
803 0 2.2103 PASS 1.000
804 0 2.3965 PASS 1.000
805 0 2.0401 PASS 1.000
806 0 1.7725 PASS 1.000
807 0 1.6086 PASS 1.000
808 0 2.1632 PASS 1.000
809 0 1.8450 PASS 1.000
810 1 2.2691 PASS 1.000
811 0 2.0211 PASS 1.000
812 0 2.1468 PASS 1.000
813 0 2.1529 PASS 1.000
814 0 1.6549 PASS 1.000
815 0 2.5298 PASS 1.000
816 0 2.2710 PASS 1.000
817 0 1.9886 PASS 1.000
818 0 1.7762 PASS 1.000
819 0 2.1095 PASS 1.000
820 0 1.7560 PASS 1.000
821 1 2.0296 PASS 1.000
822 1 2.3162 PASS 1.000
823 0 1.8303 PASS 1.000
824 1 2.1963 PASS 1.000
825 0 2.2546 PASS 1.000
826 0 1.6762 PASS 1.000
827 0 2.0623 PASS 1.000
828 0 2.0411 PASS 1.000
829 0 1.8091 PASS 1.000
830 0 1.7397 PASS 1.000
831 0 2.2499 PASS 1.000
832 0 1.9622 PASS 1.000
833 0 2.1532 PASS 1.000
834 0 2.2831 PASS 1.000
835 0 1.4223 PASS 1.000
836 0 1.7055 PASS 1.000
837 0 1.7637 PASS 1.000
838 0 1.9920 PASS 1.000
839 0 2.0248 PASS 1.000
840 0 2.0784 PASS 1.000
841 1 3.1323 PASS 1.000
842 0 2.1106 PASS 1.000
843 0 2.0587 PASS 1.000
844 0 2.1472 PASS 1.000
845 0 1.9511 PASS 1.000
846 0 2.1643 PASS 1.000
847 0 1.9599 PASS 1.000
848 0 1.5452 PASS 1.000
849 0 2.0679 PASS 1.000
850 0 1.9346 PASS 1.000
851 0 2.0157 PASS 1.000
852 0 1.8395 PASS 1.000
853 0 1.9817 PASS 1.000
854 0 2.1065 PASS 1.000
855 0 1.9370 PASS 1.000
856 0 2.2550 PASS 1.000
857 0 2.0415 PASS 1.000
858 0 1.9711 PASS 1.000
859 0 2.1586 PASS 1.000
860 0 1.9717 PASS 1.000
861 1 1.9367 PASS 1.000
862 0 1.9193 PASS 1.000
863 0 1.8278 PASS 1.000
864 0 2.0719 PASS 1.000
865 0 1.9479 PASS 1.000
866 0 1.8231 PASS 1.000
867 0 2.2292 PASS 1.000
868 0 2.0285 PASS 1.000
869 0 2.0598 PASS 1.000
870 0 1.9387 PASS 1.000
871 0 1.8615 PASS 1.000
872 0 1.9815 PASS 1.000
873 0 1.9685 PASS 1.000
874 0 1.9412 PASS 1.000
875 0 1.6807 PASS 1.000
876 0 2.4167 PASS 1.000
877 0 2.1740 PASS 1.000
878 0 1.9185 PASS 1.000
879 0 2.1726 PASS 1.000
880 0 1.7484 PASS 1.000
881 0 1.8769 PASS 1.000
882 0 2.2496 PASS 1.000
883 0 2.0617 PASS 1.000
884 0 2.1466 PASS 1.000
885 0 2.2713 PASS 1.000
886 0 2.0283 PASS 1.000
887 0 2.1742 PASS 1.000
888 0 1.6319 PASS 1.000
889 0 1.9734 PASS 1.000
890 0 2.1000 PASS 1.000
891 0 1.8602 PASS 1.000
892 0 2.0904 PASS 1.000
893 0 1.9004 PASS 1.000
894 0 2.4453 PASS 1.000
895 0 2.1044 PASS 1.000
896 1 2.3654 PASS 1.000
897 1 2.0190 PASS 1.000
898 0 2.0106 PASS 1.000
899 0 2.0509 PASS 1.000
900 0 2.2332 PASS 1.000
901 0 1.8356 PASS 1.000
902 1 1.7993 PASS 1.000
903 0 1.8158 PASS 1.000
904 0 1.9199 PASS 1.000
905 0 2.1591 PASS 1.000
906 0 2.2081 PASS 1.000
907 0 1.8872 PASS 1.000
908 0 2.3798 PASS 1.000
909 0 1.8075 PASS 1.000
910 0 1.7009 PASS 1.000
911 0 2.4740 PASS 1.000
912 0 1.6473 PASS 1.000
913 0 1.4436 PASS 1.000
914 0 1.6615 PASS 1.000
915 0 1.6895 PASS 1.000
916 0 1.8646 PASS 1.000
917 0 2.0580 PASS 1.000
918 0 1.8902 PASS 1.000
919 0 2.0465 PASS 1.000
920 0 2.0222 PASS 1.000
921 0 1.6963 PASS 1.000
922 0 2.0974 PASS 1.000
923 0 1.5544 PASS 1.000
924 0 2.1717 PASS 1.000
925 0 1.7489 PASS 1.000
926 0 1.8944 PASS 1.000
927 0 1.9155 PASS 1.000
928 0 2.0500 PASS 1.000
929 1 2.0085 PASS 1.000
930 1 2.0702 PASS 1.000
931 1 2.2488 PASS 1.000
932 0 2.0274 PASS 1.000
933 0 2.6136 PASS 1.000
934 0 2.1486 PASS 1.000
935 0 2.0640 PASS 1.000
936 0 2.2184 PASS 1.000
937 1 2.2537 PASS 1.000
938 0 2.3176 PASS 1.000
939 0 1.9606 PASS 1.000
940 0 2.0738 PASS 1.000
941 0 1.6323 PASS 1.000
942 0 1.8612 PASS 1.000
943 0 2.3751 PASS 1.000
944 0 1.9675 PASS 1.000
945 0 1.6931 PASS 1.000
946 0 1.9365 PASS 1.000
947 0 2.0379 PASS 1.000
948 0 1.8187 PASS 1.000
949 0 1.8004 PASS 1.000
950 0 1.8595 PASS 1.000
951 0 2.2954 PASS 1.000
952 0 1.8389 PASS 1.000
953 0 1.9682 PASS 1.000
954 0 2.4386 PASS 1.000
955 0 1.5832 PASS 1.000
956 0 1.8773 PASS 1.000
957 0 2.2273 PASS 1.000
958 1 2.0517 PASS 1.000
959 0 2.0296 PASS 1.000
960 0 1.9598 PASS 1.000
961 0 1.9758 PASS 1.000
962 1 1.9254 PASS 1.000
963 0 2.0019 PASS 1.000
964 0 1.6996 PASS 1.000
965 1 2.0789 PASS 1.000
966 0 1.9537 PASS 1.000
967 0 2.0434 PASS 1.000
968 1 2.0445 PASS 1.000
969 0 1.9079 PASS 1.000
970 0 2.0261 PASS 1.000
971 0 2.2058 PASS 1.000
972 0 1.7858 PASS 1.000
973 0 2.3997 PASS 1.000
974 0 2.0545 PASS 1.000
975 0 1.5034 PASS 1.000
976 0 1.8286 PASS 1.000
977 0 2.0492 PASS 1.000
978 0 2.3106 PASS 1.000
979 0 1.8245 PASS 1.000
980 0 1.6106 PASS 1.000
981 0 1.7435 PASS 1.000
982 0 1.9244 PASS 1.000
983 0 2.2932 PASS 1.000
984 0 1.6013 PASS 1.000
985 0 1.9880 PASS 1.000
986 0 1.8552 PASS 1.000
987 0 1.9060 PASS 1.000
988 0 2.0114 PASS 1.000
989 0 2.1757 PASS 1.000
990 0 1.9693 PASS 1.000
991 0 2.1756 PASS 1.000
992 0 1.7718 PASS 1.000
993 1 7.1707 PASS 1.000
994 0 2.1506 PASS 1.000
995 0 1.8918 PASS 1.000
996 1 1.8957 PASS 1.000
997 0 1.8965 PASS 1.000
998 1 1.9740 PASS 1.000
999 0 2.2329 PASS 1.000
1000 0 1.6681 PASS 1.000
1001 0 2.0584 PASS 1.000
1002 0 1.8528 PASS 1.000
1003 0 1.4814 PASS 1.000
1004 0 1.8467 PASS 1.000
1005 0 1.9940 PASS 1.000
1006 0 1.6984 PASS 1.000
1007 0 2.0048 PASS 1.000
1008 0 1.7819 PASS 1.000
1009 0 2.1630 PASS 1.000
1010 0 1.9785 PASS 1.000
1011 0 1.7880 PASS 1.000
1012 0 1.9782 PASS 1.000
1013 0 1.8235 PASS 1.000
1014 0 2.0842 PASS 1.000
1015 0 2.2029 PASS 1.000
1016 0 1.6344 PASS 1.000
1017 0 2.0310 PASS 1.000
1018 0 1.5636 PASS 1.000
1019 0 1.8698 PASS 1.000
1020 0 1.8893 PASS 1.000
1021 0 1.8383 PASS 1.000
1022 0 1.9189 PASS 1.000
1023 0 1.6909 PASS 1.000
1024 0 1.7139 PASS 1.000
1025 0 1.7097 PASS 1.000
1026 0 1.8612 PASS 1.000
1027 0 2.0144 PASS 1.000
1028 0 2.1591 PASS 1.000
1029 0 1.6676 PASS 1.000
1030 0 1.9952 PASS 1.000
1031 0 1.7453 PASS 1.000
1032 0 1.8061 PASS 1.000
1033 0 1.5041 PASS 1.000
1034 0 1.8377 PASS 1.000
1035 0 1.5173 PASS 1.000
1036 0 1.7850 PASS 1.000
1037 0 1.7602 PASS 1.000
1038 0 1.7565 PASS 1.000
1039 1 2.0738 PASS 1.000
1040 0 1.8917 PASS 1.000
1041 0 2.1092 PASS 1.000
1042 0 2.2768 PASS 1.000
1043 0 1.8297 PASS 1.000
1044 0 1.7076 PASS 1.000
1045 0 2.1117 PASS 1.000
1046 0 1.8786 PASS 1.000
1047 0 1.7868 PASS 1.000
1048 0 2.0412 PASS 1.000
1049 0 2.2071 PASS 1.000
1050 0 1.5352 PASS 1.000
1051 0 1.5845 PASS 1.000
1052 1 5.6659 PASS 1.000
1053 0 1.8261 PASS 1.000
1054 0 2.2639 PASS 1.000
1055 0 2.1168 PASS 1.000
1056 0 1.7620 PASS 1.000
1057 0 1.6944 PASS 1.000
1058 0 1.8948 PASS 1.000
1059 0 1.4526 PASS 1.000
1060 0 2.1297 PASS 1.000
1061 0 1.8844 PASS 1.000
1062 0 2.2186 PASS 1.000
1063 0 1.8092 PASS 1.000
1064 1 1.9146 PASS 1.000
1065 0 2.5339 PASS 1.000
1066 0 2.2351 PASS 1.000
1067 1 1.7536 PASS 1.000
1068 0 2.1548 PASS 1.000
1069 0 1.8778 PASS 1.000
1070 0 2.0582 PASS 1.000
1071 0 2.1711 PASS 1.000
1072 0 1.9119 PASS 1.000
1073 1 6.3543 PASS 1.000
1074 0 1.9415 PASS 1.000
1075 0 1.9917 PASS 1.000
1076 0 1.6822 PASS 1.000
1077 1 1.9131 PASS 1.000
1078 0 2.3539 PASS 1.000
1079 0 2.1796 PASS 1.000
1080 0 1.7485 PASS 1.000
1081 0 1.8174 PASS 1.000
1082 0 1.6072 PASS 1.000
1083 0 2.0396 PASS 1.000
1084 0 2.1040 PASS 1.000
1085 0 1.8135 PASS 1.000
1086 1 5.9322 PASS 1.000
1087 0 1.7699 PASS 1.000
1088 1 1.6685 PASS 1.000
1089 0 1.8738 PASS 1.000
1090 0 1.7869 PASS 1.000
1091 0 2.1826 PASS 1.000
1092 1 1.6762 PASS 1.000
1093 0 1.9467 PASS 1.000
1094 0 2.0353 PASS 1.000
1095 1 1.8446 PASS 1.000
1096 0 1.7578 PASS 1.000
1097 0 1.6675 PASS 1.000
1098 0 1.5273 PASS 1.000
1099 0 1.4709 PASS 1.000
1100 0 1.3593 PASS 1.000
1101 0 1.7147 PASS 1.000
1102 0 2.0791 PASS 1.000
1103 0 2.1554 PASS 1.000
1104 1 2.0726 PASS 1.000
1105 0 2.3495 PASS 1.000
1106 0 2.2382 PASS 1.000
1107 0 2.2568 PASS 1.000
1108 0 2.2327 PASS 1.000
1109 0 1.7245 PASS 1.000
1110 0 1.8540 PASS 1.000
1111 0 2.5874 PASS 1.000
1112 0 1.9971 PASS 1.000
1113 1 2.1367 PASS 1.000
1114 0 1.5199 PASS 1.000
1115 0 1.9230 PASS 1.000
1116 0 1.6205 PASS 1.000
1117 0 2.1380 PASS 1.000
1118 0 2.1093 PASS 1.000
1119 0 1.7690 PASS 1.000
1120 0 2.0311 PASS 1.000
1121 0 1.5628 PASS 1.000
1122 0 2.1682 PASS 1.000
1123 0 1.7115 PASS 1.000
1124 0 2.0251 PASS 1.000
1125 0 2.2779 PASS 1.000
1126 0 1.5093 PASS 1.000
1127 0 2.0972 PASS 1.000
1128 0 1.8857 PASS 1.000
1129 1 3.8047 PASS 1.000
1130 0 1.6900 PASS 1.000
1131 0 2.0249 PASS 1.000
1132 0 1.8449 PASS 1.000
1133 0 2.2988 PASS 1.000
1134 0 2.0337 PASS 1.000
1135 0 1.8216 PASS 1.000
1136 0 2.1919 PASS 1.000
1137 0 1.8989 PASS 1.000
1138 0 1.7252 PASS 1.000
1139 0 1.8897 PASS 1.000
1140 0 1.8670 PASS 1.000
1141 0 1.6713 PASS 1.000
1142 0 2.0040 PASS 1.000
1143 0 1.6052 PASS 1.000
1144 0 2.0857 PASS 1.000
1145 0 1.8462 PASS 1.000
1146 0 1.8075 PASS 1.000
1147 0 1.8487 PASS 1.000
1148 0 2.3421 PASS 1.000
1149 0 1.8569 PASS 1.000
1150 0 2.1357 PASS 1.000
1151 0 1.8970 PASS 1.000
1152 0 1.6080 PASS 1.000
1153 0 1.6827 PASS 1.000
1154 0 1.9849 PASS 1.000
1155 0 1.7894 PASS 1.000
1156 0 1.5944 PASS 1.000
1157 0 1.7919 PASS 1.000
1158 0 1.7110 PASS 1.000
1159 0 2.0119 PASS 1.000
1160 1 1.8075 PASS 1.000
1161 0 1.8434 PASS 1.000
1162 1 1.8845 PASS 1.000
1163 0 1.5026 PASS 1.000
1164 0 2.3309 PASS 1.000
1165 0 1.8260 PASS 1.000
1166 0 2.0408 PASS 1.000
1167 0 1.9568 PASS 1.000
1168 0 1.8806 PASS 1.000
1169 0 1.5369 PASS 1.000
1170 1 6.1691 PASS 1.000
1171 0 1.7243 PASS 1.000
1172 0 2.5306 PASS 1.000
1173 0 1.9519 PASS 1.000
1174 1 1.7902 PASS 1.000
1175 0 2.0181 PASS 1.000
1176 0 1.7659 PASS 1.000
1177 0 1.4783 PASS 1.000
1178 0 1.5380 PASS 1.000
1179 0 1.7338 PASS 1.000
1180 0 1.7135 PASS 1.000
1181 0 1.8058 PASS 1.000
1182 0 2.4418 PASS 1.000
1183 0 1.6828 PASS 1.000
1184 0 1.9036 PASS 1.000
1185 0 2.1073 PASS 1.000
1186 0 2.0384 PASS 1.000
1187 1 1.8285 PASS 1.000
1188 0 1.9731 PASS 1.000
1189 0 1.6994 PASS 1.000
1190 0 1.5971 PASS 1.000
1191 0 2.3998 PASS 1.000
1192 0 2.3743 PASS 1.000
1193 0 2.1550 PASS 1.000
1194 0 1.9710 PASS 1.000
1195 0 1.7377 PASS 1.000
1196 0 1.8866 PASS 1.000
1197 0 1.8242 PASS 1.000
1198 0 1.6713 PASS 1.000
1199 0 1.9799 PASS 1.000
1200 0 1.8192 PASS 1.000
1201 0 1.9500 PASS 1.000
1202 0 1.8022 PASS 1.000
1203 0 2.1220 PASS 1.000
1204 0 1.6077 PASS 1.000
1205 0 1.7645 PASS 1.000
1206 0 2.0337 PASS 1.000
1207 0 1.9742 PASS 1.000
1208 0 1.6807 PASS 1.000
1209 0 1.7849 PASS 1.000
1210 0 1.5084 PASS 1.000
1211 0 2.3458 PASS 1.000
1212 0 2.1062 PASS 1.000
1213 0 1.7762 PASS 1.000
1214 0 1.6524 PASS 1.000
1215 0 1.8287 PASS 1.000
1216 0 1.6768 PASS 1.000
1217 1 1.7998 PASS 1.000
1218 0 1.6987 PASS 1.000
1219 0 2.0350 PASS 1.000
1220 0 1.2556 PASS 1.000
1221 0 1.7993 PASS 1.000
1222 0 1.8526 PASS 1.000
1223 1 1.8508 PASS 1.000
1224 0 2.0074 PASS 1.000
1225 0 1.8371 PASS 1.000
1226 0 1.5980 PASS 1.000
1227 1 1.8439 PASS 1.000
1228 0 2.1689 PASS 1.000
1229 0 1.9118 PASS 1.000
1230 0 1.8441 PASS 1.000
1231 0 1.4498 PASS 1.000
1232 0 1.7087 PASS 1.000
1233 0 1.9065 PASS 1.000
1234 0 1.9186 PASS 1.000
1235 0 1.8460 PASS 1.000
1236 0 1.7349 PASS 1.000
1237 1 5.3029 PASS 1.000
1238 0 1.9332 PASS 1.000
1239 0 1.3700 PASS 1.000
1240 0 1.9672 PASS 1.000
1241 0 1.7998 PASS 1.000
1242 0 1.9894 PASS 1.000
1243 0 2.1956 PASS 1.000
1244 1 1.7210 PASS 1.000
1245 0 1.6876 PASS 1.000
1246 0 1.9943 PASS 1.000
1247 0 1.8294 PASS 1.000
1248 0 1.8305 PASS 1.000
1249 0 1.7155 PASS 1.000
1250 0 1.4938 PASS 1.000
1251 0 1.8416 PASS 1.000
1252 0 2.2839 PASS 1.000
1253 0 1.6746 PASS 1.000
1254 1 1.9118 PASS 1.000
1255 0 2.2369 PASS 1.000
1256 1 1.7278 PASS 1.000
1257 0 1.7494 PASS 1.000
1258 0 1.7840 PASS 1.000
1259 0 1.6936 PASS 1.000
1260 0 1.7726 PASS 1.000
1261 0 1.7758 PASS 1.000
1262 0 1.7539 PASS 1.000
1263 0 1.7324 PASS 1.000
1264 0 2.0378 PASS 1.000
1265 0 1.9737 PASS 1.000
1266 0 2.0535 PASS 1.000
1267 0 1.6081 PASS 1.000
1268 1 1.7663 PASS 1.000
1269 0 1.7737 PASS 1.000
1270 0 1.6195 PASS 1.000
1271 0 2.2961 PASS 1.000
1272 0 1.4361 PASS 1.000
1273 0 1.8862 PASS 1.000
1274 0 1.4455 PASS 1.000
1275 0 1.9287 PASS 1.000
1276 0 1.6640 PASS 1.000
1277 1 1.6212 PASS 1.000
1278 0 1.4923 PASS 1.000
1279 1 1.7557 PASS 1.000
1280 1 1.5332 PASS 1.000
1281 0 2.1153 PASS 1.000
1282 0 2.5952 PASS 1.000
1283 0 1.8895 PASS 1.000
1284 1 1.4780 PASS 1.000
1285 0 1.7470 PASS 1.000
1286 0 2.2021 PASS 1.000
1287 0 2.0392 PASS 1.000
1288 0 1.4742 PASS 1.000
1289 0 1.8890 PASS 1.000
1290 0 2.0404 PASS 1.000
1291 0 1.4931 PASS 1.000
1292 0 1.8201 PASS 1.000
1293 0 1.6123 PASS 1.000
1294 0 1.5361 PASS 1.000
1295 1 1.5386 PASS 1.000
1296 0 1.9780 PASS 1.000
1297 0 1.8588 PASS 1.000
1298 0 2.0139 PASS 1.000
1299 0 1.8564 PASS 1.000
1300 0 1.5064 PASS 1.000
1301 0 1.6792 PASS 1.000
1302 0 1.8129 PASS 1.000
1303 0 1.9366 PASS 1.000
1304 0 1.7532 PASS 1.000
1305 0 1.9247 PASS 1.000
1306 1 1.6346 PASS 1.000
1307 0 1.8299 PASS 1.000
1308 0 1.6972 PASS 1.000
1309 0 1.9138 PASS 1.000
1310 0 1.8902 PASS 1.000
1311 0 1.9009 PASS 1.000
1312 0 1.6572 PASS 1.000
1313 0 1.9492 PASS 1.000
1314 0 1.7807 PASS 1.000
1315 1 1.5234 PASS 1.000
1316 0 2.3531 PASS 1.000
1317 0 1.7331 PASS 1.000
1318 0 1.9589 PASS 1.000
1319 0 1.4323 PASS 1.000
1320 0 1.7209 PASS 1.000
1321 0 2.1261 PASS 1.000
1322 0 1.5299 PASS 1.000
1323 0 1.6085 PASS 1.000
1324 1 2.0952 PASS 1.000
1325 0 1.7168 PASS 1.000
1326 0 1.8592 PASS 1.000
1327 0 1.7990 PASS 1.000
1328 0 1.7887 PASS 1.000
1329 0 1.9016 PASS 1.000
1330 0 1.5038 PASS 1.000
1331 0 1.6550 PASS 1.000
1332 0 1.5862 PASS 1.000
1333 0 2.0476 PASS 1.000
1334 0 1.5544 PASS 1.000
1335 0 1.8098 PASS 1.000
1336 0 2.1767 PASS 1.000
1337 0 1.7406 PASS 1.000
1338 0 1.8147 PASS 1.000
1339 0 1.7582 PASS 1.000
1340 0 1.7169 PASS 1.000
1341 0 1.7585 PASS 1.000
1342 1 1.6089 PASS 1.000
1343 0 1.9495 PASS 1.000
1344 0 1.9738 PASS 1.000
1345 0 1.8760 PASS 1.000
1346 0 1.6390 PASS 1.000
1347 0 1.9207 PASS 1.000
1348 0 1.6399 PASS 1.000
1349 0 1.5514 PASS 1.000
1350 0 1.9546 PASS 1.000
1351 0 1.8221 PASS 1.000
1352 0 2.1320 PASS 1.000
1353 0 1.5694 PASS 1.000
1354 0 1.8054 PASS 1.000
1355 0 1.5676 PASS 1.000
1356 0 1.6950 PASS 1.000
1357 0 1.8241 PASS 1.000
1358 0 1.5405 PASS 1.000
1359 1 1.6509 PASS 1.000
1360 0 1.7535 PASS 1.000
1361 0 1.2705 PASS 1.000
1362 0 2.0264 PASS 1.000
1363 0 1.8835 PASS 1.000
1364 0 1.7237 PASS 1.000
1365 0 1.6306 PASS 1.000
1366 0 1.9112 PASS 1.000
1367 0 1.6894 PASS 1.000
1368 0 1.9717 PASS 1.000
1369 0 1.9239 PASS 1.000
1370 0 1.6403 PASS 1.000
1371 0 1.7631 PASS 1.000
1372 0 1.7142 PASS 1.000
1373 0 1.5851 PASS 1.000
1374 0 1.5540 PASS 1.000
1375 0 1.6271 PASS 1.000
1376 0 1.3245 PASS 1.000
1377 0 2.0108 PASS 1.000
1378 0 1.8232 PASS 1.000
1379 0 1.9347 PASS 1.000
1380 0 1.8752 PASS 1.000
1381 0 1.8597 PASS 1.000
1382 0 1.6843 PASS 1.000
1383 0 1.7434 PASS 1.000
1384 0 1.3181 PASS 1.000
1385 0 1.7060 PASS 1.000
1386 0 1.4791 PASS 1.000
1387 0 1.5880 PASS 1.000
1388 0 1.8146 PASS 1.000
1389 0 1.9696 PASS 1.000
1390 1 4.7611 PASS 1.000
1391 0 1.6352 PASS 1.000
1392 0 1.9425 PASS 1.000
1393 0 1.4220 PASS 1.000
1394 0 1.6585 PASS 1.000
1395 0 2.1478 PASS 1.000
1396 0 1.8433 PASS 1.000
1397 0 1.6389 PASS 1.000
1398 0 1.4931 PASS 1.000
1399 0 1.8254 PASS 1.000
1400 0 1.9995 PASS 1.000
1401 0 1.5507 PASS 1.000
1402 0 1.6899 PASS 1.000
1403 0 1.5046 PASS 1.000
1404 0 1.7586 PASS 1.000
1405 0 1.5907 PASS 1.000
1406 0 1.7423 PASS 1.000
1407 0 1.4928 PASS 1.000
1408 0 1.6110 PASS 1.000
1409 0 1.4356 PASS 1.000
1410 0 2.1326 PASS 1.000
1411 0 1.7698 PASS 1.000
1412 0 1.7266 PASS 1.000
1413 1 1.7212 PASS 1.000
1414 0 1.4356 PASS 1.000
1415 0 2.0174 PASS 1.000
1416 0 1.5544 PASS 1.000
1417 0 2.3662 PASS 1.000
1418 0 2.1516 PASS 1.000
1419 0 1.7388 PASS 1.000
1420 0 1.9625 PASS 1.000
1421 0 2.2235 PASS 1.000
1422 0 1.5586 PASS 1.000
1423 0 1.6871 PASS 1.000
1424 0 1.7584 PASS 1.000
1425 0 2.2098 PASS 1.000
1426 0 1.9594 PASS 1.000
1427 0 2.0278 PASS 1.000
1428 0 1.6015 PASS 1.000
1429 0 1.8145 PASS 1.000
1430 0 1.4976 PASS 1.000
1431 0 1.4457 PASS 1.000
1432 0 1.4337 PASS 1.000
1433 0 1.4779 PASS 1.000
1434 0 1.6522 PASS 1.000
1435 0 1.9132 PASS 1.000
1436 0 1.8907 PASS 1.000
1437 1 1.8381 PASS 1.000
1438 0 1.5492 PASS 1.000
1439 0 1.5287 PASS 1.000
1440 0 2.0335 PASS 1.000
1441 1 4.0130 PASS 1.000
1442 0 1.6802 PASS 1.000
1443 0 1.7074 PASS 1.000
1444 0 1.4466 PASS 1.000
1445 0 2.1137 PASS 1.000
1446 0 1.7139 PASS 1.000
1447 0 1.2317 PASS 1.000
1448 0 2.2707 PASS 1.000
1449 0 1.5942 PASS 1.000
1450 0 1.8861 PASS 1.000
1451 0 1.5952 PASS 1.000
1452 1 4.1958 PASS 1.000
1453 0 2.0540 PASS 1.000
1454 0 1.4288 PASS 1.000
1455 0 1.6350 PASS 1.000
1456 0 1.5155 PASS 1.000
1457 0 1.5566 PASS 1.000
1458 0 1.9142 PASS 1.000
1459 0 1.9373 PASS 1.000
1460 0 2.3777 PASS 1.000
1461 0 1.9686 PASS 1.000
1462 0 1.5338 PASS 1.000
1463 1 1.8363 PASS 1.000
1464 0 1.6677 PASS 1.000
1465 0 1.5846 PASS 1.000
1466 0 1.6430 PASS 1.000
1467 0 1.4665 PASS 1.000
1468 0 1.4973 PASS 1.000
1469 0 1.4901 PASS 1.000
1470 0 1.8973 PASS 1.000
1471 0 1.7252 PASS 1.000
1472 0 1.7470 PASS 1.000
1473 0 1.9909 PASS 1.000
1474 1 1.6445 PASS 1.000
1475 0 1.9776 PASS 1.000
1476 0 1.5931 PASS 1.000
1477 0 2.1026 PASS 1.000
1478 0 1.6206 PASS 1.000
1479 0 1.6965 PASS 1.000
1480 0 1.2708 PASS 1.000
1481 0 2.1502 PASS 1.000
1482 0 1.9024 PASS 1.000
1483 0 1.6904 PASS 1.000
1484 0 1.7881 PASS 1.000
1485 0 1.2995 PASS 1.000
1486 0 1.4618 PASS 1.000
1487 0 2.5301 PASS 1.000
1488 1 5.6849 PASS 1.000
1489 0 2.0422 PASS 1.000
1490 0 1.9081 PASS 1.000
1491 0 1.9700 PASS 1.000
1492 0 1.8118 PASS 1.000
1493 0 2.1231 PASS 1.000
1494 0 1.9986 PASS 1.000
1495 0 1.4668 PASS 1.000
1496 1 1.7096 PASS 1.000
1497 0 2.0144 PASS 1.000
1498 0 1.7850 PASS 1.000
1499 1 1.7203 PASS 1.000
1500 0 1.6765 PASS 1.000
1501 1 1.5593 PASS 1.000
1502 1 4.7232 PASS 1.000
1503 0 2.2613 PASS 1.000
1504 0 2.0057 PASS 1.000
1505 1 1.7354 PASS 1.000
1506 0 2.1407 PASS 1.000
1507 0 1.6310 PASS 1.000
1508 0 1.5511 PASS 1.000
1509 0 2.1465 PASS 1.000
1510 0 1.7206 PASS 1.000
1511 0 1.7178 PASS 1.000
1512 0 1.3843 PASS 1.000
1513 0 1.9870 PASS 1.000
1514 0 2.0226 PASS 1.000
1515 0 1.7856 PASS 1.000
1516 0 1.4358 PASS 1.000
1517 0 2.3163 PASS 1.000
1518 1 1.5164 PASS 1.000
1519 0 1.5100 PASS 1.000
1520 0 1.5943 PASS 1.000
1521 0 1.8504 PASS 1.000
1522 0 1.9565 PASS 1.000
1523 0 1.5154 PASS 1.000
1524 0 2.0483 PASS 1.000
1525 0 1.9517 PASS 1.000
1526 0 1.4780 PASS 1.000
1527 0 1.5727 PASS 1.000
1528 0 1.7398 PASS 1.000
1529 0 1.2020 PASS 1.000
1530 0 1.7598 PASS 1.000
1531 0 1.7866 PASS 1.000
1532 0 2.1072 PASS 1.000
1533 1 3.9592 PASS 1.000
1534 0 1.9047 PASS 1.000
1535 0 1.2682 PASS 1.000
1536 0 1.5692 PASS 1.000
1537 1 1.7157 PASS 1.000
1538 0 1.7901 PASS 1.000
1539 0 1.8473 PASS 1.000
1540 0 1.5817 PASS 1.000
1541 0 1.8956 PASS 1.000
1542 0 1.8117 PASS 1.000
1543 0 1.9047 PASS 1.000
1544 0 1.5478 PASS 1.000
1545 0 1.5037 PASS 1.000
1546 0 1.9772 PASS 1.000
1547 0 1.8491 PASS 1.000
1548 0 1.6324 PASS 1.000
1549 0 1.5220 PASS 1.000
1550 0 1.5044 PASS 1.000
1551 0 1.5148 PASS 1.000
1552 0 1.6090 PASS 1.000
1553 0 1.7974 PASS 1.000
1554 0 1.4264 PASS 1.000
1555 0 1.8570 PASS 1.000
1556 0 1.5435 PASS 1.000
1557 0 1.7494 PASS 1.000
1558 0 1.2073 PASS 1.000
1559 1 1.6514 PASS 1.000
1560 0 2.0543 PASS 1.000
1561 0 1.8266 PASS 1.000
1562 0 1.4985 PASS 1.000
1563 0 1.5533 PASS 1.000
1564 0 2.0975 PASS 1.000
1565 0 1.7460 PASS 1.000
1566 1 1.7708 PASS 1.000
1567 0 1.5401 PASS 1.000
1568 0 1.4422 PASS 1.000
1569 0 1.8843 PASS 1.000
1570 0 1.7457 PASS 1.000
1571 1 1.5470 PASS 1.000
1572 0 1.7481 PASS 1.000
1573 0 1.7453 PASS 1.000
1574 0 1.6572 PASS 1.000
1575 0 1.5913 PASS 1.000
1576 0 1.9192 PASS 1.000
1577 1 1.5321 PASS 1.000
1578 0 1.6490 PASS 1.000
1579 1 1.4522 PASS 1.000
1580 0 1.6393 PASS 1.000
1581 0 1.8223 PASS 1.000
1582 0 1.5210 PASS 1.000
1583 0 1.4148 PASS 1.000
1584 0 1.6268 PASS 1.000
1585 0 1.7404 PASS 1.000
1586 1 1.3193 PASS 1.000
1587 0 1.2308 PASS 1.000
1588 0 1.6981 PASS 1.000
1589 0 1.8966 PASS 1.000
1590 0 1.5083 PASS 1.000
1591 0 2.0353 PASS 1.000
1592 1 1.3701 PASS 1.000
1593 0 1.7240 PASS 1.000
1594 0 1.9192 PASS 1.000
1595 0 1.6794 PASS 1.000
1596 0 1.2750 PASS 1.000
1597 0 1.4803 PASS 1.000
1598 0 1.7276 PASS 1.000
1599 1 1.9253 PASS 1.000
1600 0 2.2751 PASS 1.000
1601 0 1.0119 PASS 1.000
1602 0 1.8069 PASS 1.000
1603 0 1.2496 PASS 1.000
1604 0 1.1190 PASS 1.000
1605 1 1.6784 PASS 1.000
1606 1 3.9800 PASS 1.000
1607 0 1.6087 PASS 1.000
1608 0 1.5332 PASS 1.000
1609 0 1.7171 PASS 1.000
1610 1 1.5066 PASS 1.000
1611 0 1.5323 PASS 1.000
1612 0 1.9744 PASS 1.000
1613 1 1.4461 PASS 1.000
1614 0 1.5738 PASS 1.000
1615 0 1.3403 PASS 1.000
1616 0 1.3676 PASS 1.000
1617 1 1.3920 PASS 1.000
1618 0 1.6415 PASS 1.000
1619 0 1.5836 PASS 1.000
1620 0 1.6846 PASS 1.000
1621 0 1.7863 PASS 1.000
1622 0 1.3535 PASS 1.000
1623 0 1.6270 PASS 1.000
1624 0 1.9030 PASS 1.000
1625 0 2.0038 PASS 1.000
1626 0 1.7257 PASS 1.000
1627 0 1.3541 PASS 1.000
1628 0 1.4534 PASS 1.000
1629 0 1.3878 PASS 1.000
1630 0 2.1254 PASS 1.000
1631 0 1.7609 PASS 1.000
1632 0 1.0921 PASS 1.000
1633 0 1.7411 PASS 1.000
1634 1 1.3475 PASS 1.000
1635 0 1.8195 PASS 1.000
1636 0 1.8462 PASS 1.000
1637 0 1.5983 PASS 1.000
1638 0 2.0625 PASS 1.000
1639 0 1.5011 PASS 1.000
1640 0 1.7405 PASS 1.000
1641 0 1.3774 PASS 1.000
1642 0 1.8596 PASS 1.000
1643 0 1.5642 PASS 1.000
1644 0 2.0651 PASS 1.000
1645 0 1.9539 PASS 1.000
1646 1 1.5321 PASS 1.000
1647 0 1.8544 PASS 1.000
1648 0 1.4949 PASS 1.000
1649 0 1.7564 PASS 1.000
1650 0 1.6130 PASS 1.000
1651 0 1.6062 PASS 1.000
1652 0 1.8010 PASS 1.000
1653 1 1.8938 PASS 1.000
1654 0 1.5524 PASS 1.000
1655 0 1.7862 PASS 1.000
1656 0 1.6941 PASS 1.000
1657 0 1.6038 PASS 1.000
1658 0 1.4898 PASS 1.000
1659 0 1.3712 PASS 1.000
1660 0 1.3654 PASS 1.000
1661 1 1.3902 PASS 1.000
1662 1 1.3876 PASS 1.000
1663 0 1.3190 PASS 1.000
1664 1 1.4858 PASS 1.000
1665 0 2.1009 PASS 1.000
1666 0 1.8660 PASS 1.000
1667 0 1.3341 PASS 1.000
1668 0 1.5416 PASS 1.000
1669 0 2.4529 PASS 1.000
1670 0 1.3769 PASS 1.000
1671 0 2.0664 PASS 1.000
1672 0 1.5765 PASS 1.000
1673 0 1.4468 PASS 1.000
1674 0 1.4970 PASS 1.000
1675 0 1.6040 PASS 1.000
1676 0 1.4107 PASS 1.000
1677 0 1.5564 PASS 1.000
1678 0 1.9611 PASS 1.000
1679 0 1.5802 PASS 1.000
1680 0 1.2349 PASS 1.000
1681 0 1.4057 PASS 1.000
1682 1 1.8883 PASS 1.000
1683 0 1.4801 PASS 1.000
1684 0 1.7471 PASS 1.000
1685 0 1.5453 PASS 1.000
1686 0 1.8225 PASS 1.000
1687 0 1.7458 PASS 1.000
1688 0 1.8421 PASS 1.000
1689 0 1.4726 PASS 1.000
1690 0 1.8078 PASS 1.000
1691 1 1.9292 PASS 1.000
1692 0 1.9127 PASS 1.000
1693 0 1.3343 PASS 1.000
1694 0 1.4827 PASS 1.000
1695 0 2.0958 PASS 1.000
1696 0 1.1392 PASS 1.000
1697 0 1.6802 PASS 1.000
1698 1 3.0957 PASS 1.000
1699 0 2.0343 PASS 1.000
1700 0 1.6724 PASS 1.000
1701 0 1.7394 PASS 1.000
1702 0 1.4743 PASS 1.000
1703 0 1.4737 PASS 1.000
1704 0 1.3833 PASS 1.000
1705 0 1.7734 PASS 1.000
1706 0 1.7083 PASS 1.000
1707 0 2.2894 PASS 1.000
1708 0 1.5594 PASS 1.000
1709 0 1.8030 PASS 1.000
1710 0 1.8027 PASS 1.000
1711 0 1.0694 PASS 1.000
1712 0 1.5789 PASS 1.000
1713 0 1.7164 PASS 1.000
1714 0 1.8610 PASS 1.000
1715 0 2.3184 PASS 1.000
1716 0 1.8721 PASS 1.000
1717 1 4.2976 PASS 1.000
1718 0 1.9169 PASS 1.000
1719 0 2.1193 PASS 1.000
1720 0 1.9754 PASS 1.000
1721 1 1.4846 PASS 1.000
1722 0 1.7339 PASS 1.000
1723 0 1.1724 PASS 1.000
1724 0 1.9607 PASS 1.000
1725 0 1.3069 PASS 1.000
1726 0 1.2124 PASS 1.000
1727 0 1.5368 PASS 1.000
1728 0 1.7624 PASS 1.000
1729 0 1.5032 PASS 1.000
1730 0 1.5100 PASS 1.000
1731 0 1.0977 PASS 1.000
1732 0 1.4736 PASS 1.000
1733 0 1.5151 PASS 1.000
1734 0 1.9569 PASS 1.000
1735 0 1.7484 PASS 1.000
1736 0 1.6750 PASS 1.000
1737 0 1.4161 PASS 1.000
1738 0 1.7380 PASS 1.000
1739 0 1.7159 PASS 1.000
1740 0 1.8153 PASS 1.000
1741 1 1.6697 PASS 1.000
1742 0 1.7298 PASS 1.000
1743 0 1.3920 PASS 1.000
1744 0 1.6917 PASS 1.000
1745 0 1.5430 PASS 1.000
1746 1 1.5784 PASS 1.000
1747 0 1.2252 PASS 1.000
1748 0 1.7370 PASS 1.000
1749 0 1.3696 PASS 1.000
1750 0 1.2432 PASS 1.000
1751 0 2.4776 PASS 1.000
1752 0 1.5621 PASS 1.000
1753 0 1.6707 PASS 1.000
1754 0 1.4986 PASS 1.000
1755 0 1.9844 PASS 1.000
1756 0 1.9527 PASS 1.000
1757 0 1.8881 PASS 1.000
1758 0 1.4707 PASS 1.000
1759 0 1.8069 PASS 1.000
1760 0 1.6205 PASS 1.000
1761 0 1.8730 PASS 1.000
1762 0 2.2169 PASS 1.000
1763 0 1.4825 PASS 1.000
1764 0 1.9130 PASS 1.000
1765 0 1.9264 PASS 1.000
1766 0 1.8045 PASS 1.000
1767 0 1.9493 PASS 1.000
1768 0 1.6531 PASS 1.000
1769 0 1.4373 PASS 1.000
1770 0 1.9018 PASS 1.000
1771 0 1.3697 PASS 1.000
1772 0 1.4738 PASS 1.000
1773 0 2.0056 PASS 1.000
1774 0 1.3954 PASS 1.000
1775 0 1.4023 PASS 1.000
1776 0 1.8593 PASS 1.000
1777 0 1.7484 PASS 1.000
1778 0 1.6405 PASS 1.000
1779 0 1.5066 PASS 1.000
1780 0 1.5916 PASS 1.000
1781 0 1.5650 PASS 1.000
1782 0 1.4606 PASS 1.000
1783 0 1.4096 PASS 1.000
1784 0 1.1804 PASS 1.000
1785 0 1.9831 PASS 1.000
1786 0 1.6076 PASS 1.000
1787 0 2.0355 PASS 1.000
1788 1 1.3303 PASS 1.000
1789 0 1.4174 PASS 1.000
1790 0 1.3662 PASS 1.000
1791 0 1.5955 PASS 1.000
1792 1 1.5052 PASS 1.000
1793 0 1.5190 PASS 1.000
1794 0 1.4063 PASS 1.000
1795 0 1.9727 PASS 1.000
1796 0 1.1310 PASS 1.000
1797 0 1.7178 PASS 1.000
1798 0 1.1568 PASS 1.000
1799 0 1.6279 PASS 1.000
1800 0 1.6448 PASS 1.000
1801 0 2.0229 PASS 1.000
1802 0 1.4396 PASS 1.000
1803 0 2.3126 PASS 1.000
1804 0 1.4830 PASS 1.000
1805 0 1.7153 PASS 1.000
1806 0 1.5949 PASS 1.000
1807 0 1.5851 PASS 1.000
1808 0 1.6564 PASS 1.000
1809 0 1.5513 PASS 1.000
1810 0 1.7963 PASS 1.000
1811 0 1.7950 PASS 1.000
1812 0 1.7033 PASS 1.000
1813 0 1.8974 PASS 1.000
1814 0 1.2934 PASS 1.000
1815 0 2.1651 PASS 1.000
1816 0 1.5865 PASS 1.000
1817 0 1.3720 PASS 1.000
1818 0 1.2173 PASS 1.000
1819 0 1.0642 PASS 1.000
1820 0 1.4819 PASS 1.000
1821 0 1.5399 PASS 1.000
1822 0 1.6508 PASS 1.000
1823 0 1.5342 PASS 1.000
1824 0 1.6168 PASS 1.000
1825 0 1.7768 PASS 1.000
1826 0 1.4154 PASS 1.000
1827 0 1.4032 PASS 1.000
1828 0 1.6231 PASS 1.000
1829 0 1.7951 PASS 1.000
1830 1 2.6358 PASS 1.000
1831 0 1.7937 PASS 1.000
1832 0 1.4700 PASS 1.000
1833 0 1.5917 PASS 1.000
1834 1 2.0148 PASS 1.000
1835 0 1.8795 PASS 1.000
1836 1 1.8887 PASS 1.000
1837 1 1.5439 PASS 1.000
1838 0 1.5537 PASS 1.000
1839 0 1.3229 PASS 1.000
1840 1 3.3929 PASS 1.000
1841 0 1.3402 PASS 1.000
1842 0 1.9432 PASS 1.000
1843 0 1.3652 PASS 1.000
1844 0 1.7863 PASS 1.000
1845 0 1.3136 PASS 1.000
1846 0 1.8034 PASS 1.000
1847 0 1.8586 PASS 1.000
1848 0 2.1389 PASS 1.000
1849 0 1.6175 PASS 1.000
1850 1 1.3729 PASS 1.000
1851 0 1.4174 PASS 1.000
1852 0 1.4636 PASS 1.000
1853 0 1.3855 PASS 1.000
1854 1 1.4749 PASS 1.000
1855 0 1.7906 PASS 1.000
1856 0 1.4549 PASS 1.000
1857 0 1.7646 PASS 1.000
1858 1 1.3235 PASS 1.000
1859 0 2.3055 PASS 1.000
1860 0 0.9914 PASS 1.000
1861 0 1.0101 PASS 1.000
1862 0 1.4945 PASS 1.000
1863 1 1.1936 PASS 1.000
1864 0 1.5450 PASS 1.000
1865 0 1.6570 PASS 1.000
1866 0 1.4236 PASS 1.000
1867 0 1.3497 PASS 1.000
1868 0 1.3526 PASS 1.000
1869 0 1.5512 PASS 1.000
1870 1 1.3119 PASS 1.000
1871 0 1.4985 PASS 1.000
1872 0 1.2708 PASS 1.000
1873 0 1.6117 PASS 1.000
1874 0 1.7991 PASS 1.000
1875 0 2.1698 PASS 1.000
1876 0 1.1283 PASS 1.000
1877 0 1.4646 PASS 1.000
1878 0 2.0363 PASS 1.000
1879 0 1.3790 PASS 1.000
1880 0 1.7687 PASS 1.000
1881 0 1.5105 PASS 1.000
1882 0 1.3984 PASS 1.000
1883 0 1.4508 PASS 1.000
1884 0 1.7183 PASS 1.000
1885 0 1.3028 PASS 1.000
1886 0 1.4619 PASS 1.000
1887 0 2.4707 PASS 1.000
1888 0 1.7394 PASS 1.000
1889 0 1.4454 PASS 1.000
1890 0 1.8335 PASS 1.000
1891 0 1.8809 PASS 1.000
1892 0 1.5229 PASS 1.000
1893 0 1.3582 PASS 1.000
1894 0 1.7043 PASS 1.000
1895 0 2.2416 PASS 1.000
1896 0 1.5246 PASS 1.000
1897 0 1.3583 PASS 1.000
1898 0 1.7812 PASS 1.000
1899 0 1.4984 PASS 1.000
1900 0 1.3313 PASS 1.000
1901 0 1.8561 PASS 1.000
1902 0 1.4047 PASS 1.000
1903 0 2.0659 PASS 1.000
1904 0 1.9860 PASS 1.000
1905 0 1.8723 PASS 1.000
1906 0 2.2165 PASS 1.000
1907 0 1.7430 PASS 1.000
1908 0 1.4226 PASS 1.000
1909 0 1.6932 PASS 1.000
1910 0 1.5873 PASS 1.000
1911 0 1.6829 PASS 1.000
1912 0 1.0439 PASS 1.000
1913 0 1.4565 PASS 1.000
1914 0 1.9428 PASS 1.000
1915 0 1.8400 PASS 1.000
1916 0 1.8933 PASS 1.000
1917 0 1.1637 PASS 1.000
1918 0 1.5718 PASS 1.000
1919 0 1.6566 PASS 1.000
1920 0 1.5288 PASS 1.000
1921 0 1.2601 PASS 1.000
1922 0 1.4322 PASS 1.000
1923 0 1.7407 PASS 1.000
1924 0 1.8484 PASS 1.000
1925 0 1.4547 PASS 1.000
1926 0 1.7621 PASS 1.000
1927 0 1.7695 PASS 1.000
1928 0 1.5141 PASS 1.000
1929 0 1.5131 PASS 1.000
1930 0 2.2244 PASS 1.000
1931 0 1.5526 PASS 1.000
1932 0 2.0034 PASS 1.000
1933 1 1.6467 PASS 1.000
1934 0 1.4252 PASS 1.000
1935 0 1.7156 PASS 1.000
1936 0 1.4583 PASS 1.000
1937 0 1.9633 PASS 1.000
1938 0 1.4282 PASS 1.000
1939 0 1.0786 PASS 1.000
1940 0 1.6404 PASS 1.000
1941 0 1.9263 PASS 1.000
1942 0 1.9990 PASS 1.000
1943 1 1.3161 PASS 1.000
1944 0 1.6476 PASS 1.000
1945 0 1.1655 PASS 1.000
1946 0 1.3324 PASS 1.000
1947 0 1.5429 PASS 1.000
1948 0 1.5162 PASS 1.000
1949 0 1.2417 PASS 1.000
1950 0 1.6787 PASS 1.000
1951 0 1.0230 PASS 1.000
1952 0 1.8500 PASS 1.000
1953 0 1.5900 PASS 1.000
1954 0 1.4315 PASS 1.000
1955 0 1.2177 PASS 1.000
1956 0 1.6339 PASS 1.000
1957 0 1.5165 PASS 1.000
1958 0 1.4595 PASS 1.000
1959 0 1.7194 PASS 1.000
1960 0 1.8077 PASS 1.000
1961 0 1.1511 PASS 1.000
1962 0 1.8075 PASS 1.000
1963 0 1.8520 PASS 1.000
1964 0 1.7756 PASS 1.000
1965 0 1.8005 PASS 1.000
1966 0 1.2162 PASS 1.000
1967 0 1.4226 PASS 1.000
1968 0 1.5282 PASS 1.000
1969 0 1.2909 PASS 1.000
1970 0 1.8036 PASS 1.000
1971 0 1.5541 PASS 1.000
1972 0 1.6727 PASS 1.000
1973 1 3.5244 PASS 1.000
1974 0 2.0579 PASS 1.000
1975 1 1.5341 PASS 1.000
1976 0 1.4688 PASS 1.000
1977 0 1.2462 PASS 1.000
1978 0 1.3602 PASS 1.000
1979 0 1.2008 PASS 1.000
1980 0 1.5810 PASS 1.000
1981 0 1.6228 PASS 1.000
1982 0 1.8707 PASS 1.000
1983 0 1.8945 PASS 1.000
1984 0 0.8213 PASS 1.000
1985 0 1.3212 PASS 1.000
1986 0 1.5211 PASS 1.000
1987 0 1.4217 PASS 1.000
1988 0 1.5745 PASS 1.000
1989 0 1.8531 PASS 1.000
1990 0 1.4635 PASS 1.000
1991 0 1.5438 PASS 1.000
1992 0 1.8615 PASS 1.000
1993 0 1.3457 PASS 1.000
1994 1 3.6321 PASS 1.000
1995 0 1.9382 PASS 1.000
1996 0 1.3732 PASS 1.000
1997 0 1.6496 PASS 1.000
1998 0 1.6567 PASS 1.000
1999 0 1.9948 PASS 1.000
2000 0 1.4541 PASS 1.000
2001 0 1.7422 PASS 1.000
2002 0 1.7979 PASS 1.000
2003 1 1.4037 PASS 1.000
2004 1 1.3121 PASS 1.000
2005 0 1.7657 PASS 1.000
2006 0 1.8545 PASS 1.000
2007 0 1.3383 PASS 1.000
2008 0 1.5251 PASS 1.000
2009 0 1.9921 PASS 1.000
2010 0 1.7143 PASS 1.000
2011 0 1.5200 PASS 1.000
2012 0 1.3495 PASS 1.000
2013 0 1.3639 PASS 1.000
2014 0 1.9726 PASS 1.000
2015 0 1.5387 PASS 1.000
2016 0 1.5757 PASS 1.000
2017 0 1.5998 PASS 1.000
2018 0 1.7625 PASS 1.000
2019 1 1.2182 PASS 1.000
2020 0 1.4752 PASS 1.000
2021 0 1.6615 PASS 1.000
2022 0 1.5749 PASS 1.000
2023 0 1.4019 PASS 1.000
2024 0 1.4554 PASS 1.000
2025 0 1.7968 PASS 1.000
2026 1 3.0333 PASS 1.000
2027 0 1.7882 PASS 1.000
2028 0 1.1057 PASS 1.000
2029 0 1.8300 PASS 1.000
2030 0 1.3312 PASS 1.000
2031 0 1.3686 PASS 1.000
2032 0 1.3606 PASS 1.000
2033 0 1.5577 PASS 1.000
2034 0 1.6210 PASS 1.000
2035 1 1.1030 PASS 1.000
2036 0 1.6519 PASS 1.000
2037 0 2.1618 PASS 1.000
2038 0 1.7322 PASS 1.000
2039 0 1.8886 PASS 1.000
2040 0 1.4921 PASS 1.000
2041 0 1.4467 PASS 1.000
2042 0 1.4954 PASS 1.000
2043 0 1.8032 PASS 1.000
2044 0 1.3403 PASS 1.000
2045 0 1.4489 PASS 1.000
2046 0 1.8272 PASS 1.000
2047 0 1.5881 PASS 1.000
2048 0 1.2211 PASS 1.000
2049 0 1.4020 PASS 1.000
2050 0 1.6111 PASS 1.000
2051 0 1.7086 PASS 1.000
2052 1 1.4906 PASS 1.000
2053 1 1.2728 PASS 1.000
2054 0 1.5085 PASS 1.000
2055 0 1.2445 PASS 1.000
2056 0 1.2631 PASS 1.000
2057 0 1.6620 PASS 1.000
2058 0 1.2236 PASS 1.000
2059 0 1.9712 PASS 1.000
2060 0 2.3986 PASS 1.000
2061 0 1.5125 PASS 1.000
2062 0 1.2921 PASS 1.000
2063 0 1.8775 PASS 1.000
2064 0 1.4636 PASS 1.000
2065 0 1.5606 PASS 1.000
2066 0 1.9618 PASS 1.000
2067 0 1.3678 PASS 1.000
2068 0 1.5480 PASS 1.000
2069 0 1.5747 PASS 1.000
2070 0 2.0183 PASS 1.000
2071 0 1.1745 PASS 1.000
2072 0 1.0750 PASS 1.000
2073 1 1.4618 PASS 1.000
2074 0 2.0902 PASS 1.000
2075 0 1.5038 PASS 1.000
2076 0 1.8917 PASS 1.000
2077 0 1.6205 PASS 1.000
2078 0 1.7907 PASS 1.000
2079 0 1.3980 PASS 1.000
2080 0 1.4867 PASS 1.000
2081 0 1.7971 PASS 1.000
2082 0 1.7734 PASS 1.000
2083 0 1.5236 PASS 1.000
2084 1 1.2808 PASS 1.000
2085 1 1.2410 PASS 1.000
2086 0 2.2542 PASS 1.000
2087 0 1.5755 PASS 1.000
2088 0 1.0501 PASS 1.000
2089 0 1.8304 PASS 1.000
2090 0 0.9430 PASS 1.000
2091 0 1.8883 PASS 1.000
2092 0 1.5044 PASS 1.000
2093 0 1.7234 PASS 1.000
2094 0 1.3816 PASS 1.000
2095 0 1.2285 PASS 1.000
2096 0 1.5299 PASS 1.000
2097 0 1.6370 PASS 1.000
2098 1 1.3154 PASS 1.000
2099 1 2.1806 PASS 1.000
2100 0 1.6970 PASS 1.000
2101 0 1.0842 PASS 1.000
2102 0 1.7468 PASS 1.000
2103 0 1.5519 PASS 1.000
2104 0 1.7102 PASS 1.000
2105 0 1.6120 PASS 1.000
2106 0 1.3271 PASS 1.000
2107 1 1.4323 PASS 1.000
2108 0 1.4042 PASS 1.000
2109 0 1.6538 PASS 1.000
2110 0 1.4036 PASS 1.000
2111 0 1.4554 PASS 1.000
2112 0 1.9088 PASS 1.000
2113 1 1.1843 PASS 1.000
2114 0 1.1917 PASS 1.000
2115 0 2.1886 PASS 1.000
2116 1 1.7126 PASS 1.000
2117 0 1.7400 PASS 1.000
2118 0 1.5357 PASS 1.000
2119 0 1.4120 PASS 1.000
2120 1 2.9176 PASS 1.000
2121 0 1.5721 PASS 1.000
2122 0 1.8253 PASS 1.000
2123 0 1.8693 PASS 1.000
2124 0 1.2513 PASS 1.000
2125 0 1.3541 PASS 1.000
2126 0 1.5986 PASS 1.000
2127 0 2.0935 PASS 1.000
2128 0 1.7047 PASS 1.000
2129 0 1.6107 PASS 1.000
2130 0 1.4804 PASS 1.000
2131 0 1.6367 PASS 1.000
2132 0 1.8807 PASS 1.000
2133 0 1.2372 PASS 1.000
2134 0 1.8239 PASS 1.000
2135 0 1.3552 PASS 1.000
2136 0 2.0477 PASS 1.000
2137 0 2.0045 PASS 1.000
2138 0 1.9228 PASS 1.000
2139 0 1.6516 PASS 1.000
2140 1 1.1114 PASS 1.000
2141 0 1.9480 PASS 1.000
2142 0 2.0428 PASS 1.000
2143 0 1.3526 PASS 1.000
2144 0 1.6543 PASS 1.000
2145 0 1.7246 PASS 1.000
2146 0 1.3830 PASS 1.000
2147 0 1.4876 PASS 1.000
2148 0 1.8804 PASS 1.000
2149 0 1.5479 PASS 1.000
2150 0 1.4019 PASS 1.000
2151 0 1.6081 PASS 1.000
2152 0 1.3358 PASS 1.000
2153 0 1.6420 PASS 1.000
2154 0 0.9716 PASS 1.000
2155 0 1.9411 PASS 1.000
2156 0 1.5855 PASS 1.000
2157 0 1.0285 PASS 1.000
2158 0 1.8927 PASS 1.000
2159 0 1.4899 PASS 1.000
2160 1 1.2768 PASS 1.000
2161 1 2.4942 PASS 1.000
2162 0 1.8001 PASS 1.000
2163 0 1.6634 PASS 1.000
2164 0 1.5612 PASS 1.000
2165 0 1.9149 PASS 1.000
2166 0 1.3082 PASS 1.000
2167 0 1.6185 PASS 1.000
2168 0 1.3002 PASS 1.000
2169 0 1.6676 PASS 1.000
2170 0 1.6471 PASS 1.000
2171 0 1.7198 PASS 1.000
2172 0 1.6284 PASS 1.000
2173 0 1.2365 PASS 1.000
2174 0 1.5723 PASS 1.000
2175 0 1.3209 PASS 1.000
2176 1 1.4788 PASS 1.000
2177 0 1.6382 PASS 1.000
2178 0 1.8618 PASS 1.000
2179 1 1.7036 PASS 1.000
2180 0 1.5525 PASS 1.000
2181 0 1.3083 PASS 1.000
2182 0 1.4611 PASS 1.000
2183 0 2.1666 PASS 1.000
2184 0 1.8899 PASS 1.000
2185 0 1.3752 PASS 1.000
2186 0 1.4828 PASS 1.000
2187 0 1.4123 PASS 1.000
2188 0 1.3980 PASS 1.000
2189 0 1.7726 PASS 1.000
2190 0 1.2181 PASS 1.000
2191 1 1.5130 PASS 1.000
2192 0 1.3094 PASS 1.000
2193 0 1.2220 PASS 1.000
2194 0 2.0848 PASS 1.000
2195 0 1.7006 PASS 1.000
2196 0 1.4173 PASS 1.000
2197 0 2.0347 PASS 1.000
2198 0 1.2760 PASS 1.000
2199 0 1.4548 PASS 1.000
2200 0 1.4698 PASS 1.000
2201 0 1.1166 PASS 1.000
2202 1 1.4442 PASS 1.000
2203 0 1.3883 PASS 1.000
2204 0 1.2624 PASS 1.000
2205 1 3.6261 PASS 1.000
2206 0 1.6566 PASS 1.000
2207 0 2.0668 PASS 1.000
2208 0 1.1843 PASS 1.000
2209 0 1.2620 PASS 1.000
2210 0 1.5089 PASS 1.000
2211 0 1.6510 PASS 1.000
2212 0 1.4572 PASS 1.000
2213 0 1.2854 PASS 1.000
2214 0 1.6831 PASS 1.000
2215 0 1.2723 PASS 1.000
2216 0 1.6394 PASS 1.000
2217 1 2.3443 PASS 1.000
2218 0 1.7330 PASS 1.000
2219 0 1.9415 PASS 1.000
2220 0 1.6863 PASS 1.000
2221 0 2.0060 PASS 1.000
2222 0 1.2261 PASS 1.000
2223 0 1.2724 PASS 1.000
2224 0 1.7330 PASS 1.000
2225 0 1.3458 PASS 1.000
2226 0 1.6760 PASS 1.000
2227 0 1.5514 PASS 1.000
2228 1 1.2637 PASS 1.000
2229 0 1.4109 PASS 1.000
2230 0 1.9320 PASS 1.000
2231 0 1.5995 PASS 1.000
2232 0 1.3201 PASS 1.000
2233 0 1.9017 PASS 1.000
2234 0 1.6030 PASS 1.000
2235 0 1.6091 PASS 1.000
2236 0 1.5261 PASS 1.000
2237 0 2.2814 PASS 1.000
2238 0 1.8357 PASS 1.000
2239 0 1.2456 PASS 1.000
2240 0 1.3993 PASS 1.000
2241 0 1.8180 PASS 1.000
2242 0 1.3852 PASS 1.000
2243 0 1.4922 PASS 1.000
2244 0 0.9108 PASS 1.000
2245 0 1.3332 PASS 1.000
2246 0 1.4310 PASS 1.000
2247 0 1.3763 PASS 1.000
2248 0 1.2002 PASS 1.000
2249 0 1.1734 PASS 1.000
2250 0 1.4873 PASS 1.000
2251 0 1.1422 PASS 1.000
2252 0 1.4092 PASS 1.000
2253 0 1.3044 PASS 1.000
2254 0 1.9722 PASS 1.000
2255 0 1.6553 PASS 1.000
2256 0 1.3970 PASS 1.000
2257 0 1.3970 PASS 1.000
2258 0 1.8709 PASS 1.000
2259 1 1.4412 PASS 1.000
2260 0 1.4232 PASS 1.000
2261 0 1.2550 PASS 1.000
2262 0 2.3959 PASS 1.000
2263 0 1.3460 PASS 1.000
2264 0 2.1196 PASS 1.000
2265 0 1.0557 PASS 1.000
2266 0 1.1772 PASS 1.000
2267 0 1.2276 PASS 1.000
2268 1 1.1123 PASS 1.000
2269 0 1.1624 PASS 1.000
2270 0 1.5148 PASS 1.000
2271 0 1.6111 PASS 1.000
2272 0 1.6327 PASS 1.000
2273 0 1.2977 PASS 1.000
2274 0 1.2338 PASS 1.000
2275 0 1.1887 PASS 1.000
2276 0 1.1011 PASS 1.000
2277 0 1.5658 PASS 1.000
2278 0 1.7974 PASS 1.000
2279 1 1.9306 PASS 1.000
2280 0 1.5449 PASS 1.000
2281 0 1.8099 PASS 1.000
2282 0 1.3329 PASS 1.000
2283 0 1.6284 PASS 1.000
2284 0 1.6474 PASS 1.000
2285 0 1.6389 PASS 1.000
2286 0 1.7492 PASS 1.000
2287 1 1.4573 PASS 1.000
2288 0 1.9903 PASS 1.000
2289 1 1.6070 PASS 1.000
2290 0 1.2458 PASS 1.000
2291 0 1.9480 PASS 1.000
2292 0 1.6914 PASS 1.000
2293 1 1.3514 PASS 1.000
2294 0 1.3193 PASS 1.000
2295 0 1.3325 PASS 1.000
2296 1 1.4900 PASS 1.000
2297 0 1.4897 PASS 1.000
2298 1 1.4826 PASS 1.000
2299 1 2.1514 PASS 1.000
2300 0 1.6281 PASS 1.000
2301 0 1.6695 PASS 1.000
2302 0 1.5211 PASS 1.000
2303 0 1.7778 PASS 1.000
2304 0 1.3959 PASS 1.000
2305 0 1.4744 PASS 1.000
2306 0 1.6776 PASS 1.000
2307 0 1.0645 PASS 1.000
2308 0 1.7986 PASS 1.000
2309 0 1.6108 PASS 1.000
2310 0 1.7675 PASS 1.000
2311 0 1.4970 PASS 1.000
2312 0 1.9694 PASS 1.000
2313 1 1.7578 PASS 1.000
2314 0 1.1214 PASS 1.000
2315 0 1.6024 PASS 1.000
2316 0 1.8256 PASS 1.000
2317 0 1.1827 PASS 1.000
2318 0 1.6847 PASS 1.000
2319 0 1.5835 PASS 1.000
2320 0 1.2035 PASS 1.000
2321 0 1.4776 PASS 1.000
2322 0 1.2184 PASS 1.000
2323 0 1.5644 PASS 1.000
2324 0 1.4935 PASS 1.000
2325 0 1.4874 PASS 1.000
2326 0 1.1739 PASS 1.000
2327 0 1.8373 PASS 1.000
2328 1 1.2137 PASS 1.000
2329 0 1.0427 PASS 1.000
2330 0 1.4102 PASS 1.000
2331 0 1.4186 PASS 1.000
2332 0 1.5970 PASS 1.000
2333 0 1.7826 PASS 1.000
2334 0 1.2853 PASS 1.000
2335 0 1.7116 PASS 1.000
2336 0 2.0346 PASS 1.000
2337 0 0.9305 PASS 1.000
2338 0 1.7608 PASS 1.000
2339 0 1.3346 PASS 1.000
2340 0 1.5141 PASS 1.000
2341 1 1.1149 PASS 1.000
2342 0 1.5651 PASS 1.000
2343 0 1.1690 PASS 1.000
2344 0 1.3061 PASS 1.000
2345 0 2.0638 PASS 1.000
2346 0 1.5896 PASS 1.000
2347 0 1.6589 PASS 1.000
2348 0 0.9265 PASS 1.000
2349 0 1.2713 PASS 1.000
2350 0 1.6674 PASS 1.000
2351 0 1.3906 PASS 1.000
2352 0 1.2183 PASS 1.000
2353 1 3.9158 PASS 1.000
2354 0 1.9443 PASS 1.000
2355 0 1.3025 PASS 1.000
2356 0 1.8156 PASS 1.000
2357 0 1.5026 PASS 1.000
2358 0 1.6820 PASS 1.000
2359 0 1.2798 PASS 1.000
2360 1 1.6313 PASS 1.000
2361 0 1.4854 PASS 1.000
2362 0 1.7626 PASS 1.000
2363 0 2.0169 PASS 1.000
2364 0 1.4110 PASS 1.000
2365 0 1.1846 PASS 1.000
2366 0 1.7961 PASS 1.000
2367 0 1.1988 PASS 1.000
2368 0 1.5957 PASS 1.000
2369 0 1.4141 PASS 1.000
2370 0 1.2918 PASS 1.000
2371 0 1.3074 PASS 1.000
2372 0 1.4488 PASS 1.000
2373 0 1.8644 PASS 1.000
2374 0 1.5421 PASS 1.000
2375 0 1.4931 PASS 1.000
2376 0 1.9434 PASS 1.000
2377 0 1.3820 PASS 1.000
2378 0 1.4327 PASS 1.000
2379 0 1.8673 PASS 1.000
2380 0 1.1954 PASS 1.000
2381 0 1.4463 PASS 1.000
2382 0 1.8061 PASS 1.000
2383 0 1.5304 PASS 1.000
2384 0 1.4520 PASS 1.000
2385 0 1.6095 PASS 1.000
2386 0 1.2297 PASS 1.000
2387 0 1.2939 PASS 1.000
2388 0 1.7218 PASS 1.000
2389 0 1.4400 PASS 1.000
2390 0 1.7522 PASS 1.000
2391 0 1.3695 PASS 1.000
2392 0 1.5507 PASS 1.000
2393 1 1.2996 PASS 1.000
2394 0 1.9750 PASS 1.000
2395 1 2.5742 PASS 1.000
2396 0 2.0789 PASS 1.000
2397 0 1.5149 PASS 1.000
2398 0 1.4777 PASS 1.000
2399 0 1.5371 PASS 1.000
2400 0 1.2376 PASS 1.000
2401 0 1.6740 PASS 1.000
2402 1 1.2355 PASS 1.000
2403 0 1.9418 PASS 1.000
2404 0 1.6905 PASS 1.000
2405 0 1.6002 PASS 1.000
2406 0 1.4561 PASS 1.000
2407 0 1.6802 PASS 1.000
2408 0 1.6315 PASS 1.000
2409 0 1.6992 PASS 1.000
2410 0 1.3371 PASS 1.000
2411 0 1.2931 PASS 1.000
2412 0 1.4491 PASS 1.000
2413 0 1.4196 PASS 1.000
2414 0 1.6284 PASS 1.000
2415 0 2.2352 PASS 1.000
2416 0 1.5661 PASS 1.000
2417 0 1.7801 PASS 1.000
2418 0 1.7248 PASS 1.000
2419 0 1.5551 PASS 1.000
2420 0 1.4267 PASS 1.000
2421 0 1.9708 PASS 1.000
2422 0 1.7431 PASS 1.000
2423 0 1.3432 PASS 1.000
2424 1 1.3101 PASS 1.000
2425 0 1.5416 PASS 1.000
2426 0 0.9550 PASS 1.000
2427 1 1.3281 PASS 1.000
2428 1 1.1932 PASS 1.000
2429 0 1.6663 PASS 1.000
2430 1 1.1623 PASS 1.000
2431 0 1.6185 PASS 1.000
2432 0 1.2679 PASS 1.000
2433 1 1.1646 PASS 1.000
2434 0 1.6100 PASS 1.000
2435 0 1.1115 PASS 1.000
2436 0 1.4913 PASS 1.000
2437 0 1.6318 PASS 1.000
2438 0 1.4573 PASS 1.000
2439 0 1.7531 PASS 1.000
2440 0 1.4786 PASS 1.000
2441 0 1.4328 PASS 1.000
2442 0 1.7341 PASS 1.000
2443 0 1.2183 PASS 1.000
2444 0 1.7126 PASS 1.000
2445 0 1.2521 PASS 1.000
2446 0 1.6621 PASS 1.000
2447 0 1.3664 PASS 1.000
2448 0 1.3595 PASS 1.000
2449 0 1.7290 PASS 1.000
2450 0 1.4413 PASS 1.000
2451 1 1.3239 PASS 1.000
2452 0 1.5808 PASS 1.000
2453 0 1.5410 PASS 1.000
2454 0 1.5401 PASS 1.000
2455 0 1.6037 PASS 1.000
2456 0 1.2633 PASS 1.000
2457 0 1.8191 PASS 1.000
2458 0 1.2426 PASS 1.000
2459 0 1.4302 PASS 1.000
2460 0 1.5127 PASS 1.000
2461 0 1.1039 PASS 1.000
2462 0 1.8060 PASS 1.000
2463 0 1.6465 PASS 1.000
2464 0 1.5931 PASS 1.000
2465 0 1.6773 PASS 1.000
2466 0 1.1899 PASS 1.000
2467 0 1.0329 PASS 1.000
2468 0 1.7969 PASS 1.000
2469 0 1.3667 PASS 1.000
2470 0 1.3520 PASS 1.000
2471 0 1.0624 PASS 1.000
2472 1 1.2108 PASS 1.000
2473 0 1.5040 PASS 1.000
2474 0 1.4526 PASS 1.000
2475 0 1.8575 PASS 1.000
2476 0 1.2535 PASS 1.000
2477 0 1.3169 PASS 1.000
2478 0 1.3313 PASS 1.000
2479 0 1.2144 PASS 1.000
2480 0 1.5883 PASS 1.000
2481 0 1.9180 PASS 1.000
2482 0 1.1036 PASS 1.000
2483 0 1.5921 PASS 1.000
2484 0 1.4722 PASS 1.000
2485 0 1.6632 PASS 1.000
2486 0 1.1526 PASS 1.000
2487 0 1.2873 PASS 1.000
2488 0 1.8031 PASS 1.000
2489 1 1.9842 PASS 1.000
2490 1 1.6659 PASS 1.000
2491 0 1.3612 PASS 1.000
2492 1 1.3969 PASS 1.000
2493 0 1.4024 PASS 1.000
2494 0 1.9000 PASS 1.000
2495 0 1.7028 PASS 1.000
2496 0 1.3228 PASS 1.000
2497 0 1.9047 PASS 1.000
2498 0 1.5774 PASS 1.000
2499 0 2.1129 PASS 1.000
2500 0 1.2395 PASS 1.000
2501 0 1.1872 PASS 1.000
2502 0 1.6607 PASS 1.000
2503 0 1.8156 PASS 1.000
2504 0 1.4004 PASS 1.000
2505 0 1.6756 PASS 1.000
2506 0 1.3747 PASS 1.000
2507 0 2.1794 PASS 1.000
2508 1 1.2112 PASS 1.000
2509 0 1.2159 PASS 1.000
2510 0 1.5625 PASS 1.000
2511 0 2.0178 PASS 1.000
2512 0 1.1888 PASS 1.000
2513 0 1.2018 PASS 1.000
2514 0 1.3830 PASS 1.000
2515 0 1.5970 PASS 1.000
2516 1 1.0383 PASS 1.000
2517 0 1.4973 PASS 1.000
2518 0 1.1132 PASS 1.000
2519 0 1.4874 PASS 1.000
2520 0 1.2597 PASS 1.000
2521 0 1.6455 PASS 1.000
2522 0 1.7958 PASS 1.000
2523 0 1.1757 PASS 1.000
2524 0 1.5997 PASS 1.000
2525 1 3.4439 PASS 1.000
2526 0 1.0670 PASS 1.000
2527 1 1.3234 PASS 1.000
2528 0 1.5291 PASS 1.000
2529 0 1.7859 PASS 1.000
2530 0 1.4365 PASS 1.000
2531 0 1.2027 PASS 1.000
2532 0 1.7254 PASS 1.000
2533 0 1.0388 PASS 1.000
2534 0 1.3769 PASS 1.000
2535 0 1.3706 PASS 1.000
2536 0 1.4128 PASS 1.000
2537 0 1.2274 PASS 1.000
2538 0 1.8257 PASS 1.000
2539 0 1.5459 PASS 1.000
2540 0 1.6109 PASS 1.000
2541 0 1.0764 PASS 1.000
2542 0 1.4401 PASS 1.000
2543 0 1.9375 PASS 1.000
2544 0 1.1977 PASS 1.000
2545 0 1.6340 PASS 1.000
2546 0 1.4009 PASS 1.000
2547 0 1.5074 PASS 1.000
2548 0 1.5369 PASS 1.000
2549 0 1.3452 PASS 1.000
2550 0 1.7777 PASS 1.000
2551 0 1.7881 PASS 1.000
2552 0 1.9746 PASS 1.000
2553 0 1.3040 PASS 1.000
2554 0 0.9642 PASS 1.000
2555 0 1.2842 PASS 1.000
2556 0 1.5966 PASS 1.000
2557 0 1.3335 PASS 1.000
2558 0 1.2721 PASS 1.000
2559 0 1.4033 PASS 1.000
2560 0 1.4398 PASS 1.000
2561 0 1.1704 PASS 1.000
2562 0 2.2407 PASS 1.000
2563 0 1.4627 PASS 1.000
2564 0 1.3449 PASS 1.000
2565 0 1.5530 PASS 1.000
2566 0 1.7600 PASS 1.000
2567 0 1.2984 PASS 1.000
2568 0 1.6856 PASS 1.000
2569 0 1.6083 PASS 1.000
2570 0 1.0843 PASS 1.000
2571 1 2.0477 PASS 1.000
2572 1 1.3280 PASS 1.000
2573 0 1.2358 PASS 1.000
2574 0 1.6277 PASS 1.000
2575 0 1.1314 PASS 1.000
2576 0 1.4903 PASS 1.000
2577 0 1.5161 PASS 1.000
2578 0 1.1204 PASS 1.000
2579 0 1.9559 PASS 1.000
2580 0 1.3670 PASS 1.000
2581 0 1.2686 PASS 1.000
2582 0 1.3962 PASS 1.000
2583 0 1.2236 PASS 1.000
2584 0 1.2051 PASS 1.000
2585 0 1.8859 PASS 1.000
2586 0 1.7351 PASS 1.000
2587 0 1.5656 PASS 1.000
2588 0 1.0053 PASS 1.000
2589 0 1.9441 PASS 1.000
2590 0 1.2833 PASS 1.000
2591 0 1.1931 PASS 1.000
2592 1 1.4055 PASS 1.000
2593 1 1.2241 PASS 1.000
2594 0 1.4337 PASS 1.000
2595 0 1.6912 PASS 1.000
2596 0 1.3074 PASS 1.000
2597 0 1.4424 PASS 1.000
2598 0 1.3682 PASS 1.000
2599 0 1.2633 PASS 1.000
2600 0 1.6444 PASS 1.000
2601 0 1.5536 PASS 1.000
2602 0 1.1153 PASS 1.000
2603 0 1.8844 PASS 1.000
2604 0 1.0533 PASS 1.000
2605 0 1.4858 PASS 1.000
2606 0 1.3161 PASS 1.000
2607 0 1.1448 PASS 1.000
2608 1 1.3783 PASS 1.000
2609 0 1.0519 PASS 1.000
2610 0 1.7628 PASS 1.000
2611 0 1.3944 PASS 1.000
2612 0 1.4771 PASS 1.000
2613 0 1.3904 PASS 1.000
2614 0 1.3741 PASS 1.000
2615 0 1.6316 PASS 1.000
2616 0 1.5414 PASS 1.000
2617 0 1.8067 PASS 1.000
2618 0 1.3928 PASS 1.000
2619 1 0.9946 PASS 1.000
2620 0 1.7376 PASS 1.000
2621 0 1.6321 PASS 1.000
2622 0 1.6735 PASS 1.000
2623 1 2.3347 PASS 1.000
2624 0 1.8608 PASS 1.000
2625 0 1.1891 PASS 1.000
2626 0 1.5383 PASS 1.000
2627 0 1.3845 PASS 1.000
2628 0 1.6598 PASS 1.000
2629 0 1.4490 PASS 1.000
2630 1 0.9273 PASS 1.000
2631 0 1.6432 PASS 1.000
2632 0 1.4271 PASS 1.000
2633 0 1.2387 PASS 1.000
2634 0 1.2387 PASS 1.000
2635 0 1.2480 PASS 1.000
2636 1 1.4314 PASS 1.000
2637 0 0.8995 PASS 1.000
2638 0 1.1442 PASS 1.000
2639 1 1.3469 PASS 1.000
2640 0 1.1616 PASS 1.000
2641 0 1.0840 PASS 1.000
2642 0 1.5733 PASS 1.000
2643 0 1.4539 PASS 1.000
2644 0 1.1624 PASS 1.000
2645 0 1.6930 PASS 1.000
2646 0 1.0201 PASS 1.000
2647 0 1.1051 PASS 1.000
2648 0 1.6675 PASS 1.000
2649 0 1.2854 PASS 1.000
2650 0 1.7975 PASS 1.000
2651 0 2.0185 PASS 1.000
2652 0 1.0754 PASS 1.000
2653 0 1.5704 PASS 1.000
2654 1 1.3267 PASS 1.000
2655 0 1.2692 PASS 1.000
2656 1 0.9541 PASS 1.000
2657 0 2.2585 PASS 1.000
2658 0 1.9393 PASS 1.000
2659 0 2.1249 PASS 1.000
2660 0 1.4356 PASS 1.000
2661 0 1.0445 PASS 1.000
2662 0 1.5588 PASS 1.000
2663 0 1.9308 PASS 1.000
2664 0 1.3065 PASS 1.000
2665 1 0.8283 PASS 1.000
2666 0 1.4045 PASS 1.000
2667 0 1.3617 PASS 1.000
2668 0 1.5748 PASS 1.000
2669 0 1.6730 PASS 1.000
2670 0 1.2892 PASS 1.000
2671 0 1.6715 PASS 1.000
2672 0 1.1983 PASS 1.000
2673 0 1.4151 PASS 1.000
2674 0 1.7358 PASS 1.000
2675 1 1.0751 PASS 1.000
2676 0 1.1611 PASS 1.000
2677 0 1.5809 PASS 1.000
2678 0 1.6862 PASS 1.000
2679 0 0.9971 PASS 1.000
2680 1 0.9310 PASS 1.000
2681 0 0.9926 PASS 1.000
2682 0 1.3659 PASS 1.000
2683 0 1.4529 PASS 1.000
2684 0 1.6501 PASS 1.000
2685 0 1.3527 PASS 1.000
2686 0 1.5718 PASS 1.000
2687 0 1.0840 PASS 1.000
2688 0 1.2773 PASS 1.000
2689 0 1.7265 PASS 1.000
2690 0 1.5650 PASS 1.000
2691 0 1.4551 PASS 1.000
2692 0 1.7874 PASS 1.000
2693 0 1.8529 PASS 1.000
2694 0 1.3241 PASS 1.000
2695 0 1.1096 PASS 1.000
2696 1 3.3004 PASS 1.000
2697 0 1.1378 PASS 1.000
2698 0 1.6649 PASS 1.000
2699 0 1.9327 PASS 1.000
2700 0 1.7129 PASS 1.000
2701 0 1.4574 PASS 1.000
2702 0 1.2009 PASS 1.000
2703 0 1.3788 PASS 1.000
2704 0 1.5197 PASS 1.000
2705 1 1.0386 PASS 1.000
2706 0 1.3962 PASS 1.000
2707 0 1.1023 PASS 1.000
2708 0 1.4018 PASS 1.000
2709 0 1.4103 PASS 1.000
2710 0 1.7492 PASS 1.000
2711 0 1.5954 PASS 1.000
2712 0 1.0450 PASS 1.000
2713 0 1.2283 PASS 1.000
2714 0 1.1129 PASS 1.000
2715 0 1.0450 PASS 1.000
2716 0 1.2926 PASS 1.000
2717 0 1.3415 PASS 1.000
2718 1 1.2175 PASS 1.000
2719 0 1.9500 PASS 1.000
2720 0 1.2856 PASS 1.000
2721 0 1.6781 PASS 1.000
2722 1 1.9020 PASS 1.000
2723 0 1.9296 PASS 1.000
2724 0 1.6229 PASS 1.000
2725 0 1.4437 PASS 1.000
2726 1 0.8899 PASS 1.000
2727 0 1.4383 PASS 1.000
2728 0 1.3271 PASS 1.000
2729 0 1.5554 PASS 1.000
2730 0 1.3723 PASS 1.000
2731 1 1.6886 PASS 1.000
2732 0 1.7181 PASS 1.000
2733 0 1.2051 PASS 1.000
2734 0 1.6321 PASS 1.000
2735 0 1.0502 PASS 1.000
2736 0 2.1535 PASS 1.000
2737 0 1.4108 PASS 1.000
2738 0 1.4938 PASS 1.000
2739 0 1.5626 PASS 1.000
2740 0 1.2030 PASS 1.000
2741 1 1.2478 PASS 1.000
2742 0 1.3007 PASS 1.000
2743 0 1.3531 PASS 1.000
2744 0 1.2811 PASS 1.000
2745 0 1.6220 PASS 1.000
2746 0 1.3781 PASS 1.000
2747 0 1.8035 PASS 1.000
2748 0 1.0710 PASS 1.000
2749 0 1.5850 PASS 1.000
2750 0 1.3954 PASS 1.000
2751 0 1.4328 PASS 1.000
2752 0 1.5065 PASS 1.000
2753 0 1.5016 PASS 1.000
2754 0 1.8347 PASS 1.000
2755 0 1.6832 PASS 1.000
2756 0 1.6312 PASS 1.000
2757 1 1.2268 PASS 1.000
2758 0 1.1381 PASS 1.000
2759 0 1.5531 PASS 1.000
2760 0 1.4698 PASS 1.000
2761 0 1.4618 PASS 1.000
2762 0 1.7316 PASS 1.000
2763 1 1.1018 PASS 1.000
2764 1 1.2157 PASS 1.000
2765 0 1.4908 PASS 1.000
2766 0 1.4532 PASS 1.000
2767 0 1.4491 PASS 1.000
2768 0 1.7351 PASS 1.000
2769 0 1.5511 PASS 1.000
2770 0 1.7677 PASS 1.000
2771 1 1.7087 PASS 1.000
2772 1 1.0464 PASS 1.000
2773 0 1.3542 PASS 1.000
2774 0 1.7037 PASS 1.000
2775 0 1.2399 PASS 1.000
2776 0 1.7578 PASS 1.000
2777 0 1.2768 PASS 1.000
2778 0 1.3116 PASS 1.000
2779 0 1.3095 PASS 1.000
2780 0 1.3893 PASS 1.000
2781 0 1.9757 PASS 1.000
2782 0 1.4202 PASS 1.000
2783 0 1.3477 PASS 1.000
2784 0 1.3358 PASS 1.000
2785 0 1.3030 PASS 1.000
2786 0 1.1942 PASS 1.000
2787 0 1.8430 PASS 1.000
2788 0 1.5154 PASS 1.000
2789 0 2.0914 PASS 1.000
2790 0 1.3713 PASS 1.000
2791 0 2.4675 PASS 1.000
2792 0 1.3850 PASS 1.000
2793 0 1.8510 PASS 1.000
2794 0 0.9858 PASS 1.000
2795 0 1.3116 PASS 1.000
2796 0 1.3279 PASS 1.000
2797 0 1.4749 PASS 1.000
2798 0 1.2092 PASS 1.000
2799 0 1.9896 PASS 1.000
2800 0 1.5615 PASS 1.000
2801 0 1.3151 PASS 1.000
2802 0 1.5404 PASS 1.000
2803 0 1.7834 PASS 1.000
2804 0 1.2934 PASS 1.000
2805 0 1.4722 PASS 1.000
2806 0 1.2605 PASS 1.000
2807 0 1.4359 PASS 1.000
2808 0 1.4721 PASS 1.000
2809 0 1.9191 PASS 1.000
2810 0 1.3587 PASS 1.000
2811 1 1.4359 PASS 1.000
2812 0 1.2805 PASS 1.000
2813 0 1.6316 PASS 1.000
2814 0 1.9168 PASS 1.000
2815 0 1.5068 PASS 1.000
2816 0 1.4612 PASS 1.000
2817 0 1.5503 PASS 1.000
2818 0 1.8514 PASS 1.000
2819 0 1.4217 PASS 1.000
2820 0 1.3576 PASS 1.000
2821 0 1.0994 PASS 1.000
2822 0 1.0266 PASS 1.000
2823 0 1.5764 PASS 1.000
2824 0 1.1964 PASS 1.000
2825 0 1.8606 PASS 1.000
2826 0 1.1016 PASS 1.000
2827 0 1.6991 PASS 1.000
2828 1 1.3008 PASS 1.000
2829 0 1.5817 PASS 1.000
2830 0 1.8886 PASS 1.000
2831 0 1.2250 PASS 1.000
2832 0 1.2611 PASS 1.000
2833 0 1.3773 PASS 1.000
2834 0 1.6573 PASS 1.000
2835 1 1.2271 PASS 1.000
2836 0 1.3853 PASS 1.000
2837 0 1.4508 PASS 1.000
2838 0 1.7326 PASS 1.000
2839 0 1.4133 PASS 1.000
2840 0 1.4645 PASS 1.000
2841 0 1.0999 PASS 1.000
2842 0 1.9182 PASS 1.000
2843 0 1.6079 PASS 1.000
2844 0 1.7843 PASS 1.000
2845 0 1.2215 PASS 1.000
2846 0 1.3790 PASS 1.000
2847 0 1.2147 PASS 1.000
2848 0 1.7541 PASS 1.000
2849 0 1.0403 PASS 1.000
2850 0 1.4175 PASS 1.000
2851 0 1.4567 PASS 1.000
2852 0 1.7559 PASS 1.000
2853 0 1.3296 PASS 1.000
2854 0 1.1578 PASS 1.000
2855 0 1.9515 PASS 1.000
2856 0 1.5808 PASS 1.000
2857 0 1.5352 PASS 1.000
2858 0 1.0533 PASS 1.000
2859 0 1.2587 PASS 1.000
2860 0 1.2445 PASS 1.000
2861 0 1.2399 PASS 1.000
2862 0 1.6011 PASS 1.000
2863 0 1.0641 PASS 1.000
2864 0 1.0312 PASS 1.000
2865 0 1.1073 PASS 1.000
2866 0 1.4164 PASS 1.000
2867 0 1.4019 PASS 1.000
2868 1 1.1908 PASS 1.000
2869 0 1.4614 PASS 1.000
2870 0 1.5091 PASS 1.000
2871 0 0.9971 PASS 1.000
2872 0 1.8040 PASS 1.000
2873 1 2.3023 PASS 1.000
2874 0 1.7331 PASS 1.000
2875 0 1.3727 PASS 1.000
2876 0 0.9941 PASS 1.000
2877 0 1.7862 PASS 1.000
2878 0 1.8000 PASS 1.000
2879 0 1.7707 PASS 1.000
2880 0 2.0332 PASS 1.000
2881 1 1.1711 PASS 1.000
2882 0 1.6130 PASS 1.000
2883 0 1.2652 PASS 1.000
2884 0 1.9822 PASS 1.000
2885 1 0.8821 PASS 1.000
2886 0 2.4187 PASS 1.000
2887 0 0.8641 PASS 1.000
2888 0 1.3347 PASS 1.000
2889 0 1.2552 PASS 1.000
2890 0 1.4409 PASS 1.000
2891 0 1.7937 PASS 1.000
2892 1 0.9100 PASS 1.000
2893 0 1.2315 PASS 1.000
2894 0 1.6511 PASS 1.000
2895 0 1.4170 PASS 1.000
2896 0 1.8340 PASS 1.000
2897 0 1.2286 PASS 1.000
2898 0 1.1482 PASS 1.000
2899 0 1.6579 PASS 1.000
2900 0 1.4211 PASS 1.000
2901 0 1.2018 PASS 1.000
2902 0 1.2307 PASS 1.000
2903 0 0.7242 PASS 1.000
2904 0 1.2460 PASS 1.000
2905 0 1.4395 PASS 1.000
2906 0 1.7983 PASS 1.000
2907 0 1.2708 PASS 1.000
2908 0 1.3501 PASS 1.000
2909 0 1.0657 PASS 1.000
2910 0 1.4855 PASS 1.000
2911 0 1.3424 PASS 1.000
2912 0 0.9821 PASS 1.000
2913 0 1.3459 PASS 1.000
2914 0 1.3286 PASS 1.000
2915 0 1.2674 PASS 1.000
2916 0 2.1709 PASS 1.000
2917 0 1.6914 PASS 1.000
2918 0 1.5651 PASS 1.000
2919 1 0.7412 PASS 1.000
2920 0 1.5757 PASS 1.000
2921 0 1.6531 PASS 1.000
2922 0 1.6242 PASS 1.000
2923 0 1.3510 PASS 1.000
2924 0 1.8190 PASS 1.000
2925 0 1.1292 PASS 1.000
2926 1 1.3633 PASS 1.000
2927 0 1.0970 PASS 1.000
2928 0 1.4306 PASS 1.000
2929 0 1.2497 PASS 1.000
2930 0 1.5017 PASS 1.000
2931 0 1.9122 PASS 1.000
2932 0 1.3930 PASS 1.000
2933 0 1.7546 PASS 1.000
2934 0 1.7292 PASS 1.000
2935 0 1.9932 PASS 1.000
2936 0 1.4209 PASS 1.000
2937 0 1.4036 PASS 1.000
2938 0 1.1661 PASS 1.000
2939 0 1.1784 PASS 1.000
2940 0 1.0656 PASS 1.000
2941 0 1.3852 PASS 1.000
2942 0 1.4595 PASS 1.000
2943 0 1.2386 PASS 1.000
2944 0 1.8866 PASS 1.000
2945 0 1.4888 PASS 1.000
2946 0 1.1004 PASS 1.000
2947 0 1.0498 PASS 1.000
2948 0 1.7220 PASS 1.000
2949 1 1.1299 PASS 1.000
2950 0 2.0894 PASS 1.000
2951 0 1.4165 PASS 1.000
2952 0 1.5451 PASS 1.000
2953 1 1.0613 PASS 1.000
2954 1 1.4605 PASS 1.000
2955 0 1.7077 PASS 1.000
2956 0 1.2575 PASS 1.000
2957 0 1.7270 PASS 1.000
2958 0 1.0378 PASS 1.000
2959 0 1.2072 PASS 1.000
2960 0 1.3246 PASS 1.000
2961 0 1.2308 PASS 1.000
2962 0 1.3701 PASS 1.000
2963 0 1.3887 PASS 1.000
2964 0 1.3561 PASS 1.000
2965 0 1.9695 PASS 1.000
2966 0 1.6859 PASS 1.000
2967 0 1.5302 PASS 1.000
2968 0 1.2511 PASS 1.000
2969 0 1.1918 PASS 1.000
2970 0 0.9595 PASS 1.000
2971 0 1.4408 PASS 1.000
2972 0 1.9210 PASS 1.000
2973 0 1.5551 PASS 1.000
2974 0 1.3922 PASS 1.000
2975 0 1.4183 PASS 1.000
2976 0 1.4759 PASS 1.000
2977 0 1.0476 PASS 1.000
2978 0 1.0782 PASS 1.000
2979 1 1.0713 PASS 1.000
2980 0 1.3199 PASS 1.000
2981 0 1.3683 PASS 1.000
2982 0 1.3909 PASS 1.000
2983 0 1.9953 PASS 1.000
2984 0 1.4723 PASS 1.000
2985 0 1.3328 PASS 1.000
2986 0 1.8037 PASS 1.000
2987 0 1.4254 PASS 1.000
2988 0 1.3476 PASS 1.000
2989 0 1.5795 PASS 1.000
2990 0 1.1235 PASS 1.000
2991 0 1.4552 PASS 1.000
2992 0 1.4471 PASS 1.000
2993 0 1.4893 PASS 1.000
2994 0 1.2235 PASS 1.000
2995 0 1.1537 PASS 1.000
2996 0 1.4006 PASS 1.000
2997 1 0.8924 PASS 1.000
2998 1 1.3590 PASS 1.000
2999 0 1.3978 PASS 1.000
3000 0 1.2513 PASS 1.000
3001 0 1.5986 PASS 1.000
3002 0 1.3450 PASS 1.000
3003 0 1.9303 PASS 1.000
3004 0 1.2878 PASS 1.000
3005 0 1.5968 PASS 1.000
3006 0 1.5565 PASS 1.000
3007 0 1.4098 PASS 1.000
3008 1 1.3399 PASS 1.000
3009 0 1.2559 PASS 1.000
3010 0 1.9935 PASS 1.000
3011 0 1.1504 PASS 1.000
3012 1 1.3912 PASS 1.000
3013 0 1.1766 PASS 1.000
3014 0 1.3057 PASS 1.000
3015 1 0.8750 PASS 1.000
3016 1 1.1719 PASS 1.000
3017 0 0.9021 PASS 1.000
3018 0 1.6107 PASS 1.000
3019 1 1.1963 PASS 1.000
3020 0 1.3273 PASS 1.000
3021 0 1.8098 PASS 1.000
3022 0 1.3638 PASS 1.000
3023 0 1.4167 PASS 1.000
3024 0 0.9124 PASS 1.000
3025 0 0.8785 PASS 1.000
3026 0 1.6955 PASS 1.000
3027 0 2.1561 PASS 1.000
3028 0 1.5418 PASS 1.000
3029 0 1.7445 PASS 1.000
3030 0 1.3902 PASS 1.000
3031 1 0.9161 PASS 1.000
3032 0 1.5981 PASS 1.000
3033 0 1.5434 PASS 1.000
3034 0 1.6207 PASS 1.000
3035 0 1.7884 PASS 1.000
3036 0 1.4719 PASS 1.000
3037 0 1.5451 PASS 1.000
3038 0 1.9802 PASS 1.000
3039 1 1.3150 PASS 1.000
3040 0 1.7187 PASS 1.000
3041 0 1.6634 PASS 1.000
3042 0 1.2031 PASS 1.000
3043 0 1.3950 PASS 1.000
3044 0 1.6071 PASS 1.000
3045 0 1.3608 PASS 1.000
3046 0 1.7019 PASS 1.000
3047 0 1.5563 PASS 1.000
3048 0 1.9745 PASS 1.000
3049 0 0.8296 PASS 1.000
3050 0 1.5067 PASS 1.000
3051 0 1.3013 PASS 1.000
3052 0 1.7606 PASS 1.000
3053 0 1.5005 PASS 1.000
3054 0 1.3599 PASS 1.000
3055 1 1.5313 PASS 1.000
3056 0 1.6840 PASS 1.000
3057 0 1.4128 PASS 1.000
3058 1 1.2143 PASS 1.000
3059 0 1.1919 PASS 1.000
3060 0 1.3182 PASS 1.000
3061 1 0.9424 PASS 1.000
3062 0 1.3530 PASS 1.000
3063 0 1.0986 PASS 1.000
3064 0 1.3612 PASS 1.000
3065 0 1.6284 PASS 1.000
3066 0 1.9564 PASS 1.000
3067 0 1.8870 PASS 1.000
3068 0 1.2007 PASS 1.000
3069 1 1.1092 PASS 1.000
3070 0 1.3753 PASS 1.000
3071 0 1.4869 PASS 1.000
3072 1 1.1686 PASS 1.000
3073 0 2.1980 PASS 1.000
3074 0 1.3585 PASS 1.000
3075 0 1.7693 PASS 1.000
3076 0 1.0900 PASS 1.000
3077 0 1.7072 PASS 1.000
3078 0 1.8098 PASS 1.000
3079 0 1.2322 PASS 1.000
3080 0 1.5199 PASS 1.000
3081 0 1.6494 PASS 1.000
3082 1 1.2742 PASS 1.000
3083 1 0.9383 PASS 1.000
3084 0 1.8823 PASS 1.000
3085 0 1.0946 PASS 1.000
3086 0 1.5408 PASS 1.000
3087 0 1.7238 PASS 1.000
3088 1 1.4944 PASS 1.000
3089 0 1.3425 PASS 1.000
3090 0 1.2794 PASS 1.000
3091 0 1.1407 PASS 1.000
3092 0 1.2891 PASS 1.000
3093 0 1.0213 PASS 1.000
3094 0 1.5444 PASS 1.000
3095 0 0.9778 PASS 1.000
3096 0 1.9426 PASS 1.000
3097 0 1.2706 PASS 1.000
3098 0 1.8397 PASS 1.000
3099 0 1.2526 PASS 1.000
3100 0 1.2718 PASS 1.000
3101 0 1.3808 PASS 1.000
3102 0 1.3062 PASS 1.000
3103 1 1.2350 PASS 1.000
3104 0 1.2339 PASS 1.000
3105 0 1.1749 PASS 1.000
3106 0 1.5636 PASS 1.000
3107 0 1.3629 PASS 1.000
3108 0 1.7788 PASS 1.000
3109 0 1.2957 PASS 1.000
3110 0 2.0645 PASS 1.000
3111 0 0.9688 PASS 1.000
3112 0 1.1395 PASS 1.000
3113 0 1.2757 PASS 1.000
3114 0 1.5611 PASS 1.000
3115 0 1.4412 PASS 1.000
3116 0 1.5486 PASS 1.000
3117 0 1.3317 PASS 1.000
3118 0 1.2705 PASS 1.000
3119 1 0.8566 PASS 1.000
3120 0 1.2292 PASS 1.000
3121 0 1.6058 PASS 1.000
3122 0 1.3531 PASS 1.000
3123 1 1.7054 PASS 1.000
3124 0 1.4754 PASS 1.000
3125 0 1.5465 PASS 1.000
3126 0 1.0260 PASS 1.000
3127 0 1.2788 PASS 1.000
3128 0 1.2847 PASS 1.000
3129 0 1.6942 PASS 1.000
3130 0 1.1114 PASS 1.000
3131 0 1.3145 PASS 1.000
3132 0 1.2028 PASS 1.000
3133 0 1.0998 PASS 1.000
3134 0 2.3235 PASS 1.000
3135 0 1.4985 PASS 1.000
3136 0 1.6999 PASS 1.000
3137 0 1.4011 PASS 1.000
3138 0 1.5231 PASS 1.000
3139 1 0.9842 PASS 1.000
3140 0 1.1109 PASS 1.000
3141 0 1.0736 PASS 1.000
3142 0 1.6031 PASS 1.000
3143 0 1.4365 PASS 1.000
3144 0 1.5937 PASS 1.000
3145 0 1.0707 PASS 1.000
3146 0 1.0225 PASS 1.000
3147 0 1.1750 PASS 1.000
3148 0 1.4264 PASS 1.000
3149 0 1.2528 PASS 1.000
3150 0 1.6339 PASS 1.000
3151 0 1.2210 PASS 1.000
3152 0 0.9421 PASS 1.000
3153 0 1.1730 PASS 1.000
3154 0 1.4680 PASS 1.000
3155 0 1.2729 PASS 1.000
3156 0 1.6071 PASS 1.000
3157 0 1.5039 PASS 1.000
3158 0 1.2661 PASS 1.000
3159 0 1.3165 PASS 1.000
3160 0 1.5215 PASS 1.000
3161 0 1.2821 PASS 1.000
3162 0 1.2792 PASS 1.000
3163 0 1.8776 PASS 1.000
3164 0 1.3424 PASS 1.000
3165 0 1.3277 PASS 1.000
3166 0 1.8843 PASS 1.000
3167 0 0.8514 PASS 1.000
3168 0 1.1317 PASS 1.000
3169 0 2.0027 PASS 1.000
3170 0 1.3874 PASS 1.000
3171 0 1.5278 PASS 1.000
3172 0 1.9392 PASS 1.000
3173 0 1.0951 PASS 1.000
3174 0 0.9458 PASS 1.000
3175 0 1.1234 PASS 1.000
3176 0 1.4408 PASS 1.000
3177 0 1.1171 PASS 1.000
3178 0 1.3244 PASS 1.000
3179 1 1.3690 PASS 1.000
3180 0 1.4226 PASS 1.000
3181 0 1.7860 PASS 1.000
3182 1 2.9859 PASS 1.000
3183 0 1.8737 PASS 1.000
3184 0 1.2577 PASS 1.000
3185 0 1.7166 PASS 1.000
3186 0 1.0610 PASS 1.000
3187 0 1.0751 PASS 1.000
3188 0 0.9903 PASS 1.000
3189 0 1.2686 PASS 1.000
3190 0 1.2017 PASS 1.000
3191 0 1.3852 PASS 1.000
3192 0 1.4577 PASS 1.000
3193 0 1.2004 PASS 1.000
3194 0 1.3969 PASS 1.000
3195 0 1.2573 PASS 1.000
3196 0 1.2489 PASS 1.000
3197 0 1.3976 PASS 1.000
3198 0 1.3648 PASS 1.000
3199 0 1.7400 PASS 1.000
3200 0 1.3661 PASS 1.000
3201 0 1.4139 PASS 1.000
3202 0 1.0283 PASS 1.000
3203 0 1.5854 PASS 1.000
3204 0 1.8994 PASS 1.000
3205 0 1.6047 PASS 1.000
3206 0 1.3394 PASS 1.000
3207 0 1.4107 PASS 1.000
3208 0 1.2314 PASS 1.000
3209 0 1.9240 PASS 1.000
3210 0 1.9213 PASS 1.000
3211 0 1.3250 PASS 1.000
3212 0 1.4365 PASS 1.000
3213 1 1.1196 PASS 1.000
3214 0 1.3180 PASS 1.000
3215 0 1.7067 PASS 1.000
3216 0 1.5759 PASS 1.000
3217 1 0.8338 PASS 1.000
3218 0 1.1431 PASS 1.000
3219 0 1.1860 PASS 1.000
3220 0 1.4243 PASS 1.000
3221 0 1.5729 PASS 1.000
3222 0 1.4914 PASS 1.000
3223 1 1.0908 PASS 1.000
3224 0 1.1238 PASS 1.000
3225 0 1.2636 PASS 1.000
3226 0 0.9396 PASS 1.000
3227 0 1.1716 PASS 1.000
3228 0 1.5134 PASS 1.000
3229 0 1.2644 PASS 1.000
3230 0 1.3650 PASS 1.000
3231 0 0.8728 PASS 1.000
3232 0 1.8130 PASS 1.000
3233 0 1.7211 PASS 1.000
3234 0 1.6348 PASS 1.000
3235 1 4.3931 PASS 1.000
3236 0 1.6382 PASS 1.000
3237 0 1.3141 PASS 1.000
3238 0 1.3984 PASS 1.000
3239 0 1.1252 PASS 1.000
3240 0 1.2491 PASS 1.000
3241 0 1.1698 PASS 1.000
3242 0 1.4949 PASS 1.000
3243 0 1.5414 PASS 1.000
3244 0 2.1812 PASS 1.000
3245 0 1.3648 PASS 1.000
3246 0 1.3172 PASS 1.000
3247 0 1.2370 PASS 1.000
3248 0 1.4198 PASS 1.000
3249 0 1.5110 PASS 1.000
3250 0 1.4993 PASS 1.000
3251 0 1.8326 PASS 1.000
3252 0 1.6779 PASS 1.000
3253 0 0.8577 PASS 1.000
3254 0 1.4666 PASS 1.000
3255 0 1.0483 PASS 1.000
3256 0 1.6997 PASS 1.000
3257 0 1.1760 PASS 1.000
3258 0 1.1975 PASS 1.000
3259 0 1.5550 PASS 1.000
3260 0 1.0565 PASS 1.000
3261 0 1.4374 PASS 1.000
3262 1 1.1558 PASS 1.000
3263 1 4.0475 PASS 1.000
3264 0 0.8449 PASS 1.000
3265 0 1.3963 PASS 1.000
3266 0 1.7312 PASS 1.000
3267 0 0.8481 PASS 1.000
3268 0 1.8951 PASS 1.000
3269 0 1.2690 PASS 1.000
3270 0 1.5670 PASS 1.000
3271 0 1.4983 PASS 1.000
3272 0 1.5151 PASS 1.000
3273 0 1.0436 PASS 1.000
3274 0 1.5447 PASS 1.000
3275 0 1.3357 PASS 1.000
3276 0 1.8929 PASS 1.000
3277 0 1.4460 PASS 1.000
3278 0 1.1995 PASS 1.000
3279 0 1.3892 PASS 1.000
3280 0 1.3964 PASS 1.000
3281 0 1.4740 PASS 1.000
3282 0 1.1702 PASS 1.000
3283 0 1.5218 PASS 1.000
3284 1 3.2714 PASS 1.000
3285 0 1.5528 PASS 1.000
3286 0 1.3546 PASS 1.000
3287 0 1.9146 PASS 1.000
3288 0 1.4688 PASS 1.000
3289 0 1.3754 PASS 1.000
3290 0 0.6626 PASS 1.000
3291 0 1.1493 PASS 1.000
3292 0 1.3097 PASS 1.000
3293 0 1.8399 PASS 1.000
3294 1 1.2771 PASS 1.000
3295 1 1.0240 PASS 1.000
3296 1 1.5356 PASS 1.000
3297 0 1.1285 PASS 1.000
3298 0 1.3722 PASS 1.000
3299 0 1.1160 PASS 1.000
3300 0 1.5655 PASS 1.000
3301 0 1.1394 PASS 1.000
3302 0 1.2289 PASS 1.000
3303 0 1.1903 PASS 1.000
3304 1 1.4694 PASS 1.000
3305 0 1.9615 PASS 1.000
3306 0 1.1483 PASS 1.000
3307 0 1.4466 PASS 1.000
3308 0 1.4552 PASS 1.000
3309 0 1.5000 PASS 1.000
3310 0 1.4221 PASS 1.000
3311 0 1.5721 PASS 1.000
3312 0 1.2187 PASS 1.000
3313 0 1.5340 PASS 1.000
3314 0 1.5307 PASS 1.000
3315 0 1.9988 PASS 1.000
3316 0 1.5705 PASS 1.000
3317 0 1.1615 PASS 1.000
3318 0 1.0170 PASS 1.000
3319 1 1.2414 PASS 1.000
3320 0 1.0511 PASS 1.000
3321 0 0.9438 PASS 1.000
3322 0 1.1439 PASS 1.000
3323 0 1.3155 PASS 1.000
3324 0 1.2606 PASS 1.000
3325 0 1.4467 PASS 1.000
3326 0 1.3122 PASS 1.000
3327 0 1.5128 PASS 1.000
3328 0 1.3490 PASS 1.000
3329 0 1.4672 PASS 1.000
3330 0 2.1722 PASS 1.000
3331 0 1.5500 PASS 1.000
3332 0 1.2559 PASS 1.000
3333 0 1.6913 PASS 1.000
3334 0 1.0402 PASS 1.000
3335 1 1.0066 PASS 1.000
3336 0 0.9033 PASS 1.000
3337 0 1.5184 PASS 1.000
3338 0 1.4589 PASS 1.000
3339 0 0.9539 PASS 1.000
3340 0 1.5672 PASS 1.000
3341 0 1.0777 PASS 1.000
3342 0 1.5038 PASS 1.000
3343 0 1.3458 PASS 1.000
3344 0 1.1257 PASS 1.000
3345 0 1.6878 PASS 1.000
3346 0 1.0565 PASS 1.000
3347 0 1.5771 PASS 1.000
3348 0 1.5763 PASS 1.000
3349 0 1.5464 PASS 1.000
3350 0 1.2329 PASS 1.000
3351 0 0.8318 PASS 1.000
3352 0 1.0894 PASS 1.000
3353 1 1.0118 PASS 1.000
3354 0 0.9909 PASS 1.000
3355 0 1.3226 PASS 1.000
3356 1 0.9516 PASS 1.000
3357 0 1.3092 PASS 1.000
3358 0 1.4032 PASS 1.000
3359 0 0.9332 PASS 1.000
3360 0 1.5062 PASS 1.000
3361 0 1.6415 PASS 1.000
3362 0 1.0624 PASS 1.000
3363 0 1.0272 PASS 1.000
3364 0 2.1086 PASS 1.000
3365 0 1.3626 PASS 1.000
3366 0 1.2792 PASS 1.000
3367 1 1.0991 PASS 1.000
3368 0 1.3566 PASS 1.000
3369 0 1.5254 PASS 1.000
3370 1 0.9463 PASS 1.000
3371 0 1.5785 PASS 1.000
3372 0 1.5691 PASS 1.000
3373 0 1.4037 PASS 1.000
3374 1 1.0955 PASS 1.000
3375 0 1.1616 PASS 1.000
3376 0 1.4074 PASS 1.000
3377 0 1.2342 PASS 1.000
3378 0 1.4050 PASS 1.000
3379 0 1.8203 PASS 1.000
3380 0 1.1616 PASS 1.000
3381 0 1.2448 PASS 1.000
3382 0 1.0773 PASS 1.000
3383 0 0.9832 PASS 1.000
3384 0 0.9316 PASS 1.000
3385 0 1.1774 PASS 1.000
3386 0 1.1190 PASS 1.000
3387 0 1.2265 PASS 1.000
3388 0 1.3069 PASS 1.000
3389 1 1.1187 PASS 1.000
3390 0 1.4248 PASS 1.000
3391 0 1.4346 PASS 1.000
3392 0 1.1319 PASS 1.000
3393 0 1.4818 PASS 1.000
3394 0 1.0953 PASS 1.000
3395 0 1.6141 PASS 1.000
3396 0 1.4290 PASS 1.000
3397 0 1.4381 PASS 1.000
3398 0 0.9758 PASS 1.000
3399 0 1.2436 PASS 1.000
3400 0 1.2193 PASS 1.000
3401 0 1.9043 PASS 1.000
3402 0 1.2783 PASS 1.000
3403 1 1.2477 PASS 1.000
3404 1 0.9216 PASS 1.000
3405 0 2.0842 PASS 1.000
3406 0 1.4324 PASS 1.000
3407 0 1.2926 PASS 1.000
3408 1 0.9323 PASS 1.000
3409 0 1.7119 PASS 1.000
3410 0 1.5188 PASS 1.000
3411 0 0.8037 PASS 1.000
3412 0 1.2954 PASS 1.000
3413 0 1.3758 PASS 1.000
3414 0 1.0144 PASS 1.000
3415 0 1.7284 PASS 1.000
3416 1 1.0854 PASS 1.000
3417 0 1.5085 PASS 1.000
3418 0 1.2255 PASS 1.000
3419 0 0.8744 PASS 1.000
3420 0 1.7067 PASS 1.000
3421 0 1.4602 PASS 1.000
3422 0 1.5906 PASS 1.000
3423 0 1.2397 PASS 1.000
3424 1 0.6517 PASS 1.000
3425 0 1.3342 PASS 1.000
3426 0 0.8295 PASS 1.000
3427 1 3.1636 PASS 1.000
3428 0 1.3981 PASS 1.000
3429 0 1.9197 PASS 1.000
3430 0 1.8776 PASS 1.000
3431 0 1.4466 PASS 1.000
3432 0 1.2694 PASS 1.000
3433 0 1.9848 PASS 1.000
3434 0 1.0099 PASS 1.000
3435 0 1.5351 PASS 1.000
3436 1 0.9477 PASS 1.000
3437 0 1.4482 PASS 1.000
3438 0 1.5440 PASS 1.000
3439 0 0.9986 PASS 1.000
3440 0 1.7125 PASS 1.000
3441 0 1.9339 PASS 1.000
3442 0 1.0541 PASS 1.000
3443 0 1.5946 PASS 1.000
3444 0 1.4299 PASS 1.000
3445 0 1.1598 PASS 1.000
3446 1 1.5674 PASS 1.000
3447 0 1.6821 PASS 1.000
3448 1 0.8112 PASS 1.000
3449 0 1.3887 PASS 1.000
3450 0 1.2696 PASS 1.000
3451 0 1.1266 PASS 1.000
3452 0 1.3106 PASS 1.000
3453 1 0.9661 PASS 1.000
3454 0 1.1011 PASS 1.000
3455 0 1.7531 PASS 1.000
3456 0 1.4388 PASS 1.000
3457 0 1.2095 PASS 1.000
3458 0 1.0066 PASS 1.000
3459 0 1.2750 PASS 1.000
3460 0 0.9499 PASS 1.000
3461 0 1.4609 PASS 1.000
3462 0 1.7591 PASS 1.000
3463 0 0.8782 PASS 1.000
3464 0 0.9253 PASS 1.000
3465 0 1.2525 PASS 1.000
3466 0 1.1636 PASS 1.000
3467 0 1.2030 PASS 1.000
3468 0 1.4448 PASS 1.000
3469 0 1.2798 PASS 1.000
3470 1 1.2367 PASS 1.000
3471 0 1.5788 PASS 1.000
3472 0 1.4055 PASS 1.000
3473 0 2.1556 PASS 1.000
3474 0 1.6134 PASS 1.000
3475 0 1.3408 PASS 1.000
3476 1 0.9907 PASS 1.000
3477 0 1.4489 PASS 1.000
3478 0 1.4325 PASS 1.000
3479 0 1.6277 PASS 1.000
3480 0 1.9085 PASS 1.000
3481 0 1.1844 PASS 1.000
3482 1 2.4449 PASS 1.000
3483 1 0.7688 PASS 1.000
3484 0 1.3150 PASS 1.000
3485 0 1.3244 PASS 1.000
3486 0 2.1309 PASS 1.000
3487 0 1.2544 PASS 1.000
3488 0 1.5769 PASS 1.000
3489 0 1.2498 PASS 1.000
3490 0 1.1840 PASS 1.000
3491 0 1.3848 PASS 1.000
3492 0 1.9836 PASS 1.000
3493 0 1.4485 PASS 1.000
3494 0 1.8819 PASS 1.000
3495 0 1.4537 PASS 1.000
3496 0 1.8837 PASS 1.000
3497 0 1.3951 PASS 1.000
3498 0 1.2754 PASS 1.000
3499 0 1.6060 PASS 1.000
3500 0 1.2669 PASS 1.000
3501 0 1.1706 PASS 1.000
3502 0 1.0373 PASS 1.000
3503 0 1.1717 PASS 1.000
3504 0 1.0617 PASS 1.000
3505 0 1.0409 PASS 1.000
3506 0 1.4614 PASS 1.000
3507 1 0.8937 PASS 1.000
3508 0 1.2171 PASS 1.000
3509 0 1.4601 PASS 1.000
3510 1 0.8373 PASS 1.000
3511 0 1.1192 PASS 1.000
3512 0 1.3492 PASS 1.000
3513 1 2.5661 PASS 1.000
3514 0 1.4885 PASS 1.000
3515 0 1.3617 PASS 1.000
3516 0 1.0613 PASS 1.000
3517 0 1.6898 PASS 1.000
3518 0 1.3707 PASS 1.000
3519 0 1.6060 PASS 1.000
3520 0 1.2143 PASS 1.000
3521 0 1.3832 PASS 1.000
3522 0 1.3405 PASS 1.000
3523 0 1.5842 PASS 1.000
3524 0 1.8255 PASS 1.000
3525 0 1.0023 PASS 1.000
3526 1 0.7173 PASS 1.000
3527 0 1.4304 PASS 1.000
3528 0 1.0992 PASS 1.000
3529 0 1.9005 PASS 1.000
3530 0 1.1674 PASS 1.000
3531 0 1.2707 PASS 1.000
3532 0 1.8792 PASS 1.000
3533 0 1.5978 PASS 1.000
3534 0 1.1702 PASS 1.000
3535 0 1.4540 PASS 1.000
3536 0 0.9175 PASS 1.000
3537 1 0.9152 PASS 1.000
3538 0 1.5130 PASS 1.000
3539 0 1.1314 PASS 1.000
3540 0 1.6437 PASS 1.000
3541 0 1.4230 PASS 1.000
3542 0 1.6333 PASS 1.000
3543 0 1.2359 PASS 1.000
3544 0 1.1720 PASS 1.000
3545 0 1.2069 PASS 1.000
3546 0 1.6923 PASS 1.000
3547 0 1.0856 PASS 1.000
3548 0 1.4807 PASS 1.000
3549 0 1.7038 PASS 1.000
3550 1 0.9810 PASS 1.000
3551 0 1.2199 PASS 1.000
3552 0 1.7067 PASS 1.000
3553 0 1.5454 PASS 1.000
3554 0 1.7692 PASS 1.000
3555 0 1.0447 PASS 1.000
3556 0 1.4769 PASS 1.000
3557 0 1.1040 PASS 1.000
3558 0 1.8410 PASS 1.000
3559 0 1.3601 PASS 1.000
3560 0 1.2086 PASS 1.000
3561 0 1.1973 PASS 1.000
3562 0 2.0312 PASS 1.000
3563 1 0.9513 PASS 1.000
3564 0 1.3847 PASS 1.000
3565 0 0.9068 PASS 1.000
3566 1 1.0288 PASS 1.000
3567 0 1.3612 PASS 1.000
3568 0 1.5106 PASS 1.000
3569 0 1.6036 PASS 1.000
3570 0 1.2130 PASS 1.000
3571 1 0.8522 PASS 1.000
3572 0 1.6677 PASS 1.000
3573 0 1.2457 PASS 1.000
3574 0 1.5077 PASS 1.000
3575 0 1.5213 PASS 1.000
3576 0 0.9057 PASS 1.000
3577 0 0.7773 PASS 1.000
3578 0 1.9225 PASS 1.000
3579 0 1.7651 PASS 1.000
3580 0 1.2259 PASS 1.000
3581 0 0.9912 PASS 1.000
3582 0 1.6831 PASS 1.000
3583 0 1.5399 PASS 1.000
3584 0 1.1471 PASS 1.000
3585 0 0.9430 PASS 1.000
3586 0 1.7672 PASS 1.000
3587 0 1.3136 PASS 1.000
3588 0 1.9198 PASS 1.000
3589 0 1.6656 PASS 1.000
3590 0 1.2916 PASS 1.000
3591 0 1.2623 PASS 1.000
3592 0 1.1410 PASS 1.000
3593 0 1.2747 PASS 1.000
3594 0 1.6262 PASS 1.000
3595 0 1.6662 PASS 1.000
3596 0 1.7613 PASS 1.000
3597 0 1.6815 PASS 1.000
3598 0 1.7988 PASS 1.000
3599 0 1.5457 PASS 1.000
3600 0 1.0358 PASS 1.000
3601 0 1.3631 PASS 1.000
3602 0 1.5669 PASS 1.000
3603 0 1.4856 PASS 1.000
3604 0 1.9805 PASS 1.000
3605 0 1.0630 PASS 1.000
3606 0 1.4288 PASS 1.000
3607 0 1.1242 PASS 1.000
3608 0 1.1982 PASS 1.000
3609 0 0.9447 PASS 1.000
3610 0 1.8006 PASS 1.000
3611 1 1.0535 PASS 1.000
3612 0 1.5564 PASS 1.000
3613 0 1.1789 PASS 1.000
3614 0 1.2508 PASS 1.000
3615 0 1.1828 PASS 1.000
3616 0 1.6249 PASS 1.000
3617 1 1.3335 PASS 1.000
3618 0 1.0704 PASS 1.000
3619 0 1.2194 PASS 1.000
3620 1 0.7616 PASS 1.000
3621 0 1.0269 PASS 1.000
3622 1 0.9316 PASS 1.000
3623 0 1.6904 PASS 1.000
3624 0 1.2593 PASS 1.000
3625 1 0.9041 PASS 1.000
3626 0 0.8967 PASS 1.000
3627 1 2.1628 PASS 1.000
3628 0 1.0533 PASS 1.000
3629 0 1.5785 PASS 1.000
3630 0 1.3330 PASS 1.000
3631 0 1.8283 PASS 1.000
3632 0 1.2071 PASS 1.000
3633 0 1.4248 PASS 1.000
3634 0 1.3696 PASS 1.000
3635 0 1.3694 PASS 1.000
3636 0 1.5616 PASS 1.000
3637 0 1.2100 PASS 1.000
3638 0 1.5623 PASS 1.000
3639 0 0.9310 PASS 1.000
3640 0 1.2587 PASS 1.000
3641 0 1.7107 PASS 1.000
3642 0 1.4754 PASS 1.000
3643 0 1.2040 PASS 1.000
3644 0 1.2863 PASS 1.000
3645 0 0.9275 PASS 1.000
3646 0 1.1506 PASS 1.000
3647 0 1.6988 PASS 1.000
3648 0 1.4199 PASS 1.000
3649 0 1.0699 PASS 1.000
3650 0 1.2558 PASS 1.000
3651 1 1.1208 PASS 1.000
3652 0 1.1684 PASS 1.000
3653 0 1.3510 PASS 1.000
3654 0 1.7657 PASS 1.000
3655 1 0.9790 PASS 1.000
3656 1 0.8213 PASS 1.000
3657 0 0.8466 PASS 1.000
3658 0 1.6458 PASS 1.000
3659 0 1.5900 PASS 1.000
3660 0 1.2932 PASS 1.000
3661 0 1.4739 PASS 1.000
3662 0 1.4252 PASS 1.000
3663 0 1.1484 PASS 1.000
3664 0 1.1185 PASS 1.000
3665 0 1.6119 PASS 1.000
3666 0 1.3848 PASS 1.000
3667 0 1.4348 PASS 1.000
3668 0 1.3156 PASS 1.000
3669 1 1.3744 PASS 1.000
3670 0 1.1893 PASS 1.000
3671 0 1.8086 PASS 1.000
3672 1 0.8019 PASS 1.000
3673 0 1.1645 PASS 1.000
3674 0 1.1940 PASS 1.000
3675 0 1.4750 PASS 1.000
3676 0 1.8289 PASS 1.000
3677 0 1.0396 PASS 1.000
3678 0 1.2704 PASS 1.000
3679 0 1.3346 PASS 1.000
3680 0 1.0130 PASS 1.000
3681 0 1.0426 PASS 1.000
3682 0 1.2991 PASS 1.000
3683 0 1.0762 PASS 1.000
3684 0 1.0672 PASS 1.000
3685 1 0.8093 PASS 1.000
3686 0 1.0267 PASS 1.000
3687 0 1.2596 PASS 1.000
3688 0 1.0716 PASS 1.000
3689 0 1.3756 PASS 1.000
3690 0 1.1687 PASS 1.000
3691 1 1.0149 PASS 1.000
3692 0 1.1299 PASS 1.000
3693 0 1.1986 PASS 1.000
3694 0 1.1390 PASS 1.000
3695 0 1.9458 PASS 1.000
3696 0 0.9335 PASS 1.000
3697 0 1.6111 PASS 1.000
3698 1 1.4266 PASS 1.000
3699 0 1.2775 PASS 1.000
3700 0 1.3501 PASS 1.000
3701 0 1.2810 PASS 1.000
3702 0 1.7472 PASS 1.000
3703 0 1.3514 PASS 1.000
3704 0 1.0095 PASS 1.000
3705 0 1.3782 PASS 1.000
3706 0 1.6527 PASS 1.000
3707 0 1.1215 PASS 1.000
3708 0 1.3220 PASS 1.000
3709 0 1.1897 PASS 1.000
3710 0 1.0771 PASS 1.000
3711 0 1.6900 PASS 1.000
3712 0 1.1674 PASS 1.000
3713 0 1.7659 PASS 1.000
3714 0 1.1117 PASS 1.000
3715 0 1.8879 PASS 1.000
3716 0 1.2251 PASS 1.000
3717 0 1.0067 PASS 1.000
3718 0 1.4096 PASS 1.000
3719 0 1.5897 PASS 1.000
3720 0 1.4268 PASS 1.000
3721 0 1.3564 PASS 1.000
3722 0 1.3659 PASS 1.000
3723 0 1.0952 PASS 1.000
3724 0 0.9938 PASS 1.000
3725 0 1.4432 PASS 1.000
3726 0 0.9557 PASS 1.000
3727 0 1.6210 PASS 1.000
3728 0 1.1915 PASS 1.000
3729 0 1.4005 PASS 1.000
3730 0 1.4192 PASS 1.000
3731 0 1.1578 PASS 1.000
3732 0 1.7125 PASS 1.000
3733 0 1.2444 PASS 1.000
3734 0 1.7167 PASS 1.000
3735 0 1.2953 PASS 1.000
3736 0 1.6335 PASS 1.000
3737 0 1.1757 PASS 1.000
3738 0 1.0675 PASS 1.000
3739 0 1.5673 PASS 1.000
3740 0 1.7642 PASS 1.000
3741 0 1.7520 PASS 1.000
3742 1 0.7217 PASS 1.000
3743 0 1.0954 PASS 1.000
3744 0 2.1103 PASS 1.000
3745 0 0.8555 PASS 1.000
3746 0 1.3977 PASS 1.000
3747 0 1.4563 PASS 1.000
3748 0 1.1888 PASS 1.000
3749 0 0.8990 PASS 1.000
3750 0 0.9870 PASS 1.000
3751 0 1.3782 PASS 1.000
3752 0 1.0987 PASS 1.000
3753 0 0.9751 PASS 1.000
3754 0 1.3906 PASS 1.000
3755 0 1.6799 PASS 1.000
3756 0 1.1875 PASS 1.000
3757 0 1.6010 PASS 1.000
3758 0 1.3718 PASS 1.000
3759 0 1.4630 PASS 1.000
3760 0 1.1282 PASS 1.000
3761 0 0.9709 PASS 1.000
3762 1 1.0782 PASS 1.000
3763 0 1.2575 PASS 1.000
3764 0 1.1682 PASS 1.000
3765 0 0.9835 PASS 1.000
3766 1 0.9940 PASS 1.000
3767 0 1.3662 PASS 1.000
3768 0 1.3478 PASS 1.000
3769 0 1.5399 PASS 1.000
3770 0 1.9805 PASS 1.000
3771 0 1.0587 PASS 1.000
3772 0 1.4739 PASS 1.000
3773 0 1.0700 PASS 1.000
3774 0 1.7794 PASS 1.000
3775 0 1.1987 PASS 1.000
3776 0 1.3658 PASS 1.000
3777 0 1.6125 PASS 1.000
3778 0 1.3150 PASS 1.000
3779 0 1.5037 PASS 1.000
3780 0 1.5040 PASS 1.000
3781 0 1.1404 PASS 1.000
3782 0 1.3101 PASS 1.000
3783 0 1.2265 PASS 1.000
3784 0 1.2548 PASS 1.000
3785 0 1.5227 PASS 1.000
3786 0 1.1577 PASS 1.000
3787 0 1.1736 PASS 1.000
3788 0 1.1003 PASS 1.000
3789 0 0.9856 PASS 1.000
3790 0 1.0668 PASS 1.000
3791 0 1.3321 PASS 1.000
3792 0 1.4487 PASS 1.000
3793 0 1.2735 PASS 1.000
3794 0 1.5227 PASS 1.000
3795 0 1.4319 PASS 1.000
3796 0 1.1492 PASS 1.000
3797 0 1.5601 PASS 1.000
3798 1 0.9578 PASS 1.000
3799 0 1.1445 PASS 1.000
3800 1 0.8298 PASS 1.000
3801 0 1.7524 PASS 1.000
3802 0 1.5077 PASS 1.000
3803 1 0.8599 PASS 1.000
3804 0 0.9226 PASS 1.000
3805 0 1.5642 PASS 1.000
3806 0 1.3318 PASS 1.000
3807 0 1.3318 PASS 1.000
3808 0 1.7404 PASS 1.000
3809 0 1.8192 PASS 1.000
3810 0 1.7910 PASS 1.000
3811 0 1.1818 PASS 1.000
3812 0 1.5596 PASS 1.000
3813 0 1.2087 PASS 1.000
3814 0 1.1491 PASS 1.000
3815 0 1.5043 PASS 1.000
3816 0 1.5440 PASS 1.000
3817 0 0.8594 PASS 1.000
3818 0 1.0732 PASS 1.000
3819 0 1.2097 PASS 1.000
3820 0 1.1291 PASS 1.000
3821 0 1.2695 PASS 1.000
3822 0 1.6586 PASS 1.000
3823 1 0.8116 PASS 1.000
3824 0 1.0916 PASS 1.000
3825 0 1.4917 PASS 1.000
3826 0 2.5027 PASS 1.000
3827 0 1.4185 PASS 1.000
3828 0 0.8384 PASS 1.000
3829 0 1.6429 PASS 1.000
3830 0 1.3879 PASS 1.000
3831 0 1.2199 PASS 1.000
3832 0 1.1810 PASS 1.000
3833 0 1.2850 PASS 1.000
3834 0 2.0858 PASS 1.000
3835 0 1.2057 PASS 1.000
3836 1 0.6704 PASS 1.000
3837 0 1.2314 PASS 1.000
3838 0 1.5157 PASS 1.000
3839 0 1.0218 PASS 1.000
3840 0 1.6278 PASS 1.000
3841 0 1.5396 PASS 1.000
3842 0 2.1625 PASS 1.000
3843 0 1.6464 PASS 1.000
3844 0 1.1119 PASS 1.000
3845 1 0.9817 PASS 1.000
3846 0 1.1454 PASS 1.000
3847 0 1.1802 PASS 1.000
3848 1 0.9383 PASS 1.000
3849 0 1.4983 PASS 1.000
3850 0 1.0894 PASS 1.000
3851 0 1.5330 PASS 1.000
3852 0 2.2666 PASS 1.000
3853 0 1.4708 PASS 1.000
3854 0 1.0295 PASS 1.000
3855 0 1.3226 PASS 1.000
3856 0 0.8038 PASS 1.000
3857 0 2.1393 PASS 1.000
3858 0 1.1337 PASS 1.000
3859 0 1.1969 PASS 1.000
3860 0 1.5123 PASS 1.000
3861 0 1.5333 PASS 1.000
3862 0 1.2409 PASS 1.000
3863 0 1.2073 PASS 1.000
3864 0 1.1398 PASS 1.000
3865 0 1.9861 PASS 1.000
3866 0 1.1417 PASS 1.000
3867 0 1.4481 PASS 1.000
3868 1 0.9829 PASS 1.000
3869 0 1.3487 PASS 1.000
3870 1 1.3821 PASS 1.000
3871 0 1.0987 PASS 1.000
3872 1 0.5696 PASS 1.000
3873 0 1.4807 PASS 1.000
3874 0 1.5939 PASS 1.000
3875 1 0.8760 PASS 1.000
3876 0 1.2009 PASS 1.000
3877 0 0.9559 PASS 1.000
3878 1 0.7863 PASS 1.000
3879 0 0.9717 PASS 1.000
3880 0 1.0302 PASS 1.000
3881 0 1.8587 PASS 1.000
3882 0 1.1371 PASS 1.000
3883 0 1.0499 PASS 1.000
3884 0 1.3258 PASS 1.000
3885 0 1.7236 PASS 1.000
3886 0 1.8481 PASS 1.000
3887 1 0.7291 PASS 1.000
3888 1 0.9594 PASS 1.000
3889 1 1.0542 PASS 1.000
3890 0 0.8423 PASS 1.000
3891 0 0.8724 PASS 1.000
3892 0 1.6001 PASS 1.000
3893 1 0.6740 PASS 1.000
3894 0 1.0239 PASS 1.000
3895 0 1.8241 PASS 1.000
3896 0 1.0988 PASS 1.000
3897 0 2.1087 PASS 1.000
3898 0 1.3495 PASS 1.000
3899 0 0.9932 PASS 1.000
3900 0 1.3858 PASS 1.000
3901 0 0.9730 PASS 1.000
3902 0 1.4543 PASS 1.000
3903 0 1.4501 PASS 1.000
3904 0 1.6890 PASS 1.000
3905 0 1.2933 PASS 1.000
3906 0 1.6550 PASS 1.000
3907 0 1.9831 PASS 1.000
3908 0 1.2547 PASS 1.000
3909 0 1.0697 PASS 1.000
3910 0 0.9242 PASS 1.000
3911 0 1.2655 PASS 1.000
3912 0 1.5122 PASS 1.000
3913 0 1.2121 PASS 1.000
3914 1 0.5063 PASS 1.000
3915 0 1.0055 PASS 1.000
3916 1 0.7579 PASS 1.000
3917 0 1.2940 PASS 1.000
3918 0 1.4549 PASS 1.000
3919 0 1.5572 PASS 1.000
3920 0 1.4160 PASS 1.000
3921 0 1.3014 PASS 1.000
3922 0 1.1579 PASS 1.000
3923 0 1.5812 PASS 1.000
3924 0 1.2854 PASS 1.000
3925 0 1.2400 PASS 1.000
3926 0 1.7894 PASS 1.000
3927 1 0.6037 PASS 1.000
3928 0 1.0911 PASS 1.000
3929 0 1.1976 PASS 1.000
3930 0 1.2123 PASS 1.000
3931 0 1.0728 PASS 1.000
3932 0 1.5972 PASS 1.000
3933 0 1.2813 PASS 1.000
3934 0 1.2779 PASS 1.000
3935 0 1.0861 PASS 1.000
3936 0 1.6909 PASS 1.000
3937 0 1.3539 PASS 1.000
3938 0 0.8461 PASS 1.000
3939 0 1.4966 PASS 1.000
3940 0 1.5463 PASS 1.000
3941 0 1.3172 PASS 1.000
3942 1 0.8291 PASS 1.000
3943 0 0.9328 PASS 1.000
3944 0 0.8257 PASS 1.000
3945 0 0.9229 PASS 1.000
3946 0 1.6427 PASS 1.000
3947 0 1.3546 PASS 1.000
3948 0 1.7561 PASS 1.000
3949 0 1.3696 PASS 1.000
3950 0 0.7658 PASS 1.000
3951 0 1.6140 PASS 1.000
3952 0 1.5354 PASS 1.000
3953 0 1.5612 PASS 1.000
3954 0 1.2202 PASS 1.000
3955 0 1.7967 PASS 1.000
3956 0 1.2414 PASS 1.000
3957 0 1.5531 PASS 1.000
3958 0 1.5082 PASS 1.000
3959 0 1.6026 PASS 1.000
3960 0 1.5821 PASS 1.000
3961 0 1.1246 PASS 1.000
3962 1 0.3985 PASS 1.000
3963 0 1.1108 PASS 1.000
3964 1 1.1295 PASS 1.000
3965 0 0.9054 PASS 1.000
3966 0 1.4689 PASS 1.000
3967 0 0.8265 PASS 1.000
3968 0 1.3188 PASS 1.000
3969 1 0.9082 PASS 1.000
3970 0 1.3739 PASS 1.000
3971 0 1.3146 PASS 1.000
3972 0 1.5379 PASS 1.000
3973 0 1.5302 PASS 1.000
3974 0 1.2705 PASS 1.000
3975 0 0.9796 PASS 1.000
3976 0 1.6571 PASS 1.000
3977 0 1.3547 PASS 1.000
3978 0 1.0036 PASS 1.000
3979 0 1.4873 PASS 1.000
3980 0 1.5279 PASS 1.000
3981 0 1.2469 PASS 1.000
3982 1 0.9242 PASS 1.000
3983 0 1.4396 PASS 1.000
3984 0 1.2013 PASS 1.000
3985 0 1.0438 PASS 1.000
3986 1 0.9357 PASS 1.000
3987 0 0.9186 PASS 1.000
3988 0 1.2386 PASS 1.000
3989 0 0.8767 PASS 1.000
3990 0 1.1202 PASS 1.000
3991 0 1.5549 PASS 1.000
3992 0 1.3532 PASS 1.000
3993 0 1.1184 PASS 1.000
3994 0 1.1350 PASS 1.000
3995 0 0.9140 PASS 1.000
3996 1 0.8496 PASS 1.000
3997 0 1.0722 PASS 1.000
3998 0 1.2451 PASS 1.000
3999 0 1.3192 PASS 1.000
4000 0 1.1286 PASS 1.000
4001 0 1.0837 PASS 1.000
4002 0 1.1461 PASS 1.000
4003 0 1.3255 PASS 1.000
4004 0 1.8673 PASS 1.000
4005 0 1.7521 PASS 1.000
4006 1 0.7013 PASS 1.000
4007 0 1.9109 PASS 1.000
4008 0 1.4221 PASS 1.000
4009 0 1.0967 PASS 1.000
4010 0 1.4726 PASS 1.000
4011 0 1.3662 PASS 1.000
4012 0 1.3321 PASS 1.000
4013 0 1.3050 PASS 1.000
4014 0 1.9745 PASS 1.000
4015 0 0.9824 PASS 1.000
4016 1 1.2551 PASS 1.000
4017 0 1.6393 PASS 1.000
4018 0 1.2496 PASS 1.000
4019 0 1.4796 PASS 1.000
4020 0 1.3095 PASS 1.000
4021 0 1.6197 PASS 1.000
4022 0 1.4120 PASS 1.000
4023 0 1.4722 PASS 1.000
4024 0 1.6562 PASS 1.000
4025 0 1.2025 PASS 1.000
4026 0 1.5124 PASS 1.000
4027 0 1.1193 PASS 1.000
4028 1 0.7185 PASS 1.000
4029 0 1.4163 PASS 1.000
4030 0 1.4557 PASS 1.000
4031 0 1.1359 PASS 1.000
4032 0 1.6018 PASS 1.000
4033 0 1.4979 PASS 1.000
4034 0 1.3730 PASS 1.000
4035 0 1.0915 PASS 1.000
4036 0 1.2656 PASS 1.000
4037 0 1.6138 PASS 1.000
4038 0 1.5297 PASS 1.000
4039 0 0.9002 PASS 1.000
4040 1 0.8408 PASS 1.000
4041 1 1.1720 PASS 1.000
4042 0 1.5296 PASS 1.000
4043 0 1.3601 PASS 1.000
4044 0 1.0487 PASS 1.000
4045 1 1.0680 PASS 1.000
4046 0 1.3576 PASS 1.000
4047 0 1.5329 PASS 1.000
4048 0 1.2445 PASS 1.000
4049 0 1.7802 PASS 1.000
4050 1 0.7120 PASS 1.000
4051 0 1.2367 PASS 1.000
4052 0 0.8749 PASS 1.000
4053 0 1.1438 PASS 1.000
4054 0 1.7003 PASS 1.000
4055 1 0.8122 PASS 1.000
4056 0 1.2862 PASS 1.000
4057 0 1.4261 PASS 1.000
4058 0 1.0580 PASS 1.000
4059 0 0.9120 PASS 1.000
4060 0 1.0251 PASS 1.000
4061 0 1.5858 PASS 1.000
4062 0 1.5511 PASS 1.000
4063 0 1.8611 PASS 1.000
4064 0 1.0932 PASS 1.000
4065 0 1.4271 PASS 1.000
4066 0 1.1209 PASS 1.000
4067 0 0.8744 PASS 1.000
4068 0 1.4218 PASS 1.000
4069 0 0.8706 PASS 1.000
4070 1 0.7203 PASS 1.000
4071 0 1.6732 PASS 1.000
4072 0 1.6432 PASS 1.000
4073 1 0.7881 PASS 1.000
4074 0 1.4202 PASS 1.000
4075 0 1.0852 PASS 1.000
4076 0 1.6598 PASS 1.000
4077 0 1.2226 PASS 1.000
4078 0 1.3453 PASS 1.000
4079 0 1.4381 PASS 1.000
4080 0 1.6176 PASS 1.000
4081 0 1.4607 PASS 1.000
4082 0 0.7867 PASS 1.000
4083 0 0.9552 PASS 1.000
4084 0 1.4112 PASS 1.000
4085 1 0.4221 PASS 1.000
4086 1 1.2997 PASS 1.000
4087 0 1.5976 PASS 1.000
4088 0 1.4985 PASS 1.000
4089 0 2.1951 PASS 1.000
4090 0 1.2769 PASS 1.000
4091 0 1.2816 PASS 1.000
4092 1 0.6247 PASS 1.000
4093 0 1.9918 PASS 1.000
4094 0 1.2667 PASS 1.000
4095 0 1.7480 PASS 1.000
4096 0 1.6089 PASS 1.000
4097 0 1.2046 PASS 1.000
4098 0 1.2889 PASS 1.000
4099 0 1.5538 PASS 1.000
4100 0 1.8728 PASS 1.000
4101 0 1.3200 PASS 1.000
4102 0 1.7698 PASS 1.000
4103 0 1.7576 PASS 1.000
4104 0 1.1996 PASS 1.000
4105 0 1.2329 PASS 1.000
4106 1 1.0938 PASS 1.000
4107 0 1.3291 PASS 1.000
4108 1 0.5948 PASS 1.000
4109 0 1.2838 PASS 1.000
4110 0 0.9307 PASS 1.000
4111 0 0.7199 PASS 1.000
4112 0 1.0252 PASS 1.000
4113 0 1.1827 PASS 1.000
4114 0 1.2879 PASS 1.000
4115 0 1.4192 PASS 1.000
4116 1 0.7686 PASS 1.000
4117 1 0.6379 PASS 1.000
4118 0 1.9340 PASS 1.000
4119 0 1.2496 PASS 1.000
4120 0 1.6682 PASS 1.000
4121 0 0.9825 PASS 1.000
4122 0 0.9951 PASS 1.000
4123 1 1.4257 PASS 1.000
4124 0 1.3915 PASS 1.000
4125 0 1.2444 PASS 1.000
4126 0 1.6591 PASS 1.000
4127 0 1.3054 PASS 1.000
4128 0 0.9157 PASS 1.000
4129 0 1.6825 PASS 1.000
4130 0 1.3013 PASS 1.000
4131 0 1.3519 PASS 1.000
4132 0 0.9379 PASS 1.000
4133 0 1.8723 PASS 1.000
4134 0 1.3873 PASS 1.000
4135 0 1.0517 PASS 1.000
4136 0 1.2259 PASS 1.000
4137 0 1.4523 PASS 1.000
4138 0 1.1836 PASS 1.000
4139 0 1.1007 PASS 1.000
4140 0 1.3764 PASS 1.000
4141 0 1.1359 PASS 1.000
4142 0 1.6390 PASS 1.000
4143 0 1.2826 PASS 1.000
4144 0 1.5787 PASS 1.000
4145 0 1.5323 PASS 1.000
4146 0 1.3816 PASS 1.000
4147 0 0.8988 PASS 1.000
4148 0 1.7430 PASS 1.000
4149 1 0.4550 PASS 1.000
4150 0 0.9222 PASS 1.000
4151 0 1.5222 PASS 1.000
4152 0 1.2491 PASS 1.000
4153 0 1.7205 PASS 1.000
4154 0 1.4584 PASS 1.000
4155 0 1.0688 PASS 1.000
4156 0 1.8021 PASS 1.000
4157 0 1.1697 PASS 1.000
4158 0 1.7940 PASS 1.000
4159 0 0.9189 PASS 1.000
4160 0 1.4375 PASS 1.000
4161 0 1.3307 PASS 1.000
4162 1 1.9116 PASS 1.000
4163 0 1.2374 PASS 1.000
4164 0 1.2231 PASS 1.000
4165 0 1.2442 PASS 1.000
4166 0 1.3893 PASS 1.000
4167 0 1.9438 PASS 1.000
4168 0 1.3252 PASS 1.000
4169 0 1.2464 PASS 1.000
4170 0 1.0459 PASS 1.000
4171 0 1.9408 PASS 1.000
4172 0 1.4207 PASS 1.000
4173 0 0.9334 PASS 1.000
4174 1 0.5470 PASS 1.000
4175 0 1.2930 PASS 1.000
4176 0 1.2754 PASS 1.000
4177 0 1.3917 PASS 1.000
4178 1 0.8718 PASS 1.000
4179 0 1.6995 PASS 1.000
4180 0 1.2529 PASS 1.000
4181 0 1.8502 PASS 1.000
4182 0 1.0883 PASS 1.000
4183 0 1.1393 PASS 1.000
4184 0 1.1346 PASS 1.000
4185 0 1.5983 PASS 1.000
4186 0 1.0843 PASS 1.000
4187 0 1.3059 PASS 1.000
4188 0 0.9717 PASS 1.000
4189 0 1.9326 PASS 1.000
4190 0 1.1960 PASS 1.000
4191 0 1.6636 PASS 1.000
4192 1 1.0656 PASS 1.000
4193 0 1.3538 PASS 1.000
4194 0 1.4746 PASS 1.000
4195 0 0.8441 PASS 1.000
4196 0 1.5848 PASS 1.000
4197 0 1.4691 PASS 1.000
4198 0 1.4554 PASS 1.000
4199 0 1.3478 PASS 1.000
4200 0 1.3363 PASS 1.000
4201 1 1.1172 PASS 1.000
4202 0 1.3603 PASS 1.000
4203 0 1.2699 PASS 1.000
4204 0 1.7258 PASS 1.000
4205 0 1.3168 PASS 1.000
4206 0 1.0068 PASS 1.000
4207 0 1.3859 PASS 1.000
4208 0 1.2107 PASS 1.000
4209 0 1.3110 PASS 1.000
4210 0 1.6986 PASS 1.000
4211 0 1.1030 PASS 1.000
4212 0 1.1627 PASS 1.000
4213 0 1.6516 PASS 1.000
4214 0 1.1845 PASS 1.000
4215 1 1.6565 PASS 1.000
4216 0 1.2496 PASS 1.000
4217 0 1.1606 PASS 1.000
4218 0 0.8720 PASS 1.000
4219 0 1.4218 PASS 1.000
4220 0 1.3794 PASS 1.000
4221 1 1.0135 PASS 1.000
4222 0 1.0195 PASS 1.000
4223 1 0.8799 PASS 1.000
4224 0 1.8516 PASS 1.000
4225 0 1.8529 PASS 1.000
4226 0 1.5387 PASS 1.000
4227 0 1.4517 PASS 1.000
4228 0 1.4590 PASS 1.000
4229 1 1.1892 PASS 1.000
4230 1 0.8470 PASS 1.000
4231 0 1.0020 PASS 1.000
4232 1 0.7710 PASS 1.000
4233 0 1.3715 PASS 1.000
4234 0 1.6010 PASS 1.000
4235 0 1.5334 PASS 1.000
4236 0 1.5388 PASS 1.000
4237 0 1.0764 PASS 1.000
4238 1 0.8070 PASS 1.000
4239 0 1.5339 PASS 1.000
4240 1 0.7877 PASS 1.000
4241 0 1.4841 PASS 1.000
4242 0 1.3350 PASS 1.000
4243 0 1.1632 PASS 1.000
4244 0 1.0118 PASS 1.000
4245 0 1.1781 PASS 1.000
4246 0 1.1438 PASS 1.000
4247 0 1.4617 PASS 1.000
4248 0 1.2706 PASS 1.000
4249 0 1.5620 PASS 1.000
4250 0 1.1691 PASS 1.000
4251 0 1.5736 PASS 1.000
4252 0 0.8668 PASS 1.000
4253 0 1.1499 PASS 1.000
4254 1 0.3744 PASS 1.000
4255 0 1.4159 PASS 1.000
4256 0 1.5129 PASS 1.000
4257 0 1.5625 PASS 1.000
4258 0 1.1543 PASS 1.000
4259 0 1.7522 PASS 1.000
4260 0 1.6192 PASS 1.000
4261 0 1.0888 PASS 1.000
4262 0 1.4712 PASS 1.000
4263 0 1.2518 PASS 1.000
4264 0 1.0058 PASS 1.000
4265 0 1.6005 PASS 1.000
4266 0 1.0642 PASS 1.000
4267 0 1.2397 PASS 1.000
4268 0 1.4647 PASS 1.000
4269 0 1.1170 PASS 1.000
4270 1 0.4157 PASS 1.000
4271 0 1.1885 PASS 1.000
4272 0 1.1892 PASS 1.000
4273 0 1.6576 PASS 1.000
4274 0 1.5539 PASS 1.000
4275 0 1.1494 PASS 1.000
4276 0 1.3406 PASS 1.000
4277 0 1.4544 PASS 1.000
4278 0 1.3362 PASS 1.000
4279 0 1.3055 PASS 1.000
4280 0 2.0197 PASS 1.000
4281 0 1.1773 PASS 1.000
4282 0 1.5688 PASS 1.000
4283 0 1.2594 PASS 1.000
4284 0 1.6880 PASS 1.000
4285 0 1.5142 PASS 1.000
4286 1 0.6698 PASS 1.000
4287 0 1.4870 PASS 1.000
4288 0 1.1567 PASS 1.000
4289 0 1.4894 PASS 1.000
4290 0 1.3238 PASS 1.000
4291 0 1.8314 PASS 1.000
4292 0 1.2540 PASS 1.000
4293 1 1.0299 PASS 1.000
4294 0 1.7136 PASS 1.000
4295 0 1.4898 PASS 1.000
4296 0 1.5405 PASS 1.000
4297 0 1.0909 PASS 1.000
4298 0 1.1939 PASS 1.000
4299 0 1.0126 PASS 1.000
4300 0 1.4332 PASS 1.000
4301 0 1.0617 PASS 1.000
4302 0 1.5302 PASS 1.000
4303 0 1.5209 PASS 1.000
4304 0 1.4239 PASS 1.000
4305 0 1.3683 PASS 1.000
4306 0 1.4804 PASS 1.000
4307 0 1.5138 PASS 1.000
4308 0 1.5338 PASS 1.000
4309 0 1.1394 PASS 1.000
4310 0 1.2073 PASS 1.000
4311 0 1.2982 PASS 1.000
4312 0 1.1840 PASS 1.000
4313 0 1.4193 PASS 1.000
4314 0 0.8766 PASS 1.000
4315 0 1.4386 PASS 1.000
4316 0 0.8850 PASS 1.000
4317 0 0.9285 PASS 1.000
4318 1 1.0080 PASS 1.000
4319 0 1.6730 PASS 1.000
4320 0 1.6296 PASS 1.000
4321 0 1.2313 PASS 1.000
4322 0 1.6807 PASS 1.000
4323 0 1.0592 PASS 1.000
4324 0 1.1998 PASS 1.000
4325 0 1.3287 PASS 1.000
4326 0 1.1756 PASS 1.000
4327 0 1.3299 PASS 1.000
4328 1 1.3756 PASS 1.000
4329 0 1.0811 PASS 1.000
4330 0 1.1967 PASS 1.000
4331 0 0.8500 PASS 1.000
4332 0 1.8404 PASS 1.000
4333 0 1.4238 PASS 1.000
4334 0 1.4554 PASS 1.000
4335 0 1.0008 PASS 1.000
4336 0 1.0686 PASS 1.000
4337 0 1.3696 PASS 1.000
4338 0 1.6106 PASS 1.000
4339 0 1.0488 PASS 1.000
4340 0 1.0196 PASS 1.000
4341 0 1.2537 PASS 1.000
4342 0 1.1531 PASS 1.000
4343 0 1.3833 PASS 1.000
4344 0 1.0603 PASS 1.000
4345 0 1.0692 PASS 1.000
4346 0 1.1533 PASS 1.000
4347 0 1.2303 PASS 1.000
4348 0 1.2954 PASS 1.000
4349 0 1.2190 PASS 1.000
4350 0 1.3137 PASS 1.000
4351 0 1.2587 PASS 1.000
4352 0 1.6719 PASS 1.000
4353 1 0.8547 PASS 1.000
4354 0 1.2799 PASS 1.000
4355 0 0.9209 PASS 1.000
4356 0 1.0469 PASS 1.000
4357 0 1.1163 PASS 1.000
4358 0 1.0784 PASS 1.000
4359 0 1.2722 PASS 1.000
4360 0 1.0844 PASS 1.000
4361 0 1.6827 PASS 1.000
4362 0 1.3570 PASS 1.000
4363 0 1.5607 PASS 1.000
4364 0 1.0576 PASS 1.000
4365 0 1.1628 PASS 1.000
4366 0 1.1163 PASS 1.000
4367 0 1.0981 PASS 1.000
4368 0 1.7801 PASS 1.000
4369 0 1.1887 PASS 1.000
4370 0 1.6775 PASS 1.000
4371 0 1.3504 PASS 1.000
4372 0 1.0262 PASS 1.000
4373 0 1.4038 PASS 1.000
4374 0 1.6328 PASS 1.000
4375 0 1.2063 PASS 1.000
4376 0 1.2125 PASS 1.000
4377 0 1.1503 PASS 1.000
4378 0 1.5356 PASS 1.000
4379 0 1.3059 PASS 1.000
4380 0 1.5168 PASS 1.000
4381 1 0.9519 PASS 1.000
4382 0 1.4537 PASS 1.000
4383 0 1.1593 PASS 1.000
4384 0 1.1179 PASS 1.000
4385 0 1.2507 PASS 1.000
4386 0 0.8178 PASS 1.000
4387 0 1.3258 PASS 1.000
4388 0 1.2114 PASS 1.000
4389 0 1.2285 PASS 1.000
4390 0 1.2351 PASS 1.000
4391 0 1.1799 PASS 1.000
4392 1 1.1646 PASS 1.000
4393 0 1.5806 PASS 1.000
4394 0 1.4423 PASS 1.000
4395 0 1.3236 PASS 1.000
4396 0 1.2074 PASS 1.000
4397 0 1.8189 PASS 1.000
4398 0 0.9250 PASS 1.000
4399 0 1.6304 PASS 1.000
4400 1 1.2940 PASS 1.000
4401 0 1.4540 PASS 1.000
4402 0 1.7211 PASS 1.000
4403 0 1.6689 PASS 1.000
4404 0 1.5703 PASS 1.000
4405 0 0.9573 PASS 1.000
4406 0 1.3554 PASS 1.000
4407 0 0.9074 PASS 1.000
4408 0 0.8716 PASS 1.000
4409 0 1.2075 PASS 1.000
4410 0 1.0258 PASS 1.000
4411 0 1.1660 PASS 1.000
4412 0 1.4446 PASS 1.000
4413 0 1.2353 PASS 1.000
4414 1 0.6792 PASS 1.000
4415 0 1.3320 PASS 1.000
4416 1 1.8485 PASS 1.000
4417 0 1.0422 PASS 1.000
4418 0 1.7123 PASS 1.000
4419 0 1.2254 PASS 1.000
4420 0 1.6125 PASS 1.000
4421 1 1.2194 PASS 1.000
4422 1 0.5561 PASS 1.000
4423 0 1.2296 PASS 1.000
4424 0 1.2739 PASS 1.000
4425 0 1.0940 PASS 1.000
4426 0 0.9676 PASS 1.000
4427 0 1.1845 PASS 1.000
4428 0 1.3799 PASS 1.000
4429 0 1.1272 PASS 1.000
4430 0 1.6470 PASS 1.000
4431 0 1.4537 PASS 1.000
4432 0 1.0521 PASS 1.000
4433 0 1.2787 PASS 1.000
4434 0 1.0297 PASS 1.000
4435 1 0.6022 PASS 1.000
4436 0 1.0030 PASS 1.000
4437 0 0.8896 PASS 1.000
4438 0 1.0619 PASS 1.000
4439 0 1.4097 PASS 1.000
4440 0 1.1142 PASS 1.000
4441 0 1.7356 PASS 1.000
4442 0 1.6712 PASS 1.000
4443 0 1.2744 PASS 1.000
4444 0 1.3739 PASS 1.000
4445 0 1.6271 PASS 1.000
4446 0 1.2271 PASS 1.000
4447 0 1.5115 PASS 1.000
4448 0 1.0739 PASS 1.000
4449 1 0.9586 PASS 1.000
4450 0 1.4132 PASS 1.000
4451 0 1.2738 PASS 1.000
4452 0 1.6116 PASS 1.000
4453 0 1.3819 PASS 1.000
4454 0 0.9338 PASS 1.000
4455 0 1.2444 PASS 1.000
4456 0 1.7233 PASS 1.000
4457 0 1.1056 PASS 1.000
4458 0 1.1381 PASS 1.000
4459 0 1.8498 PASS 1.000
4460 0 1.5054 PASS 1.000
4461 0 2.3426 PASS 1.000
4462 0 1.7492 PASS 1.000
4463 0 0.7854 PASS 1.000
4464 0 1.1959 PASS 1.000
4465 0 1.2832 PASS 1.000
4466 0 1.1078 PASS 1.000
4467 0 1.0549 PASS 1.000
4468 0 1.1578 PASS 1.000
4469 1 0.3536 PASS 1.000
4470 0 1.5782 PASS 1.000
4471 0 1.5817 PASS 1.000
4472 0 1.3186 PASS 1.000
4473 0 1.0574 PASS 1.000
4474 0 1.0312 PASS 1.000
4475 0 1.4476 PASS 1.000
4476 0 1.5169 PASS 1.000
4477 0 0.9793 PASS 1.000
4478 0 1.6394 PASS 1.000
4479 0 1.1011 PASS 1.000
4480 0 1.5458 PASS 1.000
4481 1 0.8334 PASS 1.000
4482 0 1.1417 PASS 1.000
4483 0 1.1858 PASS 1.000
4484 0 1.1715 PASS 1.000
4485 0 1.7738 PASS 1.000
4486 0 1.3473 PASS 1.000
4487 1 0.6014 PASS 1.000
4488 0 1.6052 PASS 1.000
4489 0 1.2674 PASS 1.000
4490 0 1.2487 PASS 1.000
4491 0 1.8156 PASS 1.000
4492 0 1.3667 PASS 1.000
4493 0 0.9797 PASS 1.000
4494 0 1.7325 PASS 1.000
4495 0 1.1199 PASS 1.000
4496 0 1.2488 PASS 1.000
4497 0 1.4636 PASS 1.000
4498 0 1.1361 PASS 1.000
4499 0 1.3642 PASS 1.000
4500 0 1.4647 PASS 1.000
4501 0 0.9260 PASS 1.000
4502 0 1.5340 PASS 1.000
4503 0 1.4317 PASS 1.000
4504 0 1.6497 PASS 1.000
4505 0 1.0541 PASS 1.000
4506 0 1.1857 PASS 1.000
4507 0 1.4791 PASS 1.000
4508 0 1.0278 PASS 1.000
4509 0 1.1476 PASS 1.000
4510 0 1.2138 PASS 1.000
4511 0 1.8740 PASS 1.000
4512 0 1.7594 PASS 1.000
4513 0 1.2781 PASS 1.000
4514 0 1.2187 PASS 1.000
4515 0 1.5855 PASS 1.000
4516 0 0.7889 PASS 1.000
4517 0 0.9146 PASS 1.000
4518 0 1.7218 PASS 1.000
4519 0 2.5735 PASS 1.000
4520 0 1.3065 PASS 1.000
4521 0 1.8265 PASS 1.000
4522 0 2.1076 PASS 1.000
4523 0 1.2567 PASS 1.000
4524 0 1.3729 PASS 1.000
4525 0 1.2429 PASS 1.000
4526 0 1.6510 PASS 1.000
4527 0 1.2665 PASS 1.000
4528 0 1.2284 PASS 1.000
4529 0 1.3596 PASS 1.000
4530 0 1.0643 PASS 1.000
4531 0 1.2236 PASS 1.000
4532 0 1.3151 PASS 1.000
4533 0 1.2117 PASS 1.000
4534 1 2.3904 PASS 1.000
4535 0 1.0877 PASS 1.000
4536 0 1.3311 PASS 1.000
4537 0 2.1248 PASS 1.000
4538 0 1.3642 PASS 1.000
4539 0 1.3982 PASS 1.000
4540 0 1.0184 PASS 1.000
4541 0 1.4774 PASS 1.000
4542 0 1.4732 PASS 1.000
4543 0 1.2484 PASS 1.000
4544 0 1.4447 PASS 1.000
4545 0 1.6220 PASS 1.000
4546 1 0.2786 PASS 1.000
4547 0 1.2900 PASS 1.000
4548 0 1.1582 PASS 1.000
4549 0 0.9411 PASS 1.000
4550 0 0.9575 PASS 1.000
4551 0 1.4637 PASS 1.000
4552 0 1.5959 PASS 1.000
4553 1 1.0827 PASS 1.000
4554 0 1.1368 PASS 1.000
4555 0 1.1777 PASS 1.000
4556 0 1.2792 PASS 1.000
4557 0 1.1273 PASS 1.000
4558 0 1.2544 PASS 1.000
4559 0 1.1582 PASS 1.000
4560 0 1.8813 PASS 1.000
4561 1 0.9234 PASS 1.000
4562 0 0.9597 PASS 1.000
4563 0 1.8467 PASS 1.000
4564 0 1.0552 PASS 1.000
4565 0 1.6822 PASS 1.000
4566 0 1.3925 PASS 1.000
4567 0 0.8117 PASS 1.000
4568 0 1.0742 PASS 1.000
4569 1 0.8606 PASS 1.000
4570 0 1.0102 PASS 1.000
4571 0 1.4957 PASS 1.000
4572 0 1.0055 PASS 1.000
4573 0 1.7088 PASS 1.000
4574 0 1.0551 PASS 1.000
4575 0 1.0178 PASS 1.000
4576 0 1.7287 PASS 1.000
4577 0 1.0848 PASS 1.000
4578 1 0.2517 PASS 1.000
4579 0 1.1927 PASS 1.000
4580 0 1.4864 PASS 1.000
4581 0 1.5968 PASS 1.000
4582 0 1.4632 PASS 1.000
4583 0 1.4776 PASS 1.000
4584 0 0.9623 PASS 1.000
4585 0 1.2540 PASS 1.000
4586 0 1.7888 PASS 1.000
4587 0 1.4514 PASS 1.000
4588 1 1.0365 PASS 1.000
4589 0 1.1071 PASS 1.000
4590 0 1.7191 PASS 1.000
4591 0 1.2069 PASS 1.000
4592 1 1.3506 PASS 1.000
4593 0 1.6775 PASS 1.000
4594 0 1.5329 PASS 1.000
4595 0 1.6779 PASS 1.000
4596 0 1.0634 PASS 1.000
4597 0 1.3590 PASS 1.000
4598 0 1.1508 PASS 1.000
4599 0 1.8620 PASS 1.000
4600 0 1.0020 PASS 1.000
4601 0 1.0931 PASS 1.000
4602 0 1.5108 PASS 1.000
4603 0 0.9456 PASS 1.000
4604 0 1.1738 PASS 1.000
4605 0 1.3290 PASS 1.000
4606 0 1.3126 PASS 1.000
4607 1 0.9730 PASS 1.000
4608 0 1.1336 PASS 1.000
4609 0 1.4580 PASS 1.000
4610 0 1.1444 PASS 1.000
4611 1 0.7842 PASS 1.000
4612 0 1.2534 PASS 1.000
4613 0 1.4468 PASS 1.000
4614 0 1.1483 PASS 1.000
4615 0 1.5637 PASS 1.000
4616 0 1.9213 PASS 1.000
4617 0 1.6250 PASS 1.000
4618 0 1.5621 PASS 1.000
4619 0 1.4405 PASS 1.000
4620 0 1.8243 PASS 1.000
4621 0 1.7556 PASS 1.000
4622 1 1.0910 PASS 1.000
4623 0 1.4997 PASS 1.000
4624 0 0.8261 PASS 1.000
4625 0 1.0084 PASS 1.000
4626 0 1.0568 PASS 1.000
4627 0 1.7084 PASS 1.000
4628 0 1.2637 PASS 1.000
4629 0 1.1053 PASS 1.000
4630 1 0.9525 PASS 1.000
4631 0 1.6475 PASS 1.000
4632 0 1.0915 PASS 1.000
4633 0 1.5767 PASS 1.000
4634 0 1.4515 PASS 1.000
4635 0 1.3454 PASS 1.000
4636 0 0.9879 PASS 1.000
4637 1 1.5555 PASS 1.000
4638 0 1.0771 PASS 1.000
4639 0 1.1023 PASS 1.000
4640 0 1.5661 PASS 1.000
4641 0 1.4035 PASS 1.000
4642 1 1.0963 PASS 1.000
4643 0 1.1703 PASS 1.000
4644 0 1.6907 PASS 1.000
4645 0 1.2463 PASS 1.000
4646 0 1.1291 PASS 1.000
4647 0 2.0449 PASS 1.000
4648 0 1.2229 PASS 1.000
4649 0 0.9589 PASS 1.000
4650 0 1.2992 PASS 1.000
4651 0 1.8503 PASS 1.000
4652 0 1.4386 PASS 1.000
4653 0 1.2082 PASS 1.000
4654 0 2.0528 PASS 1.000
4655 0 1.4910 PASS 1.000
4656 0 0.8783 PASS 1.000
4657 1 0.9310 PASS 1.000
4658 0 1.3415 PASS 1.000
4659 0 1.4084 PASS 1.000
4660 0 1.5499 PASS 1.000
4661 0 1.4020 PASS 1.000
4662 0 1.3554 PASS 1.000
4663 1 0.8749 PASS 1.000
4664 0 1.7352 PASS 1.000
4665 0 1.2736 PASS 1.000
4666 0 1.7497 PASS 1.000
4667 1 0.8921 PASS 1.000
4668 0 1.3680 PASS 1.000
4669 0 0.9941 PASS 1.000
4670 0 0.9384 PASS 1.000
4671 1 0.6565 PASS 1.000
4672 0 1.4824 PASS 1.000
4673 0 1.5847 PASS 1.000
4674 0 1.2269 PASS 1.000
4675 0 1.7022 PASS 1.000
4676 0 1.1027 PASS 1.000
4677 0 2.0271 PASS 1.000
4678 0 1.1789 PASS 1.000
4679 0 1.1987 PASS 1.000
4680 0 1.7188 PASS 1.000
4681 0 1.9355 PASS 1.000
4682 0 0.9925 PASS 1.000
4683 0 1.4048 PASS 1.000
4684 0 0.8612 PASS 1.000
4685 0 1.2392 PASS 1.000
4686 0 1.6731 PASS 1.000
4687 0 1.8311 PASS 1.000
4688 0 1.1021 PASS 1.000
4689 1 0.6537 PASS 1.000
4690 0 1.2460 PASS 1.000
4691 0 1.3134 PASS 1.000
4692 0 1.2909 PASS 1.000
4693 0 1.7516 PASS 1.000
4694 0 1.2020 PASS 1.000
4695 0 1.3780 PASS 1.000
4696 0 1.4394 PASS 1.000
4697 0 1.2430 PASS 1.000
4698 0 1.6158 PASS 1.000
4699 0 1.2805 PASS 1.000
4700 0 1.0535 PASS 1.000
4701 0 1.1002 PASS 1.000
4702 0 1.6982 PASS 1.000
4703 0 1.0147 PASS 1.000
4704 0 0.8319 PASS 1.000
4705 0 1.5250 PASS 1.000
4706 0 1.0607 PASS 1.000
4707 1 0.5782 PASS 1.000
4708 0 1.3253 PASS 1.000
4709 0 0.9989 PASS 1.000
4710 0 1.1837 PASS 1.000
4711 0 1.4215 PASS 1.000
4712 0 1.7804 PASS 1.000
4713 0 1.2302 PASS 1.000
4714 0 1.1942 PASS 1.000
4715 0 1.8291 PASS 1.000
4716 0 1.0984 PASS 1.000
4717 0 1.5579 PASS 1.000
4718 0 1.1012 PASS 1.000
4719 0 1.2916 PASS 1.000
4720 0 1.1186 PASS 1.000
4721 0 1.3289 PASS 1.000
4722 0 1.7791 PASS 1.000
4723 0 0.9484 PASS 1.000
4724 0 1.6923 PASS 1.000
4725 0 1.0168 PASS 1.000
4726 0 1.1323 PASS 1.000
4727 0 1.4742 PASS 1.000
4728 0 1.9082 PASS 1.000
4729 0 1.1586 PASS 1.000
4730 0 1.2415 PASS 1.000
4731 0 1.3560 PASS 1.000
4732 1 2.6352 PASS 1.000
4733 0 1.3278 PASS 1.000
4734 0 1.6791 PASS 1.000
4735 0 1.2128 PASS 1.000
4736 0 1.5487 PASS 1.000
4737 0 1.4314 PASS 1.000
4738 0 1.1350 PASS 1.000
4739 0 1.1767 PASS 1.000
4740 0 1.2873 PASS 1.000
4741 0 2.0153 PASS 1.000
4742 0 1.3976 PASS 1.000
4743 0 0.9550 PASS 1.000
4744 0 1.5847 PASS 1.000
4745 0 1.7713 PASS 1.000
4746 0 1.2066 PASS 1.000
4747 0 1.4325 PASS 1.000
4748 1 0.8774 PASS 1.000
4749 1 0.8949 PASS 1.000
4750 0 1.1305 PASS 1.000
4751 1 1.0282 PASS 1.000
4752 0 1.2274 PASS 1.000
4753 0 1.1611 PASS 1.000
4754 0 1.0975 PASS 1.000
4755 0 1.5852 PASS 1.000
4756 0 1.3103 PASS 1.000
4757 0 1.6476 PASS 1.000
4758 0 1.3501 PASS 1.000
4759 0 1.1736 PASS 1.000
4760 0 1.2504 PASS 1.000
4761 1 0.8004 PASS 1.000
4762 0 1.0673 PASS 1.000
4763 0 0.8539 PASS 1.000
4764 0 1.0840 PASS 1.000
4765 0 1.2702 PASS 1.000
4766 0 0.9584 PASS 1.000
4767 0 1.0606 PASS 1.000
4768 0 1.1130 PASS 1.000
4769 0 1.8401 PASS 1.000
4770 0 1.3499 PASS 1.000
4771 0 1.0098 PASS 1.000
4772 0 1.2851 PASS 1.000
4773 0 1.2957 PASS 1.000
4774 0 1.2068 PASS 1.000
4775 0 1.4116 PASS 1.000
4776 0 1.4196 PASS 1.000
4777 0 1.5883 PASS 1.000
4778 1 1.1917 PASS 1.000
4779 0 1.0219 PASS 1.000
4780 0 1.0866 PASS 1.000
4781 0 1.7481 PASS 1.000
4782 0 0.9788 PASS 1.000
4783 0 2.0885 PASS 1.000
4784 1 0.4215 PASS 1.000
4785 0 1.0502 PASS 1.000
4786 1 1.0334 PASS 1.000
4787 0 1.3179 PASS 1.000
4788 1 0.9048 PASS 1.000
4789 0 1.0260 PASS 1.000
4790 0 0.9789 PASS 1.000
4791 1 1.2027 PASS 1.000
4792 0 1.1341 PASS 1.000
4793 0 1.1171 PASS 1.000
4794 0 1.2256 PASS 1.000
4795 0 1.2152 PASS 1.000
4796 0 1.2414 PASS 1.000
4797 0 1.1191 PASS 1.000
4798 0 1.7915 PASS 1.000
4799 0 1.5958 PASS 1.000
4800 0 0.9318 PASS 1.000
4801 0 1.9156 PASS 1.000
4802 1 0.6197 PASS 1.000
4803 0 0.9294 PASS 1.000
4804 0 1.3292 PASS 1.000
4805 0 0.8659 PASS 1.000
4806 0 1.6121 PASS 1.000
4807 0 0.9287 PASS 1.000
4808 1 0.7395 PASS 1.000
4809 0 1.1219 PASS 1.000
4810 0 1.4155 PASS 1.000
4811 0 0.9675 PASS 1.000
4812 0 1.2837 PASS 1.000
4813 0 1.3448 PASS 1.000
4814 0 1.3190 PASS 1.000
4815 0 1.2706 PASS 1.000
4816 0 1.4352 PASS 1.000
4817 0 1.2463 PASS 1.000
4818 0 1.1798 PASS 1.000
4819 0 1.3222 PASS 1.000
4820 1 1.2145 PASS 1.000
4821 0 0.8699 PASS 1.000
4822 0 1.1264 PASS 1.000
4823 0 1.2659 PASS 1.000
4824 0 1.2869 PASS 1.000
4825 0 1.4000 PASS 1.000
4826 0 0.9993 PASS 1.000
4827 0 1.1987 PASS 1.000
4828 0 1.4195 PASS 1.000
4829 0 1.3520 PASS 1.000
4830 0 1.5369 PASS 1.000
4831 0 1.2752 PASS 1.000
4832 0 1.4734 PASS 1.000
4833 0 1.1596 PASS 1.000
4834 0 1.4122 PASS 1.000
4835 0 1.0046 PASS 1.000
4836 0 1.6203 PASS 1.000
4837 0 1.0644 PASS 1.000
4838 0 1.4705 PASS 1.000
4839 1 0.5572 PASS 1.000
4840 0 1.1482 PASS 1.000
4841 1 0.9801 PASS 1.000
4842 0 1.5026 PASS 1.000
4843 0 1.2354 PASS 1.000
4844 0 1.3544 PASS 1.000
4845 0 1.9035 PASS 1.000
4846 0 1.6981 PASS 1.000
4847 0 1.3258 PASS 1.000
4848 0 1.3500 PASS 1.000
4849 0 1.3368 PASS 1.000
4850 0 1.1264 PASS 1.000
4851 0 1.0554 PASS 1.000
4852 0 1.2342 PASS 1.000
4853 0 1.9314 PASS 1.000
4854 0 1.6975 PASS 1.000
4855 0 1.1955 PASS 1.000
4856 0 1.4002 PASS 1.000
4857 0 1.4447 PASS 1.000
4858 0 0.9939 PASS 1.000
4859 0 1.2862 PASS 1.000
4860 0 1.1594 PASS 1.000
4861 1 0.8003 PASS 1.000
4862 0 1.1100 PASS 1.000
4863 0 1.6529 PASS 1.000
4864 0 1.7494 PASS 1.000
4865 0 1.0818 PASS 1.000
4866 1 1.1346 PASS 1.000
4867 0 1.8359 PASS 1.000
4868 0 1.1424 PASS 1.000
4869 0 1.7131 PASS 1.000
4870 0 1.4451 PASS 1.000
4871 1 1.8556 PASS 1.000
4872 0 1.4544 PASS 1.000
4873 0 0.8991 PASS 1.000
4874 0 1.1856 PASS 1.000
4875 0 1.4385 PASS 1.000
4876 0 1.1000 PASS 1.000
4877 0 1.4459 PASS 1.000
4878 0 1.0679 PASS 1.000
4879 0 1.0138 PASS 1.000
4880 0 1.6048 PASS 1.000
4881 0 1.3163 PASS 1.000
4882 0 1.4738 PASS 1.000
4883 0 0.8983 PASS 1.000
4884 1 0.2717 PASS 1.000
4885 0 1.3245 PASS 1.000
4886 0 1.0498 PASS 1.000
4887 0 1.1542 PASS 1.000
4888 0 1.3569 PASS 1.000
4889 0 1.0316 PASS 1.000
4890 1 0.7942 PASS 1.000
4891 0 1.4267 PASS 1.000
4892 0 1.1374 PASS 1.000
4893 0 1.0455 PASS 1.000
4894 0 1.3419 PASS 1.000
4895 0 1.1006 PASS 1.000
4896 0 1.0333 PASS 1.000
4897 0 0.7520 PASS 1.000
4898 0 1.0311 PASS 1.000
4899 0 1.5171 PASS 1.000
4900 0 1.0946 PASS 1.000
4901 0 1.0430 PASS 1.000
4902 0 1.5596 PASS 1.000
4903 0 1.0297 PASS 1.000
4904 0 0.8713 PASS 1.000
4905 1 0.9903 PASS 1.000
4906 0 1.2921 PASS 1.000
4907 0 1.7874 PASS 1.000
4908 0 1.2401 PASS 1.000
4909 0 1.5004 PASS 1.000
4910 0 1.0929 PASS 1.000
4911 0 1.0118 PASS 1.000
4912 0 1.4329 PASS 1.000
4913 0 1.5000 PASS 1.000
4914 1 0.7890 PASS 1.000
4915 0 1.2405 PASS 1.000
4916 0 0.9061 PASS 1.000
4917 0 1.3986 PASS 1.000
4918 0 1.2107 PASS 1.000
4919 0 1.0744 PASS 1.000
4920 0 1.4844 PASS 1.000
4921 0 0.9317 PASS 1.000
4922 1 1.1862 PASS 1.000
4923 0 1.5081 PASS 1.000
4924 0 1.0305 PASS 1.000
4925 0 1.4215 PASS 1.000
4926 0 1.0459 PASS 1.000
4927 0 0.9863 PASS 1.000
4928 0 0.9226 PASS 1.000
4929 1 2.7622 PASS 1.000
4930 0 1.4936 PASS 1.000
4931 1 1.0198 PASS 1.000
4932 0 1.1703 PASS 1.000
4933 0 1.5126 PASS 1.000
4934 0 1.4264 PASS 1.000
4935 0 1.6436 PASS 1.000
4936 0 1.1767 PASS 1.000
4937 1 1.0763 PASS 1.000
4938 0 1.1336 PASS 1.000
4939 0 1.0515 PASS 1.000
4940 1 0.8885 PASS 1.000
4941 1 0.7956 PASS 1.000
4942 0 1.6688 PASS 1.000
4943 0 1.2193 PASS 1.000
4944 0 1.2299 PASS 1.000
4945 0 2.1033 PASS 1.000
4946 0 1.2125 PASS 1.000
4947 0 1.3077 PASS 1.000
4948 0 0.9985 PASS 1.000
4949 0 0.9641 PASS 1.000
4950 0 1.4806 PASS 1.000
4951 1 0.4783 PASS 1.000
4952 0 1.0067 PASS 1.000
4953 0 1.4812 PASS 1.000
4954 0 1.4404 PASS 1.000
4955 0 1.4713 PASS 1.000
4956 0 1.6708 PASS 1.000
4957 0 1.6609 PASS 1.000
4958 0 0.9080 PASS 1.000
4959 0 0.8549 PASS 1.000
4960 0 1.0275 PASS 1.000
4961 0 1.3638 PASS 1.000
4962 0 1.4505 PASS 1.000
4963 0 1.1489 PASS 1.000
4964 1 1.0279 PASS 1.000
4965 0 1.4639 PASS 1.000
4966 0 1.0811 PASS 1.000
4967 0 0.7962 PASS 1.000
4968 0 0.9783 PASS 1.000
4969 0 1.2120 PASS 1.000
4970 0 1.1401 PASS 1.000
4971 0 1.1521 PASS 1.000
4972 0 1.5097 PASS 1.000
4973 0 1.1863 PASS 1.000
4974 0 1.4282 PASS 1.000
4975 0 1.0652 PASS 1.000
4976 0 1.7258 PASS 1.000
4977 0 1.1540 PASS 1.000
4978 0 1.0409 PASS 1.000
4979 0 0.9843 PASS 1.000
4980 0 1.3881 PASS 1.000
4981 0 1.2530 PASS 1.000
4982 1 0.8219 PASS 1.000
4983 0 0.9218 PASS 1.000
4984 0 1.4526 PASS 1.000
4985 0 0.9241 PASS 1.000
4986 0 1.1365 PASS 1.000
4987 0 1.2756 PASS 1.000
4988 0 1.4069 PASS 1.000
4989 0 1.3590 PASS 1.000
4990 0 1.4669 PASS 1.000
4991 0 1.4489 PASS 1.000
4992 0 1.3007 PASS 1.000
4993 0 1.2347 PASS 1.000
4994 0 1.1144 PASS 1.000
4995 0 1.3969 PASS 1.000
4996 0 1.1321 PASS 1.000
4997 0 1.1821 PASS 1.000
4998 1 0.2311 PASS 1.000
4999 0 1.7941 PASS 1.000
5000 0 0.9791 PASS 1.000
