# step source loss verdict alpha
1 0 5.5882 WEAKEN 0.221
2 0 5.1538 WEAKEN 0.222
3 0 5.2479 WEAKEN 0.133
4 0 4.8829 WEAKEN 0.842
5 0 4.7604 FREEZE 0.000
6 1 4.9367 WEAKEN 0.130
7 0 4.3654 WEAKEN 0.661
8 0 4.2859 PASS 1.000
9 0 4.1564 WEAKEN 0.130
10 0 3.9930 WEAKEN 0.329
11 0 3.9042 WEAKEN 0.823
12 0 3.7269 WEAKEN 0.781
13 0 4.0110 WEAKEN 0.486
14 0 3.8858 SILENCE 0.000
15 0 3.6798 PASS 1.000
16 0 3.3882 WEAKEN 0.555
17 0 3.3660 WEAKEN 0.121
18 0 3.3172 WEAKEN 0.607
19 0 3.4425 WEAKEN 0.406
20 0 3.4146 PASS 1.000
21 0 3.2933 WEAKEN 0.666
22 0 3.5653 WEAKEN 0.240
23 0 3.3860 FREEZE 0.000
24 1 3.6285 FREEZE 0.000
25 0 3.4522 WEAKEN 0.216
26 0 3.4747 FREEZE 0.000
27 0 3.3855 FREEZE 0.000
28 0 2.9692 WEAKEN 0.710
29 0 3.0554 WEAKEN 0.730
30 0 3.4843 PASS 1.000
31 0 2.9476 WEAKEN 0.471
32 0 2.8015 WEAKEN 0.986
33 0 3.2000 PASS 1.000
34 0 2.6993 PASS 1.000
35 0 2.6154 WEAKEN 0.712
36 0 2.8239 PASS 1.000
37 0 3.1418 WEAKEN 0.071
38 1 3.4317 FREEZE 0.000
39 0 2.6718 PASS 1.000
40 0 2.7422 WEAKEN 0.741
41 1 3.3733 FREEZE 0.000
42 0 2.5970 WEAKEN 0.875
43 1 3.3475 FREEZE 0.000
44 0 3.0942 FREEZE 0.000
45 0 2.8474 WEAKEN 0.821
46 0 2.7962 FREEZE 0.000
47 0 2.6995 PASS 1.000
48 0 2.8983 WEAKEN 0.446
49 0 2.6032 FREEZE 0.000
50 0 2.9018 WEAKEN 0.671
51 0 3.0322 FREEZE 0.000
52 0 2.7708 WEAKEN 0.122
53 0 2.8442 WEAKEN 0.903
54 0 2.5324 WEAKEN 0.984
55 0 3.0638 WEAKEN 0.188
56 0 2.7983 WEAKEN 0.182
57 0 2.8684 FREEZE 0.000
58 0 2.7998 WEAKEN 0.732
59 0 3.0798 FREEZE 0.000
60 0 2.7257 WEAKEN 0.902
61 1 3.4108 SCAR 0.000
62 0 2.8216 WEAKEN 0.231
63 0 2.7907 WEAKEN 0.545
64 0 2.7488 WEAKEN 0.280
65 0 2.6062 WEAKEN 0.197
66 0 2.6423 WEAKEN 0.778
67 0 2.3393 WEAKEN 0.523
68 0 2.9623 FREEZE 0.000
69 0 2.9703 SILENCE 0.000
70 0 2.6755 WEAKEN 0.272
71 0 2.5293 PASS 1.000
72 0 2.8193 WEAKEN 0.589
73 0 2.7541 WEAKEN 0.701
74 0 2.9093 WEAKEN 0.525
75 0 2.8329 WEAKEN 0.447
76 1 6.7358 FREEZE 0.000
77 0 2.8829 WEAKEN 0.403
78 0 2.7489 WEAKEN 0.723
79 0 2.9783 WEAKEN 0.637
80 0 2.8960 WEAKEN 0.732
81 0 2.5129 WEAKEN 0.916
82 1 6.8405 FREEZE 0.000
83 0 2.8480 WEAKEN 0.859
84 0 2.8079 WEAKEN 0.573
85 0 3.0538 FREEZE 0.000
86 0 2.8352 WEAKEN 0.860
87 0 2.8521 WEAKEN 0.410
88 0 2.6410 WEAKEN 0.761
89 0 2.6345 WEAKEN 0.992
90 0 2.6107 WEAKEN 0.871
91 0 2.6688 WEAKEN 0.456
92 0 2.5153 WEAKEN 0.312
93 0 2.8536 WEAKEN 0.813
94 0 2.9530 FREEZE 0.000
95 0 2.7551 WEAKEN 0.806
96 0 2.9518 WEAKEN 0.624
97 0 2.7572 FREEZE 0.000
98 1 5.9843 FREEZE 0.000
99 0 3.0471 WEAKEN 0.293
100 0 2.5098 WEAKEN 0.870
101 0 2.5703 WEAKEN 0.992
102 0 2.7569 FREEZE 0.000
103 0 2.7383 WEAKEN 0.540
104 0 2.6470 WEAKEN 0.646
105 1 6.4934 FREEZE 0.000
106 0 2.9631 WEAKEN 0.204
107 0 2.8533 WEAKEN 0.384
108 0 2.5889 WEAKEN 0.594
109 0 2.5405 WEAKEN 0.201
110 0 2.6579 WEAKEN 0.035
111 0 2.4804 PASS 1.000
112 0 2.9783 WEAKEN 0.339
113 0 2.3225 WEAKEN 0.784
114 0 2.7227 FREEZE 0.000
115 0 2.7832 WEAKEN 0.794
116 0 2.5669 WEAKEN 0.826
117 0 2.6375 PASS 1.000
118 0 2.5573 WEAKEN 0.639
119 1 2.8948 FREEZE 0.000
120 0 2.7160 WEAKEN 0.093
121 0 2.7434 WEAKEN 0.303
122 1 3.2508 SCAR 0.000
123 0 2.6847 WEAKEN 0.660
124 0 2.4956 WEAKEN 0.790
125 0 2.8724 WEAKEN 0.358
126 0 2.3381 WEAKEN 0.670
127 0 2.3818 WEAKEN 0.592
128 0 2.3894 WEAKEN 0.641
129 0 2.7007 WEAKEN 0.684
130 0 2.3090 WEAKEN 0.741
131 0 2.5329 WEAKEN 0.708
132 0 2.6518 WEAKEN 0.940
133 0 2.6067 WEAKEN 0.559
134 0 2.7027 WEAKEN 0.993
135 0 2.8958 FREEZE 0.000
136 0 2.7570 FREEZE 0.000
137 0 2.5341 WEAKEN 0.493
138 0 2.4805 WEAKEN 0.593
139 0 2.7954 WEAKEN 0.185
140 1 2.9669 SCAR 0.000
141 0 2.4342 WEAKEN 0.430
142 1 2.8723 FREEZE 0.000
143 0 2.6325 PASS 1.000
144 0 2.4594 WEAKEN 0.690
145 1 2.8996 FREEZE 0.000
146 0 2.5306 WEAKEN 0.776
147 0 2.8576 FREEZE 0.000
148 0 2.5818 WEAKEN 0.848
149 0 2.6044 WEAKEN 0.425
150 0 2.7229 WEAKEN 0.807
151 0 2.6140 WEAKEN 0.339
152 0 2.5785 WEAKEN 0.670
153 0 2.2726 WEAKEN 0.496
154 1 2.8866 SCAR 0.000
155 0 2.7574 PASS 1.000
156 0 2.9960 FREEZE 0.000
157 0 2.5785 FREEZE 0.000
158 0 2.6028 WEAKEN 0.297
159 1 2.9165 FREEZE 0.000
160 0 2.4245 WEAKEN 0.805
161 0 2.4788 WEAKEN 0.748
162 0 2.5965 WEAKEN 0.148
163 0 2.9241 FREEZE 0.000
164 0 2.3747 PASS 1.000
165 0 2.6246 FREEZE 0.000
166 0 2.7400 WEAKEN 0.569
167 0 2.3885 WEAKEN 0.795
168 0 2.5098 WEAKEN 0.235
169 0 2.6899 WEAKEN 0.406
170 0 2.6348 FREEZE 0.000
171 0 2.3149 PASS 1.000
172 0 2.6232 WEAKEN 0.048
173 0 2.6293 WEAKEN 0.415
174 0 2.7249 WEAKEN 0.045
175 0 2.3022 WEAKEN 0.728
176 0 2.1005 WEAKEN 0.803
177 0 2.5941 PASS 1.000
178 0 2.6122 WEAKEN 0.555
179 0 2.7215 WEAKEN 0.171
180 0 2.8396 WEAKEN 0.129
181 0 2.3169 PASS 1.000
182 0 2.3266 WEAKEN 0.394
183 0 2.3659 WEAKEN 0.458
184 0 2.6716 WEAKEN 0.556
185 1 3.0202 FREEZE 0.000
186 0 2.9182 WEAKEN 0.249
187 0 2.3952 WEAKEN 0.047
188 0 2.4513 WEAKEN 0.336
189 0 2.9936 WEAKEN 0.001
190 0 2.7107 WEAKEN 0.118
191 0 2.5672 WEAKEN 0.086
192 0 2.5466 WEAKEN 0.653
193 0 2.6470 WEAKEN 0.673
194 0 2.7144 WEAKEN 0.176
195 0 2.7589 WEAKEN 0.495
196 0 2.7904 WEAKEN 0.304
197 0 2.5312 WEAKEN 0.082
198 0 2.7536 FREEZE 0.000
199 0 2.3304 WEAKEN 0.905
200 0 2.4875 WEAKEN 0.629
201 0 2.6098 WEAKEN 0.212
202 0 2.4103 WEAKEN 0.794
203 1 2.9324 SCAR 0.000
204 0 2.6459 FREEZE 0.000
205 1 2.9105 SCAR 0.000
206 0 2.3483 PASS 1.000
207 0 2.6802 WEAKEN 0.510
208 0 2.3360 WEAKEN 0.600
209 0 2.4839 WEAKEN 0.335
210 0 2.2967 WEAKEN 0.825
211 0 2.6426 FREEZE 0.000
212 0 2.3809 WEAKEN 0.288
213 1 2.9750 FREEZE 0.000
214 0 2.6204 WEAKEN 0.341
215 0 2.4438 WEAKEN 0.488
216 0 2.6147 WEAKEN 0.799
217 1 3.0214 SCAR 0.000
218 0 2.4154 PASS 1.000
219 1 3.0747 SCAR 0.000
220 0 2.6251 WEAKEN 0.215
221 0 2.4403 WEAKEN 0.834
222 0 2.4781 WEAKEN 0.935
223 0 2.9587 FREEZE 0.000
224 0 2.2503 WEAKEN 0.961
225 0 2.4181 PASS 1.000
226 0 2.3603 WEAKEN 0.160
227 0 2.4419 WEAKEN 0.533
228 1 2.7316 SILENCE 0.000
229 0 2.3067 WEAKEN 0.509
230 0 2.3516 WEAKEN 0.442
231 0 2.1928 WEAKEN 0.864
232 0 2.8560 WEAKEN 0.687
233 0 2.4326 WEAKEN 0.593
234 0 2.6312 FREEZE 0.000
235 0 2.0703 PASS 1.000
236 0 2.8847 FREEZE 0.000
237 0 2.5369 WEAKEN 0.233
238 0 2.3510 WEAKEN 0.670
239 1 3.0494 SCAR 0.000
240 0 2.3525 WEAKEN 0.674
241 0 2.1083 WEAKEN 0.842
242 0 2.4939 WEAKEN 0.311
243 0 2.3083 WEAKEN 0.662
244 0 2.6580 WEAKEN 0.875
245 0 2.3602 PASS 1.000
246 0 2.3492 WEAKEN 0.470
247 0 2.7123 WEAKEN 0.835
248 0 2.4364 WEAKEN 0.303
249 0 2.6257 FREEZE 0.000
250 0 2.2160 WEAKEN 0.804
251 0 2.3486 FREEZE 0.000
252 0 2.4418 WEAKEN 0.298
253 0 2.7234 FREEZE 0.000
254 0 2.1352 WEAKEN 0.917
255 0 2.2803 WEAKEN 0.390
256 1 6.5386 FREEZE 0.000
257 0 2.7195 FREEZE 0.000
258 0 2.5916 WEAKEN 0.717
259 0 2.3851 WEAKEN 0.419
260 0 2.1319 WEAKEN 0.947
261 1 2.9698 DARK 0.000
262 0 2.5571 WEAKEN 0.541
263 0 2.8705 WEAKEN 0.105
264 0 2.6710 WEAKEN 0.339
265 0 2.6911 FREEZE 0.000
266 0 2.5060 WEAKEN 0.948
267 0 2.4964 WEAKEN 0.343
268 0 2.5379 WEAKEN 0.511
269 0 2.6138 WEAKEN 0.219
270 0 2.5513 WEAKEN 0.597
271 0 2.5359 WEAKEN 0.372
272 0 2.3015 WEAKEN 0.159
273 0 2.5676 WEAKEN 0.571
274 0 2.5564 FREEZE 0.000
275 0 2.6921 WEAKEN 0.501
276 0 2.2352 WEAKEN 0.254
277 0 2.3837 WEAKEN 0.481
278 0 2.2252 WEAKEN 1.000
279 0 2.4328 WEAKEN 0.049
280 0 2.2054 PASS 1.000
281 0 2.5263 WEAKEN 0.734
282 0 2.6267 FREEZE 0.000
283 0 2.3905 WEAKEN 0.141
284 0 2.3487 WEAKEN 0.502
285 0 2.4147 WEAKEN 0.854
286 0 2.2415 PASS 1.000
287 0 2.6853 WEAKEN 0.073
288 0 2.6843 FREEZE 0.000
289 0 2.2862 WEAKEN 0.733
290 0 2.5045 WEAKEN 0.412
291 0 2.3928 WEAKEN 0.857
292 0 2.4711 FREEZE 0.000
293 0 2.7206 FREEZE 0.000
294 0 2.3044 WEAKEN 0.592
295 0 2.6855 FREEZE 0.000
296 0 2.3284 WEAKEN 0.274
297 0 2.3268 WEAKEN 0.379
298 0 2.4474 WEAKEN 0.062
299 1 8.7287 FREEZE 0.000
300 0 2.6510 WEAKEN 0.345
301 0 2.2503 PASS 1.000
302 0 2.5406 PASS 1.000
303 0 2.1341 PASS 1.000
304 0 2.1984 WEAKEN 0.732
305 0 2.4078 WEAKEN 0.109
306 0 2.5298 WEAKEN 0.161
307 0 2.4502 WEAKEN 0.607
308 0 2.2893 WEAKEN 0.711
309 0 2.0708 WEAKEN 0.926
310 0 2.4336 WEAKEN 0.013
311 0 2.3206 WEAKEN 0.262
312 1 2.9561 SCAR 0.000
313 0 2.8948 WEAKEN 0.163
314 0 2.2799 WEAKEN 0.742
315 0 2.3383 WEAKEN 0.882
316 0 2.5904 WEAKEN 0.951
317 1 7.8196 FREEZE 0.000
318 0 2.4339 WEAKEN 0.881
319 0 2.6042 WEAKEN 0.432
320 0 2.2908 WEAKEN 0.950
321 0 2.8577 WEAKEN 0.435
322 0 2.0017 WEAKEN 0.917
323 0 2.3203 WEAKEN 0.056
324 0 2.4190 WEAKEN 0.437
325 0 2.6732 WEAKEN 0.286
326 0 2.1729 WEAKEN 0.900
327 0 2.1118 WEAKEN 0.523
328 0 2.6826 FREEZE 0.000
329 0 2.4258 WEAKEN 0.917
330 0 2.1724 WEAKEN 0.710
331 0 2.4442 WEAKEN 0.576
332 0 2.3445 WEAKEN 0.028
333 0 2.6442 PASS 1.000
334 0 2.4759 FREEZE 0.000
335 0 2.2827 PASS 1.000
336 0 2.5894 FREEZE 0.000
337 0 2.6300 WEAKEN 0.066
338 0 2.2944 WEAKEN 0.546
339 0 2.3447 WEAKEN 0.580
340 0 2.2803 WEAKEN 0.202
341 0 2.2790 PASS 1.000
342 0 2.1340 WEAKEN 0.438
343 0 2.1821 WEAKEN 0.713
344 0 2.6460 WEAKEN 0.086
345 0 2.5808 WEAKEN 0.094
346 0 2.5589 WEAKEN 0.214
347 1 2.6795 FREEZE 0.000
348 0 2.9217 FREEZE 0.000
349 0 2.4343 WEAKEN 0.174
350 0 2.4355 WEAKEN 0.451
351 0 2.1248 WEAKEN 0.282
352 1 4.5000 FREEZE 0.000
353 0 2.4992 FREEZE 0.000
354 0 2.2585 WEAKEN 0.550
355 0 2.3409 WEAKEN 0.911
356 1 2.6086 FREEZE 0.000
357 0 2.3476 PASS 1.000
358 0 2.5010 WEAKEN 0.199
359 0 2.2037 WEAKEN 0.757
360 0 2.2306 WEAKEN 0.646
361 0 2.6862 FREEZE 0.000
362 0 2.3952 WEAKEN 0.479
363 0 2.0058 PASS 1.000
364 0 2.5976 WEAKEN 0.448
365 0 2.2734 FREEZE 0.000
366 0 2.5038 FREEZE 0.000
367 0 2.1646 WEAKEN 0.311
368 0 2.1188 WEAKEN 0.963
369 0 2.9374 FREEZE 0.000
370 0 2.6061 WEAKEN 0.065
371 0 2.4218 WEAKEN 0.198
372 0 2.6042 FREEZE 0.000
373 0 2.3543 WEAKEN 0.723
374 0 2.4194 WEAKEN 0.355
375 1 2.8291 FREEZE 0.000
376 1 6.0986 FREEZE 0.000
377 0 2.1548 WEAKEN 0.751
378 0 2.4803 FREEZE 0.000
379 0 2.0323 WEAKEN 0.999
380 0 2.4733 WEAKEN 0.033
381 0 2.4602 FREEZE 0.000
382 0 2.2014 FREEZE 0.000
383 0 2.3556 WEAKEN 0.689
384 0 2.1981 WEAKEN 0.808
385 0 2.1695 WEAKEN 0.028
386 0 2.4653 WEAKEN 0.184
387 0 2.4737 WEAKEN 0.790
388 0 2.5005 FREEZE 0.000
389 0 2.6263 WEAKEN 0.473
390 0 2.5346 WEAKEN 0.022
391 0 2.4209 WEAKEN 0.461
392 0 2.6645 PASS 1.000
393 0 2.3921 WEAKEN 0.938
394 1 2.7275 FREEZE 0.000
395 0 2.2837 WEAKEN 0.224
396 0 2.2663 WEAKEN 0.726
397 0 2.2682 WEAKEN 0.693
398 0 2.4279 WEAKEN 0.257
399 0 2.7448 WEAKEN 0.342
400 0 2.7526 FREEZE 0.000
401 0 2.0586 WEAKEN 0.988
402 0 2.3228 WEAKEN 0.406
403 0 2.5299 WEAKEN 0.281
404 0 2.1887 WEAKEN 0.693
405 0 2.0202 WEAKEN 0.259
406 0 2.2841 WEAKEN 0.925
407 0 2.2478 WEAKEN 0.940
408 0 2.5116 WEAKEN 0.703
409 0 2.6530 WEAKEN 0.094
410 0 2.4798 WEAKEN 0.053
411 1 3.0323 SCAR 0.000
412 0 2.7948 SILENCE 0.000
413 0 2.1740 WEAKEN 0.871
414 0 2.4577 FREEZE 0.000
415 0 2.2737 WEAKEN 0.884
416 0 2.4776 FREEZE 0.000
417 0 2.5401 WEAKEN 0.231
418 0 2.6057 FREEZE 0.000
419 0 2.7719 FREEZE 0.000
420 0 2.8230 WEAKEN 0.351
421 0 2.5901 FREEZE 0.000
422 0 2.4364 WEAKEN 0.502
423 0 2.6474 FREEZE 0.000
424 0 2.2550 WEAKEN 0.356
425 0 2.3223 PASS 1.000
426 0 2.2728 PASS 1.000
427 0 2.3131 WEAKEN 0.643
428 0 2.4484 WEAKEN 0.329
429 0 2.4377 WEAKEN 0.410
430 0 2.4465 WEAKEN 0.579
431 0 2.5322 WEAKEN 0.773
432 0 2.2471 WEAKEN 0.838
433 0 2.0733 WEAKEN 0.761
434 0 2.1590 WEAKEN 0.494
435 0 2.4450 WEAKEN 0.099
436 0 2.2479 PASS 1.000
437 0 2.2152 WEAKEN 0.387
438 0 2.1782 WEAKEN 0.882
439 0 2.8661 WEAKEN 0.089
440 0 2.3071 PASS 1.000
441 1 2.7128 SCAR 0.000
442 0 2.4009 WEAKEN 0.306
443 0 2.1303 PASS 1.000
444 0 2.5922 WEAKEN 0.237
445 0 2.4974 WEAKEN 0.224
446 0 2.5472 WEAKEN 0.181
447 0 2.4214 WEAKEN 0.322
448 0 2.2597 WEAKEN 0.942
449 0 2.2249 PASS 1.000
450 0 2.3561 WEAKEN 0.849
451 0 2.2052 WEAKEN 0.750
452 0 2.4383 WEAKEN 0.438
453 0 2.3832 WEAKEN 0.349
454 1 2.6118 SILENCE 0.000
455 0 2.7233 FREEZE 0.000
456 1 2.6807 FREEZE 0.000
457 0 2.2715 WEAKEN 0.672
458 0 2.3596 WEAKEN 0.728
459 1 2.6881 SILENCE 0.000
460 1 2.7224 FREEZE 0.000
461 0 2.1679 WEAKEN 0.982
462 0 2.2304 WEAKEN 0.736
463 0 2.3799 WEAKEN 0.961
464 0 2.2633 WEAKEN 0.211
465 1 2.7079 SCAR 0.000
466 1 2.6651 SCAR 0.000
467 0 2.5208 FREEZE 0.000
468 0 2.2307 WEAKEN 0.727
469 0 2.2864 WEAKEN 0.946
470 0 2.1509 PASS 1.000
471 0 2.1577 WEAKEN 0.416
472 0 2.4167 WEAKEN 0.721
473 0 2.5321 WEAKEN 0.456
474 0 2.2614 WEAKEN 0.702
475 0 1.9512 WEAKEN 0.786
476 0 2.2570 WEAKEN 0.699
477 0 2.1489 FREEZE 0.000
478 0 2.4989 WEAKEN 0.083
479 0 2.5554 WEAKEN 0.151
480 0 2.4051 WEAKEN 0.099
481 0 2.3623 WEAKEN 0.074
482 0 2.2692 FREEZE 0.000
483 0 2.4183 FREEZE 0.000
484 0 2.9471 WEAKEN 0.337
485 0 2.2933 PASS 1.000
486 0 1.9153 WEAKEN 0.725
487 0 2.1497 PASS 1.000
488 0 2.3626 WEAKEN 0.217
489 0 2.6214 WEAKEN 0.980
490 0 2.2104 WEAKEN 0.471
491 0 2.3325 WEAKEN 0.738
492 1 2.9845 SCAR 0.000
493 0 2.2950 WEAKEN 0.505
494 0 2.5206 FREEZE 0.000
495 0 2.7467 FREEZE 0.000
496 0 2.5475 WEAKEN 0.617
497 0 2.4239 WEAKEN 0.131
498 0 2.2993 WEAKEN 0.316
499 0 2.6382 WEAKEN 0.177
500 0 2.4909 WEAKEN 0.309
501 0 2.1654 WEAKEN 0.788
502 0 2.2756 PASS 1.000
503 0 2.0467 WEAKEN 0.544
504 0 2.4790 FREEZE 0.000
505 0 2.0440 WEAKEN 0.848
506 0 2.1330 PASS 1.000
507 0 2.1050 WEAKEN 0.929
508 0 1.9831 WEAKEN 0.310
509 0 2.5197 WEAKEN 0.646
510 0 2.4243 WEAKEN 0.642
511 0 2.1780 WEAKEN 0.572
512 1 3.0316 FREEZE 0.000
513 0 2.5034 WEAKEN 0.101
514 0 2.4520 WEAKEN 0.950
515 0 2.0530 WEAKEN 0.548
516 0 2.1801 WEAKEN 0.844
517 1 2.7596 FREEZE 0.000
518 0 2.5240 WEAKEN 0.439
519 1 2.9643 FREEZE 0.000
520 0 2.6148 WEAKEN 0.316
521 0 2.2118 WEAKEN 0.886
522 0 2.3455 WEAKEN 0.337
523 0 1.9698 WEAKEN 0.954
524 0 2.2972 FREEZE 0.000
525 0 2.2876 WEAKEN 0.614
526 0 2.6893 FREEZE 0.000
527 0 2.0417 WEAKEN 0.387
528 0 2.3708 WEAKEN 0.030
529 0 2.0973 WEAKEN 0.694
530 0 2.1909 PASS 1.000
531 0 2.5188 WEAKEN 0.453
532 0 2.4869 WEAKEN 0.489
533 0 2.1746 WEAKEN 0.600
534 0 2.3680 WEAKEN 0.849
535 0 1.9160 WEAKEN 0.377
536 0 2.3495 FREEZE 0.000
537 0 2.2715 WEAKEN 0.648
538 0 2.2583 WEAKEN 0.873
539 0 2.3736 WEAKEN 0.373
540 0 2.1735 WEAKEN 0.194
541 1 2.9491 SCAR 0.000
542 0 2.2802 PASS 1.000
543 0 2.3591 WEAKEN 0.812
544 1 2.9332 FREEZE 0.000
545 0 2.1786 WEAKEN 0.937
546 0 2.4013 WEAKEN 0.244
547 0 2.3818 WEAKEN 0.684
548 0 2.1251 WEAKEN 0.726
549 0 2.3526 WEAKEN 0.237
550 0 2.1314 WEAKEN 0.727
551 0 2.1509 WEAKEN 0.715
552 0 2.5252 FREEZE 0.000
553 0 2.0444 WEAKEN 0.787
554 0 2.5672 SCAR 0.000
555 0 2.5411 WEAKEN 0.565
556 0 2.7196 FREEZE 0.000
557 0 2.3253 WEAKEN 0.889
558 0 2.2294 WEAKEN 0.352
559 0 2.1888 WEAKEN 0.782
560 0 2.2450 WEAKEN 0.575
561 0 2.1511 WEAKEN 0.524
562 1 2.6008 FREEZE 0.000
563 0 2.0888 WEAKEN 0.205
564 0 2.1627 PASS 1.000
565 0 2.2420 WEAKEN 0.784
566 0 2.0955 WEAKEN 0.631
567 0 2.2805 FREEZE 0.000
568 0 2.4408 WEAKEN 0.291
569 0 2.5209 WEAKEN 0.731
570 0 2.1741 WEAKEN 0.763
571 0 2.0190 WEAKEN 0.880
572 0 2.2833 WEAKEN 0.323
573 0 1.9570 PASS 1.000
574 0 2.2728 WEAKEN 0.605
575 0 2.0246 PASS 1.000
576 0 2.2503 WEAKEN 0.512
577 0 2.4196 WEAKEN 0.534
578 0 2.2369 WEAKEN 0.751
579 0 2.3955 WEAKEN 0.278
580 0 2.1744 PASS 1.000
581 0 2.3732 WEAKEN 0.873
582 0 2.4669 WEAKEN 0.292
583 1 2.9200 SCAR 0.000
584 0 2.2360 WEAKEN 0.494
585 1 6.8142 SILENCE 0.000
586 0 2.4484 WEAKEN 0.283
587 0 2.3135 WEAKEN 0.987
588 0 2.6446 WEAKEN 0.060
589 0 2.5704 FREEZE 0.000
590 0 2.3537 WEAKEN 0.802
591 0 2.5123 WEAKEN 0.279
592 1 3.0596 SCAR 0.000
593 0 2.5068 WEAKEN 0.554
594 0 2.5455 WEAKEN 0.117
595 0 3.0120 WEAKEN 0.489
596 0 2.2032 WEAKEN 0.696
597 0 2.6921 WEAKEN 0.501
598 0 2.5813 WEAKEN 0.074
599 0 2.2308 WEAKEN 0.710
600 0 2.1252 PASS 1.000
601 0 2.1192 WEAKEN 0.907
602 0 2.2792 FREEZE 0.000
603 0 2.2177 WEAKEN 0.392
604 0 2.3963 FREEZE 0.000
605 0 2.2125 WEAKEN 0.750
606 0 2.0091 WEAKEN 0.911
607 0 2.1943 PASS 1.000
608 0 2.3948 WEAKEN 0.425
609 0 2.2932 WEAKEN 0.946
610 0 1.9652 WEAKEN 0.973
611 0 2.3147 WEAKEN 0.870
612 0 2.2218 WEAKEN 0.821
613 0 1.7260 WEAKEN 0.659
614 0 2.8283 FREEZE 0.000
615 0 2.4332 WEAKEN 0.683
616 0 2.3716 WEAKEN 0.182
617 0 2.5709 WEAKEN 0.622
618 0 2.3113 WEAKEN 0.448
619 0 2.3262 WEAKEN 0.269
620 0 2.3045 WEAKEN 0.581
621 0 2.7691 FREEZE 0.000
622 0 2.8909 WEAKEN 0.779
623 0 2.3367 WEAKEN 0.614
624 0 2.3909 WEAKEN 0.393
625 1 2.5688 FREEZE 0.000
626 0 2.1367 WEAKEN 0.729
627 1 6.7291 SILENCE 0.000
628 0 1.9864 WEAKEN 0.805
629 0 1.9429 WEAKEN 0.475
630 1 4.6937 FREEZE 0.000
631 0 2.3424 WEAKEN 0.331
632 1 7.9505 FREEZE 0.000
633 0 2.5429 WEAKEN 0.065
634 0 2.1117 WEAKEN 0.617
635 0 2.2102 PASS 1.000
636 0 2.1737 WEAKEN 0.446
637 0 2.1189 WEAKEN 0.838
638 0 2.1806 PASS 1.000
639 1 9.1532 FREEZE 0.000
640 0 2.1159 WEAKEN 0.569
641 0 1.8165 WEAKEN 0.874
642 0 2.0390 WEAKEN 0.168
643 0 2.3957 WEAKEN 0.772
644 0 2.0979 PASS 1.000
645 0 2.0488 WEAKEN 0.712
646 0 2.2722 WEAKEN 0.534
647 0 2.1292 PASS 1.000
648 0 2.4129 WEAKEN 0.965
649 0 2.0937 WEAKEN 0.313
650 0 2.2612 WEAKEN 0.854
651 0 2.2629 WEAKEN 0.223
652 1 2.6683 FREEZE 0.000
653 0 2.2072 WEAKEN 0.991
654 0 2.4149 WEAKEN 0.715
655 0 2.4879 FREEZE 0.000
656 1 7.8889 FREEZE 0.000
657 1 2.9792 FREEZE 0.000
658 0 2.0567 WEAKEN 0.125
659 0 2.3020 WEAKEN 0.652
660 0 2.3675 WEAKEN 0.856
661 0 2.0785 FREEZE 0.000
662 0 2.3691 FREEZE 0.000
663 1 3.0576 SCAR 0.000
664 0 2.2735 WEAKEN 0.393
665 0 2.1468 WEAKEN 0.601
666 0 2.5823 FREEZE 0.000
667 0 2.0380 WEAKEN 0.751
668 0 2.1514 WEAKEN 0.013
669 0 2.5759 FREEZE 0.000
670 0 2.4014 WEAKEN 0.292
671 0 2.0898 WEAKEN 0.566
672 0 2.1138 WEAKEN 0.335
673 0 2.3680 WEAKEN 0.554
674 1 2.6917 SCAR 0.000
675 0 1.9176 PASS 1.000
676 0 2.8750 WEAKEN 0.119
677 0 2.2092 WEAKEN 0.607
678 1 2.6080 FREEZE 0.000
679 1 3.0830 SCAR 0.000
680 0 2.4753 WEAKEN 0.081
681 0 2.0426 WEAKEN 0.297
682 1 2.5895 SCAR 0.000
683 0 2.1677 WEAKEN 0.700
684 0 2.2579 FREEZE 0.000
685 0 2.0159 WEAKEN 0.762
686 0 2.0225 WEAKEN 0.993
687 0 2.2076 WEAKEN 0.547
688 0 1.9772 WEAKEN 0.748
689 0 2.2379 WEAKEN 0.356
690 0 2.0876 WEAKEN 0.842
691 0 1.9443 WEAKEN 0.706
692 0 2.1600 WEAKEN 0.649
693 0 2.1618 FREEZE 0.000
694 0 2.3809 WEAKEN 0.123
695 1 2.5521 FREEZE 0.000
696 0 2.3589 WEAKEN 0.438
697 0 2.0766 WEAKEN 0.957
698 0 2.4422 WEAKEN 0.047
699 0 2.7012 WEAKEN 0.237
700 0 2.2297 WEAKEN 0.112
701 1 2.7388 FREEZE 0.000
702 0 2.1019 WEAKEN 0.940
703 1 7.3389 FREEZE 0.000
704 0 2.0513 WEAKEN 0.177
705 0 2.0315 WEAKEN 0.715
706 0 2.2399 WEAKEN 0.333
707 0 2.4241 WEAKEN 0.304
708 0 1.8494 WEAKEN 0.932
709 0 2.1445 WEAKEN 0.894
710 0 1.9420 WEAKEN 0.657
711 0 2.6367 WEAKEN 0.291
712 0 2.5898 FREEZE 0.000
713 1 2.6517 SCAR 0.000
714 0 1.8865 PASS 1.000
715 0 2.5711 FREEZE 0.000
716 0 2.5295 FREEZE 0.000
717 0 2.1467 WEAKEN 0.976
718 0 2.5595 FREEZE 0.000
719 0 1.9269 WEAKEN 0.729
720 0 1.9309 WEAKEN 0.230
721 0 2.3413 WEAKEN 0.774
722 0 2.3096 WEAKEN 0.968
723 0 2.3757 WEAKEN 0.765
724 1 2.5723 FREEZE 0.000
725 0 2.1353 WEAKEN 0.741
726 0 2.3885 FREEZE 0.000
727 0 1.9031 WEAKEN 0.855
728 0 2.2841 WEAKEN 0.307
729 0 2.1493 WEAKEN 0.789
730 0 2.1604 WEAKEN 0.654
731 0 2.2424 WEAKEN 0.653
732 0 1.9620 WEAKEN 0.837
733 1 2.8188 FREEZE 0.000
734 0 2.2438 WEAKEN 0.524
735 0 1.8859 WEAKEN 0.425
736 0 1.9692 WEAKEN 0.050
737 0 2.0222 WEAKEN 0.135
738 0 1.9263 WEAKEN 0.884
739 0 2.3897 FREEZE 0.000
740 0 2.2205 WEAKEN 0.354
741 0 1.9870 WEAKEN 0.733
742 0 2.0069 WEAKEN 0.947
743 0 2.2870 WEAKEN 0.140
744 0 2.5945 FREEZE 0.000
745 1 2.8003 FREEZE 0.000
746 0 2.3994 WEAKEN 0.791
747 0 2.0696 WEAKEN 0.908
748 0 2.2177 WEAKEN 0.607
749 0 2.4506 WEAKEN 0.726
750 1 7.6492 FREEZE 0.000
751 0 1.9367 WEAKEN 0.800
752 0 1.9075 WEAKEN 0.815
753 0 2.2793 PASS 1.000
754 1 2.6915 FREEZE 0.000
755 1 3.0015 SCAR 0.000
756 0 2.2940 WEAKEN 0.535
757 0 2.1229 WEAKEN 0.347
758 0 2.5909 FREEZE 0.000
759 1 2.7495 FREEZE 0.000
760 0 2.0075 WEAKEN 0.071
761 0 2.3302 FREEZE 0.000
762 0 2.0612 PASS 1.000
763 0 1.9662 WEAKEN 0.345
764 0 3.2160 WEAKEN 0.564
765 0 1.9645 WEAKEN 0.808
766 0 2.1295 WEAKEN 0.959
767 0 2.1094 WEAKEN 0.533
768 0 2.0471 WEAKEN 0.977
769 0 2.0811 WEAKEN 0.783
770 0 1.9550 WEAKEN 0.776
771 0 2.0699 WEAKEN 0.486
772 0 1.8721 WEAKEN 0.889
773 1 6.3138 FREEZE 0.000
774 0 2.0537 WEAKEN 0.312
775 0 2.1705 WEAKEN 0.806
776 0 2.4596 WEAKEN 0.274
777 0 2.3617 WEAKEN 0.056
778 0 2.1911 FREEZE 0.000
779 0 2.4594 FREEZE 0.000
780 0 1.9062 WEAKEN 0.496
781 0 1.8118 PASS 1.000
782 0 2.0125 WEAKEN 0.561
783 1 2.6861 SCAR 0.000
784 0 2.0246 WEAKEN 0.300
785 1 2.6136 SCAR 0.000
786 0 2.1453 WEAKEN 0.398
787 0 1.9225 PASS 1.000
788 0 2.0165 WEAKEN 0.448
789 0 1.9922 PASS 1.000
790 0 2.0564 WEAKEN 0.327
791 0 1.9663 WEAKEN 0.562
792 0 1.8653 WEAKEN 0.511
793 0 2.1505 FREEZE 0.000
794 0 2.4173 WEAKEN 0.558
795 1 3.0119 FREEZE 0.000
796 0 2.2784 WEAKEN 0.458
797 0 2.2881 WEAKEN 0.561
798 0 2.1168 WEAKEN 0.251
799 0 1.6620 WEAKEN 0.993
800 0 2.3218 WEAKEN 0.934
801 0 2.6300 FREEZE 0.000
802 0 2.1557 WEAKEN 0.684
803 0 2.1390 FREEZE 0.000
804 0 1.8674 WEAKEN 0.886
805 0 2.2523 FREEZE 0.000
806 0 2.2225 WEAKEN 0.104
807 0 2.1135 WEAKEN 0.400
808 0 2.3296 WEAKEN 0.662
809 0 1.7833 WEAKEN 0.735
810 0 2.2113 WEAKEN 0.907
811 0 2.4971 FREEZE 0.000
812 0 2.3684 SCAR 0.000
813 0 2.0054 WEAKEN 0.356
814 0 1.8032 WEAKEN 0.752
815 0 2.0527 PASS 1.000
816 0 1.6461 WEAKEN 0.657
817 0 1.8713 WEAKEN 0.775
818 0 2.0342 WEAKEN 0.514
819 0 2.3189 WEAKEN 0.409
820 0 1.8695 WEAKEN 0.610
821 1 2.8864 FREEZE 0.000
822 1 2.5848 FREEZE 0.000
823 0 2.0413 PASS 1.000
824 0 2.1160 WEAKEN 0.777
825 0 2.0787 WEAKEN 0.169
826 0 2.0263 WEAKEN 0.181
827 1 2.8314 FREEZE 0.000
828 0 2.0831 WEAKEN 0.739
829 0 2.0313 WEAKEN 0.777
830 0 2.1968 FREEZE 0.000
831 0 2.4727 FREEZE 0.000
832 0 2.1227 WEAKEN 0.866
833 0 2.4020 WEAKEN 0.140
834 0 1.9310 PASS 1.000
835 1 2.6238 FREEZE 0.000
836 0 2.0577 PASS 1.000
837 0 2.1184 WEAKEN 0.292
838 1 2.6438 FREEZE 0.000
839 0 1.9597 PASS 1.000
840 0 2.3105 WEAKEN 0.378
841 0 2.4369 WEAKEN 0.528
842 0 2.1561 WEAKEN 0.175
843 0 2.3823 FREEZE 0.000
844 0 2.2009 WEAKEN 0.758
845 0 2.3035 WEAKEN 0.805
846 1 7.1485 FREEZE 0.000
847 0 2.0132 WEAKEN 0.679
848 0 2.1804 WEAKEN 0.704
849 1 2.7854 SCAR 0.000
850 0 1.8822 WEAKEN 0.446
851 0 2.1602 FREEZE 0.000
852 0 2.0848 WEAKEN 0.498
853 0 2.1955 WEAKEN 0.586
854 0 2.0737 PASS 1.000
855 0 2.3131 WEAKEN 0.483
856 0 2.2276 FREEZE 0.000
857 0 3.0021 WEAKEN 0.272
858 0 2.4505 SILENCE 0.000
859 0 1.8381 WEAKEN 0.564
860 0 2.1230 WEAKEN 0.129
861 0 1.9669 WEAKEN 0.905
862 0 2.1797 WEAKEN 0.083
863 0 2.1076 WEAKEN 0.979
864 0 2.0946 WEAKEN 0.416
865 0 2.3278 WEAKEN 0.393
866 0 2.3365 WEAKEN 0.342
867 0 2.5329 FREEZE 0.000
868 1 2.6292 SCAR 0.000
869 0 1.8608 WEAKEN 0.117
870 0 2.1536 WEAKEN 0.775
871 0 2.2574 WEAKEN 0.150
872 0 2.0155 WEAKEN 0.771
873 0 2.4539 FREEZE 0.000
874 0 2.0985 WEAKEN 0.578
875 0 2.3398 WEAKEN 0.241
876 0 1.9214 WEAKEN 0.387
877 0 1.9048 WEAKEN 0.922
878 0 2.1384 WEAKEN 0.274
879 0 2.2107 WEAKEN 0.281
880 1 2.5280 FREEZE 0.000
881 0 1.9421 PASS 1.000
882 0 2.1790 WEAKEN 0.232
883 1 7.5266 FREEZE 0.000
884 0 2.0668 WEAKEN 0.478
885 1 2.4730 FREEZE 0.000
886 0 1.9914 FREEZE 0.000
887 0 1.9495 WEAKEN 0.997
888 0 2.2161 WEAKEN 0.561
889 0 1.8371 WEAKEN 0.679
890 0 2.0766 WEAKEN 0.675
891 0 2.1359 WEAKEN 0.632
892 0 1.8848 WEAKEN 0.116
893 0 2.0205 WEAKEN 0.878
894 0 2.0536 WEAKEN 0.705
895 0 1.8528 WEAKEN 0.545
896 0 2.3689 FREEZE 0.000
897 0 1.9344 WEAKEN 0.795
898 0 2.0568 WEAKEN 0.626
899 0 1.9842 WEAKEN 0.475
900 0 1.6840 PASS 1.000
901 0 1.8554 WEAKEN 0.714
902 0 1.9062 WEAKEN 0.954
903 0 1.7366 WEAKEN 0.278
904 0 2.0543 WEAKEN 0.495
905 0 2.1866 FREEZE 0.000
906 0 2.4321 FREEZE 0.000
907 0 2.2285 WEAKEN 0.297
908 0 2.0894 WEAKEN 0.961
909 0 2.1957 WEAKEN 0.594
910 1 2.8976 SCAR 0.000
911 0 2.0263 WEAKEN 0.824
912 0 2.4426 FREEZE 0.000
913 0 2.5961 WEAKEN 0.019
914 0 1.7100 PASS 1.000
915 0 2.8864 WEAKEN 0.201
916 0 2.2631 WEAKEN 0.567
917 0 2.4074 WEAKEN 0.440
918 0 2.0083 WEAKEN 0.720
919 0 1.9262 WEAKEN 0.550
920 0 2.0613 WEAKEN 0.743
921 1 2.5247 FREEZE 0.000
922 0 1.6778 PASS 1.000
923 0 2.1216 WEAKEN 0.216
924 1 2.4324 FREEZE 0.000
925 0 1.6222 WEAKEN 0.856
926 0 2.1377 WEAKEN 0.967
927 1 2.5018 SCAR 0.000
928 0 1.9618 WEAKEN 0.605
929 0 1.9024 PASS 1.000
930 0 2.0660 WEAKEN 0.898
931 1 2.5523 SCAR 0.000
932 0 1.8128 WEAKEN 0.912
933 1 2.5113 FREEZE 0.000
934 0 2.2470 PASS 1.000
935 0 2.3099 WEAKEN 0.375
936 0 2.1406 WEAKEN 0.066
937 0 1.9184 WEAKEN 0.195
938 1 2.4816 FREEZE 0.000
939 0 1.8191 PASS 1.000
940 0 2.2857 WEAKEN 0.365
941 0 1.8267 WEAKEN 0.888
942 0 2.0199 WEAKEN 0.849
943 0 2.5315 WEAKEN 0.267
944 0 1.9611 WEAKEN 0.482
945 0 1.9858 WEAKEN 0.388
946 0 1.6019 WEAKEN 0.794
947 0 1.9934 WEAKEN 0.059
948 0 2.0118 WEAKEN 0.830
949 0 2.1403 FREEZE 0.000
950 1 2.4601 FREEZE 0.000
951 0 1.8429 WEAKEN 0.804
952 0 2.1725 FREEZE 0.000
953 1 2.6204 FREEZE 0.000
954 0 2.0019 WEAKEN 0.888
955 0 2.0471 WEAKEN 0.701
956 0 2.1635 WEAKEN 0.363
957 0 2.2341 FREEZE 0.000
958 0 1.8262 WEAKEN 0.681
959 0 1.9608 WEAKEN 0.618
960 0 2.1099 WEAKEN 0.973
961 1 2.7120 SCAR 0.000
962 0 1.9918 WEAKEN 0.862
963 0 1.9411 WEAKEN 0.144
964 0 2.3507 WEAKEN 0.170
965 0 2.0295 WEAKEN 0.170
966 0 2.1457 FREEZE 0.000
967 0 2.0811 WEAKEN 0.097
968 0 2.2534 FREEZE 0.000
969 0 1.9755 WEAKEN 0.333
970 0 2.6914 WEAKEN 0.761
971 0 2.0260 SILENCE 0.000
972 1 2.4784 SILENCE 0.000
973 0 2.2154 WEAKEN 0.132
974 0 1.9601 WEAKEN 0.951
975 0 2.1759 WEAKEN 0.563
976 0 1.8836 WEAKEN 0.373
977 0 1.5837 WEAKEN 0.388
978 0 1.7290 WEAKEN 0.886
979 0 1.8306 WEAKEN 0.559
980 0 1.9134 WEAKEN 0.255
981 0 2.0576 WEAKEN 0.324
982 0 2.0112 WEAKEN 0.749
983 0 2.3299 WEAKEN 0.295
984 0 2.3165 WEAKEN 0.530
985 0 2.2346 FREEZE 0.000
986 1 2.6107 SCAR 0.000
987 0 1.8640 WEAKEN 0.651
988 0 2.0737 FREEZE 0.000
989 0 2.1223 WEAKEN 0.097
990 0 2.2309 WEAKEN 0.641
991 0 1.8596 WEAKEN 0.321
992 0 1.7083 WEAKEN 0.868
993 1 2.4718 SCAR 0.000
994 0 1.8139 WEAKEN 0.559
995 0 2.2977 WEAKEN 0.047
996 1 7.6568 FREEZE 0.000
997 1 2.3991 FREEZE 0.000
998 0 2.2888 WEAKEN 0.374
999 0 1.9106 WEAKEN 0.518
1000 0 1.6755 WEAKEN 0.478
1001 0 1.8808 WEAKEN 0.759
1002 1 2.3609 FREEZE 0.000
1003 0 2.3399 WEAKEN 0.180
1004 0 1.8925 WEAKEN 0.644
1005 1 2.4920 SCAR 0.000
1006 0 2.2937 WEAKEN 0.571
1007 0 1.6162 WEAKEN 0.589
1008 0 1.8849 WEAKEN 0.895
1009 0 1.9898 WEAKEN 0.332
1010 0 2.0645 FREEZE 0.000
1011 0 1.5228 WEAKEN 0.348
1012 0 1.8857 WEAKEN 0.291
1013 0 1.9852 WEAKEN 0.240
1014 0 1.7443 WEAKEN 0.945
1015 1 2.4381 FREEZE 0.000
1016 0 2.0752 WEAKEN 0.909
1017 0 2.1361 WEAKEN 0.049
1018 0 2.3251 WEAKEN 0.246
1019 1 2.5333 FREEZE 0.000
1020 0 2.2700 WEAKEN 0.077
1021 0 2.0273 WEAKEN 0.653
1022 0 2.5786 WEAKEN 0.493
1023 0 2.1802 FREEZE 0.000
1024 0 2.3439 FREEZE 0.000
1025 0 2.3064 FREEZE 0.000
1026 0 2.0884 WEAKEN 0.442
1027 0 1.7115 PASS 1.000
1028 0 1.9210 PASS 1.000
1029 0 2.1038 WEAKEN 0.405
1030 0 1.8268 WEAKEN 0.745
1031 0 1.9721 WEAKEN 0.677
1032 0 2.3860 FREEZE 0.000
1033 0 2.2891 WEAKEN 0.140
1034 0 2.4068 WEAKEN 0.145
1035 0 2.0529 WEAKEN 0.550
1036 0 1.9934 WEAKEN 0.955
1037 0 1.9552 WEAKEN 0.802
1038 0 1.9540 PASS 1.000
1039 0 2.0128 WEAKEN 0.879
1040 1 2.4493 FREEZE 0.000
1041 0 1.9090 WEAKEN 0.531
1042 0 1.9847 PASS 1.000
1043 0 2.2497 WEAKEN 0.491
1044 0 2.3260 FREEZE 0.000
1045 0 2.0994 WEAKEN 0.556
1046 0 2.1910 WEAKEN 0.832
1047 0 2.4535 SCAR 0.000
1048 0 1.9971 WEAKEN 0.513
1049 0 2.0945 FREEZE 0.000
1050 0 2.3293 WEAKEN 0.197
1051 0 1.8384 PASS 1.000
1052 0 2.0905 WEAKEN 0.944
1053 0 1.9109 WEAKEN 0.199
1054 0 2.0683 WEAKEN 0.382
1055 0 1.8154 WEAKEN 0.890
1056 0 1.8249 WEAKEN 0.298
1057 0 1.9966 WEAKEN 0.469
1058 0 2.1963 FREEZE 0.000
1059 0 1.6778 WEAKEN 0.253
1060 0 2.1148 WEAKEN 0.612
1061 0 1.7828 WEAKEN 0.769
1062 0 2.1052 PASS 1.000
1063 0 1.3947 WEAKEN 0.991
1064 0 1.8269 WEAKEN 0.234
1065 0 1.8478 WEAKEN 0.736
1066 0 1.9123 PASS 1.000
1067 0 1.9957 WEAKEN 0.276
1068 0 1.9916 WEAKEN 0.334
1069 0 1.5903 WEAKEN 0.916
1070 0 1.8020 WEAKEN 0.018
1071 0 1.8749 WEAKEN 0.592
1072 0 1.6010 WEAKEN 0.600
1073 0 2.3569 FREEZE 0.000
1074 0 2.0912 FREEZE 0.000
1075 0 2.0239 WEAKEN 0.386
1076 0 2.1646 FREEZE 0.000
1077 0 2.4316 WEAKEN 0.468
1078 0 2.4381 WEAKEN 0.862
1079 0 2.3955 WEAKEN 0.553
1080 0 2.0675 WEAKEN 0.158
1081 0 2.0412 FREEZE 0.000
1082 0 1.7097 WEAKEN 0.650
1083 1 8.4265 FREEZE 0.000
1084 0 2.0359 WEAKEN 0.282
1085 0 2.0360 WEAKEN 0.512
1086 0 2.5654 FREEZE 0.000
1087 0 1.7230 PASS 1.000
1088 0 2.2699 WEAKEN 0.375
1089 0 2.2077 WEAKEN 0.114
1090 0 2.0511 WEAKEN 0.717
1091 0 2.3461 FREEZE 0.000
1092 0 2.2122 WEAKEN 0.552
1093 0 1.8100 WEAKEN 0.030
1094 0 1.8221 WEAKEN 0.605
1095 0 1.9452 WEAKEN 0.147
1096 0 1.9979 WEAKEN 0.277
1097 1 2.4983 FREEZE 0.000
1098 0 1.6809 WEAKEN 0.891
1099 0 1.8954 FREEZE 0.000
1100 0 2.0171 WEAKEN 0.692
1101 0 2.0779 WEAKEN 0.173
1102 0 2.0768 WEAKEN 0.445
1103 0 1.9012 WEAKEN 0.931
1104 0 1.8771 WEAKEN 0.136
1105 0 1.8634 WEAKEN 0.723
1106 0 1.8866 WEAKEN 0.568
1107 0 1.7425 WEAKEN 0.563
1108 1 2.4973 FREEZE 0.000
1109 0 1.7279 WEAKEN 0.873
1110 1 2.6357 FREEZE 0.000
1111 0 1.9365 PASS 1.000
1112 0 1.8522 WEAKEN 0.600
1113 1 2.4226 FREEZE 0.000
1114 0 1.8591 WEAKEN 0.645
1115 0 1.5988 WEAKEN 0.437
1116 0 2.0758 FREEZE 0.000
1117 1 2.5945 SCAR 0.000
1118 0 1.7958 WEAKEN 0.127
1119 0 1.9808 FREEZE 0.000
1120 0 1.7353 WEAKEN 0.473
1121 0 1.9523 FREEZE 0.000
1122 1 2.7880 SCAR 0.000
1123 0 1.6929 WEAKEN 0.170
1124 0 2.1155 WEAKEN 0.283
1125 0 2.2729 FREEZE 0.000
1126 0 2.0885 WEAKEN 0.001
1127 0 2.0328 WEAKEN 0.923
1128 0 1.7636 WEAKEN 0.390
1129 1 2.6950 FREEZE 0.000
1130 0 1.8489 WEAKEN 0.156
1131 0 1.3168 WEAKEN 0.704
1132 0 1.9169 WEAKEN 0.876
1133 0 2.1136 WEAKEN 0.338
1134 1 2.4546 FREEZE 0.000
1135 0 2.6069 WEAKEN 0.363
1136 0 1.6908 WEAKEN 0.634
1137 0 2.1237 WEAKEN 0.043
1138 0 1.6857 PASS 1.000
1139 0 1.5458 WEAKEN 0.900
1140 0 2.0491 WEAKEN 0.102
1141 0 1.8562 WEAKEN 0.491
1142 0 1.9763 WEAKEN 0.048
1143 0 1.9612 WEAKEN 0.347
1144 0 2.2032 FREEZE 0.000
1145 0 1.4768 WEAKEN 0.250
1146 0 1.6274 WEAKEN 0.995
1147 0 1.6518 WEAKEN 0.365
1148 0 1.9701 WEAKEN 0.337
1149 0 2.2219 WEAKEN 0.104
1150 0 1.9733 WEAKEN 0.512
1151 0 1.9383 WEAKEN 0.481
1152 0 1.8270 WEAKEN 0.481
1153 0 1.5834 WEAKEN 0.830
1154 1 7.0732 FREEZE 0.000
1155 0 2.1840 FREEZE 0.000
1156 0 2.0326 WEAKEN 0.612
1157 0 1.7087 PASS 1.000
1158 0 1.9727 WEAKEN 0.890
1159 0 1.8055 WEAKEN 0.471
1160 0 1.7359 WEAKEN 0.580
1161 0 2.0457 WEAKEN 0.527
1162 0 2.0085 WEAKEN 0.096
1163 0 2.0369 WEAKEN 0.879
1164 0 1.5581 PASS 1.000
1165 0 2.0332 WEAKEN 0.683
1166 0 1.6639 WEAKEN 0.543
1167 0 1.5215 PASS 1.000
1168 0 1.7396 WEAKEN 0.368
1169 0 2.2295 WEAKEN 0.330
1170 0 1.6826 WEAKEN 0.674
1171 0 1.7680 WEAKEN 0.588
1172 0 2.3284 WEAKEN 0.052
1173 0 2.1972 WEAKEN 0.561
1174 0 1.6969 WEAKEN 0.413
1175 0 1.7422 PASS 1.000
1176 0 2.0882 WEAKEN 0.950
1177 0 2.2463 FREEZE 0.000
1178 0 2.2047 WEAKEN 0.555
1179 0 2.3456 WEAKEN 0.030
1180 0 1.8974 WEAKEN 0.809
1181 0 2.0683 FREEZE 0.000
1182 0 1.7484 WEAKEN 0.555
1183 0 1.9214 WEAKEN 0.549
1184 0 1.7508 WEAKEN 0.345
1185 0 2.2829 WEAKEN 0.136
1186 0 2.1685 WEAKEN 0.843
1187 0 2.3732 FREEZE 0.000
1188 0 1.7515 WEAKEN 0.702
1189 0 1.5713 WEAKEN 0.607
1190 0 2.4767 FREEZE 0.000
1191 0 2.0109 WEAKEN 0.365
1192 1 4.5490 FREEZE 0.000
1193 0 2.1145 WEAKEN 0.451
1194 1 2.4349 SCAR 0.000
1195 0 1.9770 WEAKEN 0.038
1196 0 1.6777 WEAKEN 0.712
1197 0 2.1031 WEAKEN 0.826
1198 0 1.9007 PASS 1.000
1199 0 2.2993 FREEZE 0.000
1200 0 1.8892 WEAKEN 0.313
1201 0 2.0695 FREEZE 0.000
1202 0 1.6039 WEAKEN 0.769
1203 1 2.5072 SCAR 0.000
1204 0 1.3827 WEAKEN 0.640
1205 0 1.5236 FREEZE 0.000
1206 0 1.8155 PASS 1.000
1207 0 1.7993 WEAKEN 0.715
1208 0 2.0384 WEAKEN 0.347
1209 0 1.7267 WEAKEN 0.449
1210 1 2.2716 SCAR 0.000
1211 0 1.7626 FREEZE 0.000
1212 0 1.7955 WEAKEN 0.605
1213 0 1.9295 PASS 1.000
1214 0 1.6516 WEAKEN 0.365
1215 0 2.4166 WEAKEN 0.074
1216 0 2.1213 WEAKEN 0.471
1217 0 1.5654 PASS 1.000
1218 0 2.0161 WEAKEN 0.604
1219 0 2.0810 WEAKEN 0.443
1220 0 1.9399 FREEZE 0.000
1221 0 1.7533 WEAKEN 0.283
1222 0 1.7806 WEAKEN 0.775
1223 0 2.1410 FREEZE 0.000
1224 0 2.0176 WEAKEN 0.827
1225 0 1.8802 WEAKEN 0.535
1226 0 1.8403 WEAKEN 0.990
1227 0 2.1723 FREEZE 0.000
1228 0 1.5234 WEAKEN 0.797
1229 1 2.5315 FREEZE 0.000
1230 0 2.2051 PASS 1.000
1231 0 2.0694 WEAKEN 0.336
1232 0 1.7954 WEAKEN 0.223
1233 0 1.7515 WEAKEN 0.979
1234 0 1.9976 WEAKEN 0.475
1235 0 2.0002 WEAKEN 0.889
1236 0 1.7045 WEAKEN 0.624
1237 0 1.6066 WEAKEN 0.597
1238 0 1.7595 WEAKEN 0.935
1239 0 2.2899 SILENCE 0.000
1240 1 2.4153 FREEZE 0.000
1241 0 2.3210 FREEZE 0.000
1242 0 2.0488 WEAKEN 0.517
1243 0 1.8000 WEAKEN 0.670
1244 0 1.7094 WEAKEN 0.774
1245 0 1.8994 WEAKEN 0.656
1246 0 2.0465 WEAKEN 0.521
1247 1 2.5684 FREEZE 0.000
1248 1 7.6625 FREEZE 0.000
1249 0 2.1219 WEAKEN 0.362
1250 0 1.8336 WEAKEN 0.521
1251 0 2.5814 WEAKEN 0.630
1252 0 2.1142 WEAKEN 0.567
1253 0 1.8092 WEAKEN 0.784
1254 1 2.7642 SILENCE 0.000
1255 0 1.8857 WEAKEN 0.171
1256 1 7.8320 FREEZE 0.000
1257 0 1.5823 PASS 1.000
1258 1 2.5030 FREEZE 0.000
1259 0 2.0607 FREEZE 0.000
1260 0 2.1428 WEAKEN 0.067
1261 0 1.6754 WEAKEN 0.824
1262 0 1.8546 WEAKEN 0.971
1263 0 1.6670 PASS 1.000
1264 0 1.9220 WEAKEN 0.159
1265 0 2.2705 FREEZE 0.000
1266 0 1.9051 WEAKEN 0.304
1267 0 1.6740 WEAKEN 0.684
1268 0 1.6000 WEAKEN 0.482
1269 0 1.6133 WEAKEN 0.454
1270 0 2.1141 WEAKEN 0.332
1271 0 1.5286 WEAKEN 0.853
1272 0 2.2078 WEAKEN 0.177
1273 0 1.7025 WEAKEN 0.245
1274 0 2.3594 WEAKEN 0.259
1275 0 2.3093 WEAKEN 0.202
1276 0 1.7089 WEAKEN 0.504
1277 0 1.5931 WEAKEN 0.984
1278 0 1.6527 WEAKEN 0.376
1279 0 1.6280 WEAKEN 0.806
1280 0 1.8191 FREEZE 0.000
1281 0 2.1385 FREEZE 0.000
1282 0 1.8689 PASS 1.000
1283 1 7.3992 FREEZE 0.000
1284 0 2.1297 WEAKEN 0.107
1285 0 2.0262 WEAKEN 0.193
1286 0 2.3509 FREEZE 0.000
1287 1 2.4766 FREEZE 0.000
1288 0 1.9545 WEAKEN 0.072
1289 0 1.5069 WEAKEN 0.826
1290 0 1.9742 WEAKEN 0.830
1291 1 2.5114 FREEZE 0.000
1292 0 1.6604 WEAKEN 0.552
1293 0 1.7606 WEAKEN 0.037
1294 1 2.5781 SILENCE 0.000
1295 0 2.0918 FREEZE 0.000
1296 0 2.1911 FREEZE 0.000
1297 0 2.0348 FREEZE 0.000
1298 0 1.5750 PASS 1.000
1299 1 4.0325 FREEZE 0.000
1300 0 1.9839 FREEZE 0.000
1301 0 1.9519 WEAKEN 0.105
1302 0 2.0256 WEAKEN 0.528
1303 0 1.9106 WEAKEN 0.211
1304 0 2.3232 FREEZE 0.000
1305 0 2.0094 PASS 1.000
1306 0 1.3647 WEAKEN 0.755
1307 0 2.3576 WEAKEN 0.157
1308 0 2.2925 FREEZE 0.000
1309 1 2.3878 SCAR 0.000
1310 0 2.0187 WEAKEN 0.631
1311 0 1.4575 PASS 1.000
1312 0 2.4277 WEAKEN 0.217
1313 0 1.4060 WEAKEN 0.577
1314 0 1.3798 PASS 1.000
1315 0 2.4959 FREEZE 0.000
1316 0 1.9949 WEAKEN 0.103
1317 0 1.4346 WEAKEN 0.714
1318 0 2.0967 WEAKEN 0.790
1319 0 1.8582 FREEZE 0.000
1320 0 1.6774 WEAKEN 0.557
1321 0 2.1238 FREEZE 0.000
1322 0 2.0713 PASS 1.000
1323 0 1.5585 WEAKEN 0.971
1324 0 1.8305 PASS 1.000
1325 0 1.8724 WEAKEN 0.168
1326 0 1.7412 FREEZE 0.000
1327 0 1.4254 WEAKEN 0.951
1328 1 7.9472 FREEZE 0.000
1329 0 2.0457 WEAKEN 0.478
1330 0 1.7684 WEAKEN 0.325
1331 0 1.7965 WEAKEN 0.566
1332 0 1.8927 WEAKEN 0.862
1333 0 1.8869 WEAKEN 0.534
1334 0 1.7294 WEAKEN 0.606
1335 1 2.6362 FREEZE 0.000
1336 0 1.5395 FREEZE 0.000
1337 0 2.0705 FREEZE 0.000
1338 0 2.3248 FREEZE 0.000
1339 0 1.9250 WEAKEN 0.791
1340 0 1.7484 WEAKEN 0.659
1341 0 1.6954 PASS 1.000
1342 0 1.8891 WEAKEN 0.582
1343 0 2.3824 WEAKEN 0.014
1344 0 2.4806 WEAKEN 0.207
1345 0 2.0004 FREEZE 0.000
1346 0 1.9004 WEAKEN 0.834
1347 0 2.0036 WEAKEN 0.175
1348 0 1.6276 PASS 1.000
1349 0 1.9518 FREEZE 0.000
1350 1 2.6201 FREEZE 0.000
1351 0 1.9006 WEAKEN 0.790
1352 0 1.8237 PASS 1.000
1353 0 1.7299 PASS 1.000
1354 0 1.8204 WEAKEN 0.734
1355 0 1.9174 WEAKEN 0.491
1356 0 2.1434 SILENCE 0.000
1357 0 1.4948 WEAKEN 0.987
1358 0 2.0590 FREEZE 0.000
1359 0 1.8830 WEAKEN 0.878
1360 0 1.9200 WEAKEN 0.074
1361 1 2.6225 FREEZE 0.000
1362 0 2.2585 SILENCE 0.000
1363 0 2.5289 FREEZE 0.000
1364 0 1.7773 WEAKEN 0.683
1365 0 1.5804 WEAKEN 0.922
1366 0 1.8569 WEAKEN 0.959
1367 0 1.8854 WEAKEN 0.376
1368 0 1.5451 WEAKEN 0.317
1369 0 1.7290 FREEZE 0.000
1370 0 1.6009 FREEZE 0.000
1371 0 1.9052 WEAKEN 0.903
1372 0 1.7295 WEAKEN 0.246
1373 0 2.1961 WEAKEN 0.005
1374 0 1.9581 WEAKEN 0.459
1375 0 2.0666 WEAKEN 0.332
1376 0 1.9354 WEAKEN 0.863
1377 0 1.7393 WEAKEN 0.749
1378 0 1.7789 WEAKEN 0.966
1379 0 1.5505 WEAKEN 0.423
1380 0 1.8806 WEAKEN 0.647
1381 0 1.8319 WEAKEN 0.684
1382 0 1.5201 WEAKEN 0.499
1383 0 2.0123 WEAKEN 0.397
1384 0 2.0405 WEAKEN 0.765
1385 0 2.4379 SILENCE 0.000
1386 0 1.7216 WEAKEN 0.193
1387 0 2.2474 SILENCE 0.000
1388 0 1.9364 PASS 1.000
1389 0 2.0949 FREEZE 0.000
1390 0 1.5403 PASS 1.000
1391 0 1.8670 WEAKEN 0.893
1392 0 1.8742 PASS 1.000
1393 0 2.1925 FREEZE 0.000
1394 0 2.1764 PASS 1.000
1395 0 1.6396 WEAKEN 0.579
1396 0 1.9492 WEAKEN 0.877
1397 0 2.1388 WEAKEN 0.919
1398 0 1.6281 WEAKEN 0.921
1399 0 1.5340 WEAKEN 0.811
1400 0 1.6304 WEAKEN 0.410
1401 0 1.2684 WEAKEN 0.789
1402 0 2.0913 WEAKEN 0.150
1403 0 1.7031 PASS 1.000
1404 0 2.0916 WEAKEN 0.035
1405 0 1.6499 WEAKEN 0.909
1406 0 1.6031 WEAKEN 0.671
1407 0 1.7180 WEAKEN 0.418
1408 0 1.4291 PASS 1.000
1409 0 1.4921 WEAKEN 0.858
1410 0 1.6093 WEAKEN 0.710
1411 0 2.5465 WEAKEN 0.232
1412 0 2.0271 FREEZE 0.000
1413 0 2.2353 WEAKEN 0.445
1414 1 2.7718 SCAR 0.000
1415 0 1.6487 FREEZE 0.000
1416 0 2.2805 WEAKEN 0.119
1417 0 2.4444 FREEZE 0.000
1418 0 2.1297 FREEZE 0.000
1419 0 1.8270 WEAKEN 0.648
1420 0 2.0973 FREEZE 0.000
1421 1 2.5868 FREEZE 0.000
1422 1 8.0729 FREEZE 0.000
1423 0 2.2488 FREEZE 0.000
1424 0 1.6702 WEAKEN 0.738
1425 0 1.6051 PASS 1.000
1426 0 1.5853 PASS 1.000
1427 0 1.9538 WEAKEN 0.963
1428 0 2.0725 WEAKEN 0.153
1429 0 2.0361 WEAKEN 0.583
1430 0 2.0401 WEAKEN 0.675
1431 0 1.4517 WEAKEN 0.163
1432 0 1.7800 WEAKEN 0.204
1433 0 2.0322 WEAKEN 0.315
1434 1 2.6242 FREEZE 0.000
1435 0 1.5600 WEAKEN 0.665
1436 0 1.7412 WEAKEN 0.582
1437 0 1.6236 WEAKEN 0.547
1438 0 1.4901 WEAKEN 0.407
1439 0 1.9659 WEAKEN 0.619
1440 0 1.5323 WEAKEN 0.466
1441 0 1.8458 PASS 1.000
1442 0 2.0700 WEAKEN 0.883
1443 0 1.9181 FREEZE 0.000
1444 1 8.1277 FREEZE 0.000
1445 0 1.7446 WEAKEN 0.578
1446 0 1.4329 FREEZE 0.000
1447 0 2.1794 WEAKEN 0.428
1448 0 1.6497 FREEZE 0.000
1449 0 2.3023 WEAKEN 0.012
1450 0 2.0375 WEAKEN 0.578
1451 0 2.1700 FREEZE 0.000
1452 0 1.3649 WEAKEN 0.831
1453 0 1.9222 WEAKEN 0.560
1454 0 2.1112 FREEZE 0.000
1455 0 1.9857 WEAKEN 0.944
1456 1 2.6126 FREEZE 0.000
1457 0 1.9205 WEAKEN 0.618
1458 0 1.7091 WEAKEN 0.518
1459 0 1.6566 PASS 1.000
1460 0 1.7585 WEAKEN 0.819
1461 0 1.6353 WEAKEN 0.206
1462 0 1.9051 WEAKEN 0.671
1463 0 1.6273 WEAKEN 0.315
1464 0 1.7148 WEAKEN 0.719
1465 0 2.2242 FREEZE 0.000
1466 0 1.7263 WEAKEN 0.504
1467 0 1.6325 PASS 1.000
1468 0 1.4914 WEAKEN 0.672
1469 0 1.8404 FREEZE 0.000
1470 0 1.5190 WEAKEN 0.699
1471 0 1.9417 WEAKEN 0.794
1472 1 7.7515 FREEZE 0.000
1473 0 2.4996 WEAKEN 0.439
1474 0 2.1583 WEAKEN 0.158
1475 0 1.6726 FREEZE 0.000
1476 0 2.1323 WEAKEN 0.723
1477 0 1.6170 WEAKEN 0.175
1478 0 1.7067 WEAKEN 0.576
1479 1 2.4389 FREEZE 0.000
1480 0 2.2091 WEAKEN 0.032
1481 0 1.8564 WEAKEN 0.053
1482 0 1.6720 WEAKEN 0.596
1483 1 2.2248 SCAR 0.000
1484 0 1.4350 WEAKEN 0.696
1485 0 2.5023 FREEZE 0.000
1486 0 1.8084 WEAKEN 0.710
1487 0 1.7409 WEAKEN 0.579
1488 0 1.7837 WEAKEN 0.962
1489 0 1.8059 WEAKEN 0.525
1490 0 1.4193 WEAKEN 0.647
1491 0 1.9356 WEAKEN 0.130
1492 1 2.5233 SCAR 0.000
1493 0 1.3703 WEAKEN 0.725
1494 0 1.4158 PASS 1.000
1495 0 1.5331 WEAKEN 0.571
1496 0 2.0241 WEAKEN 0.460
1497 0 1.5721 WEAKEN 0.508
1498 0 1.4542 WEAKEN 0.739
1499 1 9.2380 FREEZE 0.000
1500 0 2.0233 WEAKEN 0.338
1501 0 1.8386 PASS 1.000
1502 0 1.4501 WEAKEN 0.987
1503 0 1.4132 PASS 1.000
1504 0 1.7415 WEAKEN 0.244
1505 0 1.6558 WEAKEN 0.840
1506 0 1.5929 PASS 1.000
1507 0 1.8880 WEAKEN 0.230
1508 0 1.8356 FREEZE 0.000
1509 0 1.5518 PASS 1.000
1510 0 2.1410 FREEZE 0.000
1511 1 2.4165 SILENCE 0.000
1512 0 1.7724 WEAKEN 0.689
1513 0 1.6190 WEAKEN 0.281
1514 0 2.3887 FREEZE 0.000
1515 0 1.7112 WEAKEN 0.784
1516 1 6.9818 SILENCE 0.000
1517 0 1.5867 WEAKEN 0.655
1518 0 2.0530 WEAKEN 0.200
1519 0 1.8178 WEAKEN 0.790
1520 0 2.0939 WEAKEN 0.300
1521 0 1.9641 FREEZE 0.000
1522 0 1.8107 FREEZE 0.000
1523 1 2.2568 FREEZE 0.000
1524 1 2.5279 SCAR 0.000
1525 0 1.5757 WEAKEN 0.532
1526 0 1.5024 WEAKEN 0.660
1527 0 1.4169 PASS 1.000
1528 0 1.4072 WEAKEN 0.927
1529 0 1.8389 WEAKEN 0.768
1530 0 1.8166 WEAKEN 0.515
1531 0 1.9370 WEAKEN 0.243
1532 0 1.7808 WEAKEN 0.633
1533 0 1.7129 WEAKEN 0.980
1534 0 1.7452 FREEZE 0.000
1535 0 1.7030 WEAKEN 0.713
1536 0 1.6490 WEAKEN 0.635
1537 0 1.8248 WEAKEN 0.620
1538 0 1.6819 WEAKEN 0.353
1539 0 2.1807 FREEZE 0.000
1540 0 2.1388 FREEZE 0.000
1541 0 2.2414 WEAKEN 0.728
1542 1 2.5089 SCAR 0.000
1543 0 1.8274 WEAKEN 0.991
1544 0 2.1558 WEAKEN 0.300
1545 0 2.4577 WEAKEN 0.241
1546 0 1.9918 WEAKEN 0.874
1547 0 1.8623 FREEZE 0.000
1548 0 1.7324 WEAKEN 0.320
1549 0 2.2222 WEAKEN 0.194
1550 0 1.6664 WEAKEN 0.210
1551 1 2.6188 FREEZE 0.000
1552 0 1.4373 WEAKEN 0.692
1553 0 1.5453 WEAKEN 0.739
1554 0 1.6167 WEAKEN 0.693
1555 0 1.4869 WEAKEN 0.953
1556 0 1.4433 WEAKEN 0.868
1557 0 2.4742 WEAKEN 0.330
1558 0 1.6273 WEAKEN 0.752
1559 0 1.6191 WEAKEN 0.829
1560 0 1.6827 WEAKEN 0.669
1561 0 2.0911 WEAKEN 0.409
1562 0 1.4820 WEAKEN 0.820
1563 0 2.2522 FREEZE 0.000
1564 0 1.5703 WEAKEN 0.563
1565 0 1.9875 WEAKEN 0.330
1566 0 1.9798 WEAKEN 0.872
1567 0 2.2258 WEAKEN 0.264
1568 0 2.0563 WEAKEN 0.321
1569 0 2.1637 WEAKEN 0.357
1570 0 1.9829 FREEZE 0.000
1571 0 2.1665 FREEZE 0.000
1572 0 1.4820 WEAKEN 0.676
1573 0 2.0872 FREEZE 0.000
1574 0 1.7148 WEAKEN 0.867
1575 0 1.9228 FREEZE 0.000
1576 0 1.9871 WEAKEN 0.116
1577 0 1.7231 WEAKEN 0.797
1578 0 1.5798 PASS 1.000
1579 0 2.2876 FREEZE 0.000
1580 0 1.5979 WEAKEN 0.793
1581 0 1.2679 WEAKEN 0.865
1582 0 2.0633 FREEZE 0.000
1583 0 2.0598 FREEZE 0.000
1584 0 1.4972 WEAKEN 0.116
1585 0 2.2671 SILENCE 0.000
1586 0 1.6875 WEAKEN 0.987
1587 0 1.6169 PASS 1.000
1588 0 2.3191 FREEZE 0.000
1589 0 1.5180 WEAKEN 0.345
1590 0 2.0105 WEAKEN 0.572
1591 0 1.7978 WEAKEN 0.599
1592 0 1.9517 WEAKEN 0.439
1593 0 2.0451 WEAKEN 0.188
1594 1 5.1392 FREEZE 0.000
1595 0 1.8196 WEAKEN 0.224
1596 1 2.6269 SCAR 0.000
1597 0 1.6923 WEAKEN 0.042
1598 0 2.2507 WEAKEN 0.081
1599 0 1.7818 WEAKEN 0.649
1600 0 1.6755 WEAKEN 0.683
1601 0 1.8127 WEAKEN 0.599
1602 0 1.9081 WEAKEN 0.344
1603 0 1.8378 WEAKEN 0.754
1604 1 2.2141 SCAR 0.000
1605 0 2.0757 FREEZE 0.000
1606 0 2.2262 FREEZE 0.000
1607 0 1.9504 WEAKEN 0.499
1608 0 2.1576 FREEZE 0.000
1609 0 2.0070 FREEZE 0.000
1610 0 2.1244 FREEZE 0.000
1611 0 1.5458 WEAKEN 0.029
1612 0 1.8200 WEAKEN 0.100
1613 0 1.5896 WEAKEN 0.470
1614 0 1.9520 WEAKEN 0.911
1615 0 1.5001 WEAKEN 0.588
1616 0 1.5272 PASS 1.000
1617 0 2.0006 WEAKEN 0.768
1618 0 1.8461 WEAKEN 0.808
1619 0 2.3893 WEAKEN 0.786
1620 0 1.7628 WEAKEN 0.476
1621 0 1.5046 FREEZE 0.000
1622 1 2.3378 SCAR 0.000
1623 0 1.5895 WEAKEN 0.318
1624 0 2.2699 FREEZE 0.000
1625 0 2.1040 WEAKEN 0.131
1626 0 1.9180 WEAKEN 0.825
1627 0 1.6112 WEAKEN 0.774
1628 0 1.9851 WEAKEN 0.662
1629 0 2.0299 WEAKEN 0.262
1630 0 2.1331 WEAKEN 0.071
1631 1 2.2009 FREEZE 0.000
1632 0 1.9673 WEAKEN 0.295
1633 0 1.5457 WEAKEN 0.737
1634 0 1.3767 PASS 1.000
1635 0 1.4301 PASS 1.000
1636 0 1.6982 WEAKEN 0.385
1637 0 2.1800 WEAKEN 0.285
1638 0 1.5757 WEAKEN 0.749
1639 0 2.0473 FREEZE 0.000
1640 1 2.4124 FREEZE 0.000
1641 1 2.5941 SCAR 0.000
1642 0 1.9450 WEAKEN 0.294
1643 0 1.9738 WEAKEN 0.231
1644 0 1.9654 WEAKEN 0.419
1645 0 1.8352 WEAKEN 0.578
1646 0 1.6776 WEAKEN 0.955
1647 0 1.8631 WEAKEN 0.169
1648 0 1.5885 WEAKEN 0.701
1649 0 1.1964 WEAKEN 0.926
1650 0 1.6687 WEAKEN 0.598
1651 0 2.0720 WEAKEN 0.175
1652 0 2.1231 FREEZE 0.000
1653 0 2.2876 WEAKEN 0.212
1654 0 1.7487 WEAKEN 0.522
1655 0 1.8549 WEAKEN 0.176
1656 0 1.7655 WEAKEN 0.061
1657 0 1.6904 WEAKEN 0.797
1658 0 1.5184 WEAKEN 0.824
1659 0 1.7600 WEAKEN 0.452
1660 1 8.0425 FREEZE 0.000
1661 0 1.5596 WEAKEN 0.644
1662 0 1.7305 WEAKEN 0.516
1663 0 1.8601 WEAKEN 0.611
1664 0 1.7436 WEAKEN 0.192
1665 0 1.6924 WEAKEN 0.220
1666 1 2.2170 FREEZE 0.000
1667 0 1.8674 WEAKEN 0.650
1668 0 1.7344 WEAKEN 0.757
1669 0 2.4212 FREEZE 0.000
1670 0 1.8182 WEAKEN 0.853
1671 1 2.4811 FREEZE 0.000
1672 0 1.4794 PASS 1.000
1673 0 1.8602 WEAKEN 0.436
1674 0 2.3947 FREEZE 0.000
1675 0 1.9690 WEAKEN 0.137
1676 0 1.9475 WEAKEN 0.753
1677 0 1.4804 PASS 1.000
1678 0 1.9718 WEAKEN 0.535
1679 0 1.5481 WEAKEN 0.237
1680 0 2.1103 WEAKEN 0.409
1681 0 1.8106 WEAKEN 0.401
1682 0 1.8028 PASS 1.000
1683 0 1.6499 WEAKEN 0.535
1684 0 1.5653 WEAKEN 0.577
1685 0 2.0218 WEAKEN 0.124
1686 0 1.3829 WEAKEN 0.460
1687 0 1.5932 WEAKEN 0.391
1688 0 2.4088 WEAKEN 0.301
1689 0 1.6305 WEAKEN 0.629
1690 0 1.7482 FREEZE 0.000
1691 0 2.1518 FREEZE 0.000
1692 0 2.4610 WEAKEN 0.349
1693 0 1.8057 WEAKEN 0.738
1694 0 2.0591 WEAKEN 0.098
1695 0 1.8604 WEAKEN 0.426
1696 0 1.6808 WEAKEN 0.100
1697 0 1.7557 PASS 1.000
1698 1 2.5894 FREEZE 0.000
1699 1 2.4006 FREEZE 0.000
1700 0 1.6070 WEAKEN 0.480
1701 0 1.4843 WEAKEN 0.310
1702 0 1.6683 WEAKEN 0.520
1703 0 1.5032 WEAKEN 0.807
1704 0 1.6027 FREEZE 0.000
1705 0 1.6927 WEAKEN 0.903
1706 0 1.6476 WEAKEN 0.327
1707 0 1.7834 WEAKEN 0.541
1708 0 1.6037 WEAKEN 0.597
1709 1 2.3467 SCAR 0.000
1710 1 8.8468 FREEZE 0.000
1711 0 1.9696 WEAKEN 0.196
1712 1 7.6162 FREEZE 0.000
1713 0 2.1424 WEAKEN 0.222
1714 0 1.9199 WEAKEN 0.159
1715 0 1.6389 WEAKEN 0.273
1716 0 1.4777 WEAKEN 0.627
1717 0 1.2968 WEAKEN 0.720
1718 0 1.7718 WEAKEN 0.594
1719 0 2.0546 WEAKEN 0.004
1720 0 1.6580 WEAKEN 0.798
1721 0 1.9569 WEAKEN 0.231
1722 0 1.7030 WEAKEN 0.416
1723 1 2.2384 SCAR 0.000
1724 0 1.9409 WEAKEN 0.613
1725 0 1.5378 WEAKEN 0.467
1726 0 2.0644 FREEZE 0.000
1727 0 2.1719 WEAKEN 0.954
1728 1 2.5539 SCAR 0.000
1729 0 1.3365 WEAKEN 0.389
1730 0 1.6999 WEAKEN 0.248
1731 0 1.5036 WEAKEN 0.847
1732 0 1.8192 WEAKEN 0.321
1733 0 1.8510 WEAKEN 0.650
1734 0 2.0564 WEAKEN 0.025
1735 0 2.1259 FREEZE 0.000
1736 0 1.4643 PASS 1.000
1737 0 1.1962 PASS 1.000
1738 0 1.5057 WEAKEN 0.614
1739 0 1.3935 WEAKEN 0.696
1740 0 1.9334 WEAKEN 0.169
1741 0 1.9338 WEAKEN 0.838
1742 0 1.9960 WEAKEN 0.370
1743 0 1.4921 PASS 1.000
1744 0 1.5007 WEAKEN 0.413
1745 0 1.2695 WEAKEN 0.498
1746 0 1.2831 WEAKEN 0.735
1747 0 1.6483 WEAKEN 0.658
1748 0 1.3143 WEAKEN 0.512
1749 1 8.7748 FREEZE 0.000
1750 0 1.8953 WEAKEN 0.092
1751 0 1.4400 WEAKEN 0.403
1752 0 2.1384 WEAKEN 0.256
1753 0 1.6929 PASS 1.000
1754 0 2.3593 WEAKEN 0.420
1755 0 2.1551 SILENCE 0.000
1756 1 7.0438 SILENCE 0.000
1757 0 1.9696 WEAKEN 0.548
1758 0 1.6728 PASS 1.000
1759 0 1.5496 WEAKEN 0.775
1760 0 1.4050 WEAKEN 0.517
1761 0 1.6678 WEAKEN 0.662
1762 0 1.6676 WEAKEN 0.745
1763 1 2.3138 FREEZE 0.000
1764 0 2.1842 WEAKEN 0.279
1765 0 2.1506 FREEZE 0.000
1766 0 1.8931 WEAKEN 0.994
1767 0 2.0561 FREEZE 0.000
1768 1 8.5833 FREEZE 0.000
1769 0 2.1128 WEAKEN 0.050
1770 0 1.9505 WEAKEN 0.627
1771 0 1.5782 PASS 1.000
1772 0 2.3426 FREEZE 0.000
1773 0 1.4893 WEAKEN 0.991
1774 0 1.9374 WEAKEN 0.119
1775 1 6.9419 SILENCE 0.000
1776 0 1.3574 WEAKEN 0.692
1777 0 2.1963 WEAKEN 0.054
1778 0 1.8127 FREEZE 0.000
1779 0 1.2844 WEAKEN 0.845
1780 0 1.9402 WEAKEN 0.946
1781 0 2.0495 WEAKEN 0.568
1782 0 2.0573 FREEZE 0.000
1783 0 1.6464 FREEZE 0.000
1784 0 1.7402 FREEZE 0.000
1785 0 1.8269 WEAKEN 0.146
1786 0 2.0368 FREEZE 0.000
1787 0 1.9556 WEAKEN 0.339
1788 0 1.7703 WEAKEN 0.098
1789 0 1.7118 WEAKEN 0.572
1790 0 2.1418 FREEZE 0.000
1791 0 1.9863 WEAKEN 0.025
1792 0 1.5680 WEAKEN 0.060
1793 0 1.9493 WEAKEN 0.217
1794 0 1.8413 WEAKEN 0.475
1795 0 2.1034 WEAKEN 0.443
1796 0 1.7985 WEAKEN 0.789
1797 0 1.9386 WEAKEN 0.022
1798 0 2.2611 FREEZE 0.000
1799 0 1.9179 WEAKEN 0.293
1800 0 2.0374 WEAKEN 0.566
1801 0 1.8165 FREEZE 0.000
1802 0 1.8181 PASS 1.000
1803 1 2.2657 FREEZE 0.000
1804 0 1.2498 WEAKEN 0.635
1805 0 1.8309 WEAKEN 0.942
1806 0 2.2557 FREEZE 0.000
1807 1 2.3268 SCAR 0.000
1808 0 1.5710 WEAKEN 0.274
1809 0 1.6837 WEAKEN 0.693
1810 0 2.3527 WEAKEN 0.519
1811 0 1.8473 WEAKEN 0.435
1812 0 1.3139 WEAKEN 0.624
1813 0 2.3007 WEAKEN 0.600
1814 0 1.7846 WEAKEN 0.384
1815 0 1.9184 FREEZE 0.000
1816 0 2.0482 WEAKEN 0.484
1817 0 1.7304 WEAKEN 0.857
1818 0 2.1287 FREEZE 0.000
1819 1 2.4416 FREEZE 0.000
1820 0 1.6878 FREEZE 0.000
1821 0 1.8098 WEAKEN 0.080
1822 0 1.6335 WEAKEN 0.359
1823 0 2.0355 WEAKEN 0.556
1824 0 1.5768 WEAKEN 0.817
1825 0 1.7442 WEAKEN 0.808
1826 0 1.5828 PASS 1.000
1827 0 1.5660 FREEZE 0.000
1828 0 2.0133 FREEZE 0.000
1829 1 2.3745 SCAR 0.000
1830 0 1.7516 WEAKEN 0.699
1831 0 1.7435 WEAKEN 0.393
1832 0 1.8141 WEAKEN 0.006
1833 1 2.3683 FREEZE 0.000
1834 0 1.4690 WEAKEN 0.350
1835 0 1.5428 WEAKEN 0.783
1836 0 1.6578 WEAKEN 0.437
1837 0 1.8469 WEAKEN 0.692
1838 0 2.2745 WEAKEN 0.036
1839 0 1.9624 WEAKEN 0.418
1840 0 1.7832 WEAKEN 0.825
1841 0 2.0718 FREEZE 0.000
1842 0 1.5431 WEAKEN 0.488
1843 0 1.5500 WEAKEN 0.883
1844 0 1.9286 FREEZE 0.000
1845 0 1.3022 WEAKEN 0.714
1846 0 1.4945 WEAKEN 0.649
1847 0 2.0293 FREEZE 0.000
1848 0 1.5456 WEAKEN 0.487
1849 0 1.8135 WEAKEN 0.121
1850 0 1.6785 WEAKEN 0.403
1851 0 2.3804 FREEZE 0.000
1852 0 1.4444 PASS 1.000
1853 0 1.4451 WEAKEN 0.505
1854 0 1.8510 FREEZE 0.000
1855 0 1.7228 WEAKEN 0.289
1856 0 1.6334 WEAKEN 0.496
1857 0 1.6964 FREEZE 0.000
1858 0 1.4570 WEAKEN 0.588
1859 0 1.7051 WEAKEN 0.630
1860 0 1.6885 WEAKEN 0.323
1861 0 1.5725 WEAKEN 0.131
1862 0 1.6714 WEAKEN 0.418
1863 0 2.0649 WEAKEN 0.616
1864 0 1.8190 WEAKEN 0.437
1865 0 2.1281 WEAKEN 0.060
1866 0 1.3510 WEAKEN 0.435
1867 0 1.8397 FREEZE 0.000
1868 0 1.7531 WEAKEN 0.134
1869 1 7.1996 FREEZE 0.000
1870 0 1.9766 FREEZE 0.000
1871 0 1.6235 WEAKEN 0.732
1872 0 1.4648 WEAKEN 0.929
1873 0 2.1702 FREEZE 0.000
1874 0 2.1394 WEAKEN 0.614
1875 0 1.5675 WEAKEN 0.912
1876 0 1.7104 PASS 1.000
1877 0 2.0128 FREEZE 0.000
1878 0 1.5100 WEAKEN 0.387
1879 0 1.4193 WEAKEN 0.563
1880 0 1.5231 WEAKEN 0.653
1881 0 1.6661 PASS 1.000
1882 0 2.2314 FREEZE 0.000
1883 0 1.6332 WEAKEN 0.803
1884 0 1.4756 WEAKEN 0.486
1885 0 1.8643 WEAKEN 0.384
1886 0 1.5560 WEAKEN 0.687
1887 0 1.7131 WEAKEN 0.752
1888 0 1.5998 PASS 1.000
1889 0 1.5134 PASS 1.000
1890 0 1.7152 WEAKEN 0.190
1891 0 1.5920 WEAKEN 0.803
1892 0 1.3594 WEAKEN 0.718
1893 0 1.6552 WEAKEN 0.154
1894 0 1.5657 WEAKEN 0.581
1895 1 2.4693 FREEZE 0.000
1896 0 2.1573 SILENCE 0.000
1897 1 2.4382 FREEZE 0.000
1898 0 1.4872 WEAKEN 0.692
1899 0 1.7765 WEAKEN 0.131
1900 0 2.2731 FREEZE 0.000
1901 0 2.1165 WEAKEN 0.320
1902 0 1.4544 WEAKEN 0.779
1903 0 1.6579 WEAKEN 0.550
1904 0 1.7141 WEAKEN 0.081
1905 0 1.4181 WEAKEN 0.956
1906 0 1.5427 WEAKEN 0.189
1907 1 2.3542 FREEZE 0.000
1908 0 1.9932 WEAKEN 0.480
1909 1 2.3354 FREEZE 0.000
1910 0 1.9700 WEAKEN 0.779
1911 0 1.6755 WEAKEN 0.138
1912 1 2.4729 FREEZE 0.000
1913 1 2.4885 WEAKEN 0.075
1914 0 1.6868 PASS 1.000
1915 0 1.6254 WEAKEN 0.281
1916 0 1.4830 WEAKEN 0.523
1917 0 1.6953 WEAKEN 0.482
1918 0 1.4315 PASS 1.000
1919 0 1.6953 WEAKEN 0.541
1920 0 1.3747 WEAKEN 0.862
1921 0 1.8938 PASS 1.000
1922 0 1.3023 PASS 1.000
1923 0 1.5272 WEAKEN 0.558
1924 0 1.9060 FREEZE 0.000
1925 0 1.9965 WEAKEN 0.417
1926 1 7.0333 SILENCE 0.000
1927 0 2.1917 FREEZE 0.000
1928 0 1.7425 WEAKEN 0.742
1929 1 2.4824 SCAR 0.000
1930 1 2.5024 FREEZE 0.000
1931 0 1.7848 WEAKEN 0.377
1932 0 2.2490 WEAKEN 0.120
1933 0 1.6389 WEAKEN 0.671
1934 0 1.5133 WEAKEN 0.024
1935 0 1.9791 FREEZE 0.000
1936 0 1.4267 PASS 1.000
1937 0 1.5850 FREEZE 0.000
1938 0 1.8224 WEAKEN 0.110
1939 0 1.3586 WEAKEN 0.702
1940 0 1.2958 WEAKEN 0.311
1941 0 1.9108 WEAKEN 0.066
1942 0 2.1194 FREEZE 0.000
1943 0 2.0052 FREEZE 0.000
1944 0 1.6032 WEAKEN 0.502
1945 0 1.9080 FREEZE 0.000
1946 0 1.6364 WEAKEN 0.976
1947 0 1.6343 WEAKEN 0.055
1948 0 2.1358 WEAKEN 0.293
1949 0 1.8074 WEAKEN 0.759
1950 1 2.3159 FREEZE 0.000
1951 0 1.4729 WEAKEN 0.916
1952 0 2.0669 FREEZE 0.000
1953 0 1.7681 WEAKEN 0.753
1954 0 1.6287 WEAKEN 0.799
1955 0 1.4244 WEAKEN 0.534
1956 0 1.4564 WEAKEN 0.722
1957 0 1.5203 PASS 1.000
1958 0 1.5754 WEAKEN 0.963
1959 0 2.2417 WEAKEN 0.086
1960 0 1.5804 WEAKEN 0.165
1961 0 1.4496 WEAKEN 0.604
1962 0 2.3719 FREEZE 0.000
1963 0 1.7483 FREEZE 0.000
1964 0 1.7821 WEAKEN 0.593
1965 0 1.9053 WEAKEN 0.837
1966 0 1.8076 WEAKEN 0.005
1967 0 1.4254 WEAKEN 0.853
1968 1 2.2138 SCAR 0.000
1969 1 2.4571 FREEZE 0.000
1970 0 1.1346 PASS 1.000
1971 0 1.6687 WEAKEN 0.446
1972 0 1.6954 WEAKEN 0.266
1973 0 1.6311 WEAKEN 0.677
1974 0 1.5803 WEAKEN 0.740
1975 0 1.4823 WEAKEN 0.772
1976 0 2.0150 FREEZE 0.000
1977 0 1.7972 FREEZE 0.000
1978 0 2.0407 WEAKEN 0.843
1979 1 2.3981 FREEZE 0.000
1980 0 1.9844 WEAKEN 0.478
1981 0 1.8405 WEAKEN 0.881
1982 0 1.6180 WEAKEN 0.412
1983 0 1.5381 WEAKEN 0.858
1984 1 2.6728 SCAR 0.000
1985 0 1.7648 WEAKEN 0.860
1986 0 1.5516 WEAKEN 0.025
1987 0 1.4945 WEAKEN 0.190
1988 0 1.6190 WEAKEN 0.698
1989 0 2.0252 WEAKEN 0.067
1990 0 1.7417 WEAKEN 0.797
1991 1 7.4932 SILENCE 0.000
1992 0 2.1305 WEAKEN 0.134
1993 0 1.8080 WEAKEN 0.035
1994 0 1.6082 WEAKEN 0.907
1995 0 1.8130 WEAKEN 0.848
1996 0 1.9184 FREEZE 0.000
1997 0 2.0313 FREEZE 0.000
1998 0 1.5918 FREEZE 0.000
1999 0 1.9061 FREEZE 0.000
2000 1 7.4110 FREEZE 0.000
2001 0 1.9666 WEAKEN 0.195
2002 1 2.5381 SCAR 0.000
2003 1 2.4826 SCAR 0.000
2004 0 1.8349 WEAKEN 0.005
2005 0 1.8312 WEAKEN 0.706
2006 1 2.4293 FREEZE 0.000
2007 0 2.1953 FREEZE 0.000
2008 0 2.2055 WEAKEN 0.511
2009 0 1.3778 WEAKEN 0.445
2010 0 2.4401 FREEZE 0.000
2011 0 1.9062 WEAKEN 0.962
2012 0 1.1041 WEAKEN 0.546
2013 0 1.9795 FREEZE 0.000
2014 0 1.8923 FREEZE 0.000
2015 0 1.3587 WEAKEN 0.499
2016 0 1.6055 WEAKEN 0.216
2017 0 1.8321 WEAKEN 0.763
2018 0 1.6003 PASS 1.000
2019 0 1.6473 WEAKEN 0.667
2020 0 2.2948 WEAKEN 0.286
2021 0 1.8446 WEAKEN 0.082
2022 0 1.9357 WEAKEN 0.522
2023 0 1.6790 WEAKEN 0.312
2024 0 1.6986 WEAKEN 0.438
2025 0 1.3929 FREEZE 0.000
2026 0 1.9042 WEAKEN 0.002
2027 0 1.8832 WEAKEN 0.580
2028 0 2.1102 WEAKEN 0.361
2029 0 1.5235 WEAKEN 0.491
2030 0 1.6396 PASS 1.000
2031 1 2.6438 FREEZE 0.000
2032 0 1.7845 WEAKEN 0.405
2033 0 2.0893 WEAKEN 0.158
2034 0 2.0148 WEAKEN 0.219
2035 0 1.9076 WEAKEN 0.500
2036 0 1.9460 WEAKEN 0.671
2037 0 1.4630 PASS 1.000
2038 0 2.1735 WEAKEN 0.562
2039 0 1.3113 WEAKEN 0.408
2040 0 1.3376 WEAKEN 0.722
2041 0 1.1951 PASS 1.000
2042 0 2.0463 WEAKEN 0.317
2043 0 2.1387 SCAR 0.000
2044 0 1.5970 WEAKEN 0.763
2045 1 2.5017 FREEZE 0.000
2046 0 1.6707 WEAKEN 0.626
2047 0 1.8877 PASS 1.000
2048 0 1.3870 WEAKEN 0.636
2049 0 1.8455 FREEZE 0.000
2050 1 2.2881 FREEZE 0.000
2051 0 2.1276 WEAKEN 0.415
2052 0 1.4515 WEAKEN 0.841
2053 0 1.6302 WEAKEN 0.321
2054 0 2.1031 WEAKEN 0.075
2055 0 1.4785 PASS 1.000
2056 0 1.8515 WEAKEN 0.748
2057 0 1.2316 WEAKEN 0.880
2058 0 1.5872 WEAKEN 0.570
2059 0 1.8568 FREEZE 0.000
2060 0 2.2673 FREEZE 0.000
2061 0 2.0552 FREEZE 0.000
2062 1 2.3147 FREEZE 0.000
2063 0 2.2718 FREEZE 0.000
2064 0 1.4596 WEAKEN 0.648
2065 0 1.5711 WEAKEN 0.809
2066 0 2.0070 WEAKEN 0.574
2067 1 2.4067 FREEZE 0.000
2068 0 1.3685 WEAKEN 0.512
2069 1 2.1323 SILENCE 0.000
2070 0 1.6265 WEAKEN 0.342
2071 0 2.2168 WEAKEN 0.415
2072 0 2.4110 WEAKEN 0.210
2073 0 2.0504 WEAKEN 0.636
2074 0 1.3047 WEAKEN 0.801
2075 0 1.6802 WEAKEN 0.059
2076 0 1.5576 WEAKEN 0.716
2077 0 1.3418 WEAKEN 0.320
2078 0 1.4651 PASS 1.000
2079 0 1.5493 WEAKEN 0.345
2080 0 2.0182 FREEZE 0.000
2081 0 1.9436 WEAKEN 0.482
2082 0 1.4926 WEAKEN 0.475
2083 0 1.5785 WEAKEN 0.068
2084 0 1.6220 WEAKEN 0.829
2085 0 2.0310 WEAKEN 0.189
2086 0 1.6247 WEAKEN 0.477
2087 0 1.7880 WEAKEN 0.575
2088 0 1.8595 WEAKEN 0.334
2089 0 1.7193 WEAKEN 0.050
2090 0 1.8332 WEAKEN 0.101
2091 0 1.8594 WEAKEN 0.177
2092 1 2.1319 SCAR 0.000
2093 0 1.7189 WEAKEN 0.685
2094 0 1.9556 WEAKEN 0.162
2095 0 1.6167 WEAKEN 0.466
2096 0 1.6123 WEAKEN 0.321
2097 0 1.5259 WEAKEN 0.648
2098 0 1.0987 PASS 1.000
2099 0 1.5492 WEAKEN 0.326
2100 0 1.5164 WEAKEN 0.333
2101 0 2.0073 WEAKEN 0.236
2102 0 1.9886 FREEZE 0.000
2103 0 1.6158 WEAKEN 0.875
2104 0 1.4821 WEAKEN 0.619
2105 0 2.3067 WEAKEN 0.154
2106 0 1.7840 PASS 1.000
2107 1 8.5318 FREEZE 0.000
2108 0 1.5063 WEAKEN 0.488
2109 0 1.3221 WEAKEN 0.730
2110 0 1.7092 WEAKEN 0.244
2111 0 1.4630 WEAKEN 0.044
2112 0 1.4508 WEAKEN 0.784
2113 0 1.5836 PASS 1.000
2114 1 2.0601 FREEZE 0.000
2115 0 2.0210 WEAKEN 0.077
2116 0 1.2085 WEAKEN 0.745
2117 0 1.6348 PASS 1.000
2118 0 1.6991 WEAKEN 0.310
2119 1 2.4567 FREEZE 0.000
2120 1 2.1857 SCAR 0.000
2121 0 2.1361 FREEZE 0.000
2122 0 1.6391 WEAKEN 0.517
2123 1 2.4882 FREEZE 0.000
2124 0 2.1818 FREEZE 0.000
2125 0 1.9924 WEAKEN 0.376
2126 0 1.6528 PASS 1.000
2127 0 1.8669 WEAKEN 0.656
2128 0 1.0187 PASS 1.000
2129 0 1.9246 WEAKEN 0.254
2130 0 1.4543 WEAKEN 0.287
2131 0 1.5609 FREEZE 0.000
2132 0 1.7317 WEAKEN 0.616
2133 0 2.1420 WEAKEN 0.061
2134 0 1.6223 WEAKEN 0.873
2135 0 2.0214 WEAKEN 0.341
2136 0 2.7365 FREEZE 0.000
2137 0 1.9767 FREEZE 0.000
2138 0 1.9446 WEAKEN 0.127
2139 0 1.7508 WEAKEN 0.733
2140 0 2.0358 WEAKEN 0.979
2141 0 1.4357 WEAKEN 0.684
2142 0 1.0974 WEAKEN 0.652
2143 0 1.5828 FREEZE 0.000
2144 0 1.5551 WEAKEN 0.800
2145 0 1.9652 WEAKEN 0.521
2146 0 2.0522 SILENCE 0.000
2147 0 1.3994 WEAKEN 0.516
2148 0 1.3630 WEAKEN 0.955
2149 0 1.6441 WEAKEN 0.912
2150 0 1.7531 WEAKEN 0.743
2151 0 1.6876 WEAKEN 0.821
2152 0 1.7852 FREEZE 0.000
2153 0 2.0490 WEAKEN 0.267
2154 0 1.9094 WEAKEN 0.378
2155 0 1.7488 WEAKEN 0.581
2156 0 1.7029 WEAKEN 0.232
2157 0 1.4542 WEAKEN 0.845
2158 0 2.0121 FREEZE 0.000
2159 0 1.9452 FREEZE 0.000
2160 0 1.7359 WEAKEN 0.342
2161 0 2.2839 WEAKEN 0.440
2162 0 2.1876 FREEZE 0.000
2163 0 1.6094 WEAKEN 0.453
2164 0 1.4575 WEAKEN 0.893
2165 0 1.7877 FREEZE 0.000
2166 0 1.3727 WEAKEN 0.591
2167 0 1.9461 WEAKEN 0.207
2168 0 1.6967 WEAKEN 0.391
2169 0 1.6741 WEAKEN 0.049
2170 1 2.4797 FREEZE 0.000
2171 0 1.4482 WEAKEN 0.831
2172 0 1.7244 WEAKEN 0.335
2173 0 1.6909 FREEZE 0.000
2174 1 8.6690 FREEZE 0.000
2175 0 2.1830 WEAKEN 0.163
2176 0 1.8643 WEAKEN 0.840
2177 0 2.0752 WEAKEN 0.603
2178 0 1.4941 WEAKEN 0.822
2179 0 2.0996 WEAKEN 0.502
2180 0 1.3951 WEAKEN 0.516
2181 0 1.8005 WEAKEN 0.886
2182 0 2.1920 WEAKEN 0.167
2183 0 1.6952 WEAKEN 0.146
2184 0 1.3257 WEAKEN 0.646
2185 0 1.4883 WEAKEN 0.805
2186 0 1.6023 WEAKEN 0.216
2187 0 1.3251 PASS 1.000
2188 0 1.3422 WEAKEN 0.318
2189 0 1.5299 WEAKEN 0.969
2190 1 2.4075 FREEZE 0.000
2191 0 1.4298 WEAKEN 0.857
2192 0 2.2574 WEAKEN 0.130
2193 0 1.5257 WEAKEN 0.942
2194 0 1.6728 FREEZE 0.000
2195 1 7.4948 WEAKEN 0.024
2196 0 1.6754 WEAKEN 0.408
2197 0 1.7637 WEAKEN 0.715
2198 0 1.9400 WEAKEN 0.131
2199 0 2.1889 WEAKEN 0.754
2200 0 2.0386 WEAKEN 0.409
2201 0 1.6305 WEAKEN 0.090
2202 0 1.4690 WEAKEN 0.972
2203 0 1.7340 WEAKEN 0.888
2204 0 1.8291 WEAKEN 0.434
2205 0 1.6325 WEAKEN 0.678
2206 0 1.7709 WEAKEN 0.302
2207 0 1.8942 WEAKEN 0.030
2208 1 2.4940 SCAR 0.000
2209 0 2.0339 FREEZE 0.000
2210 0 1.9763 WEAKEN 0.128
2211 0 1.5974 WEAKEN 0.857
2212 0 1.7951 WEAKEN 0.439
2213 0 1.5933 WEAKEN 0.621
2214 0 1.2825 WEAKEN 0.847
2215 0 1.8254 WEAKEN 0.181
2216 0 1.7828 WEAKEN 0.437
2217 1 2.1203 FREEZE 0.000
2218 0 1.7036 PASS 1.000
2219 0 1.4775 WEAKEN 0.521
2220 0 1.2702 FREEZE 0.000
2221 1 2.3798 FREEZE 0.000
2222 0 1.4579 WEAKEN 0.512
2223 0 2.1543 WEAKEN 0.102
2224 0 1.5860 WEAKEN 0.415
2225 0 1.6308 WEAKEN 0.175
2226 0 1.6882 PASS 1.000
2227 0 1.4468 PASS 1.000
2228 0 1.8529 WEAKEN 0.168
2229 0 1.8191 WEAKEN 0.336
2230 0 2.2108 WEAKEN 0.451
2231 0 2.0987 FREEZE 0.000
2232 0 1.6107 WEAKEN 0.845
2233 0 1.6235 WEAKEN 0.829
2234 0 2.1110 WEAKEN 0.844
2235 0 1.4613 WEAKEN 0.992
2236 1 2.2459 FREEZE 0.000
2237 0 1.6011 WEAKEN 0.634
2238 0 1.7088 WEAKEN 0.205
2239 0 0.9642 PASS 1.000
2240 1 2.4342 FREEZE 0.000
2241 0 2.7813 WEAKEN 0.163
2242 0 2.0878 WEAKEN 0.777
2243 0 2.6263 WEAKEN 0.498
2244 0 1.9051 WEAKEN 0.369
2245 0 1.5036 PASS 1.000
2246 0 1.6752 WEAKEN 0.302
2247 0 0.9440 WEAKEN 0.759
2248 0 1.7972 WEAKEN 0.335
2249 0 1.9994 FREEZE 0.000
2250 0 1.9714 WEAKEN 0.057
2251 0 1.7570 FREEZE 0.000
2252 0 2.0868 WEAKEN 0.129
2253 0 2.0419 WEAKEN 0.633
2254 1 2.2273 FREEZE 0.000
2255 0 1.3414 WEAKEN 0.793
2256 0 1.6930 WEAKEN 0.466
2257 0 1.4914 WEAKEN 0.534
2258 0 1.8255 FREEZE 0.000
2259 0 1.8871 WEAKEN 0.529
2260 0 1.8730 WEAKEN 0.707
2261 0 1.3318 WEAKEN 0.811
2262 0 1.6735 WEAKEN 0.734
2263 0 1.2499 WEAKEN 0.769
2264 0 2.3975 FREEZE 0.000
2265 0 1.5992 WEAKEN 0.976
2266 0 1.5807 WEAKEN 0.398
2267 0 1.6541 WEAKEN 0.427
2268 1 2.0764 FREEZE 0.000
2269 0 1.5985 WEAKEN 0.966
2270 0 1.4462 WEAKEN 0.968
2271 0 1.7083 WEAKEN 0.597
2272 1 2.4465 SCAR 0.000
2273 0 1.8712 WEAKEN 0.366
2274 0 2.2438 FREEZE 0.000
2275 0 2.0377 WEAKEN 0.318
2276 0 1.3599 WEAKEN 0.164
2277 0 1.4021 PASS 1.000
2278 0 1.9955 WEAKEN 0.259
2279 0 1.6554 WEAKEN 0.600
2280 0 1.6672 WEAKEN 0.704
2281 0 1.6738 FREEZE 0.000
2282 0 1.6547 WEAKEN 0.201
2283 0 1.6055 WEAKEN 0.184
2284 1 2.7156 FREEZE 0.000
2285 0 1.7835 FREEZE 0.000
2286 1 2.4335 SCAR 0.000
2287 0 1.8389 WEAKEN 0.945
2288 0 1.6539 WEAKEN 0.513
2289 0 1.4767 WEAKEN 0.792
2290 0 2.3865 FREEZE 0.000
2291 0 1.7154 WEAKEN 0.206
2292 0 1.5433 PASS 1.000
2293 0 1.5719 WEAKEN 0.633
2294 0 1.9918 WEAKEN 0.427
2295 0 1.2817 WEAKEN 0.433
2296 0 1.6816 WEAKEN 0.978
2297 0 1.7898 WEAKEN 0.971
2298 0 1.4218 WEAKEN 0.082
2299 0 1.1191 PASS 1.000
2300 0 1.6488 WEAKEN 0.390
2301 0 1.3592 WEAKEN 0.498
2302 0 1.6208 WEAKEN 0.471
2303 0 1.6556 WEAKEN 0.674
2304 0 2.0665 WEAKEN 0.131
2305 0 1.4738 WEAKEN 0.925
2306 0 1.9851 WEAKEN 0.415
2307 0 2.2423 FREEZE 0.000
2308 0 1.1300 WEAKEN 0.799
2309 0 1.6011 PASS 1.000
2310 0 1.4799 WEAKEN 0.078
2311 0 2.0551 WEAKEN 0.440
2312 0 2.1590 FREEZE 0.000
2313 0 1.8908 FREEZE 0.000
2314 0 1.4036 WEAKEN 0.748
2315 0 1.7161 WEAKEN 0.503
2316 0 2.1000 FREEZE 0.000
2317 0 1.7897 WEAKEN 0.338
2318 0 1.7169 PASS 1.000
2319 0 1.8219 WEAKEN 0.536
2320 0 1.6436 WEAKEN 0.780
2321 0 1.6850 WEAKEN 0.742
2322 0 1.5276 WEAKEN 0.444
2323 0 1.0319 WEAKEN 0.374
2324 0 1.0178 WEAKEN 0.597
2325 0 1.7603 FREEZE 0.000
2326 0 1.9197 FREEZE 0.000
2327 0 1.7979 WEAKEN 0.240
2328 0 1.4346 WEAKEN 0.688
2329 0 1.2453 WEAKEN 0.936
2330 0 1.9869 FREEZE 0.000
2331 0 1.4137 WEAKEN 0.572
2332 1 2.2197 FREEZE 0.000
2333 0 1.4740 WEAKEN 0.760
2334 0 1.3180 WEAKEN 0.752
2335 0 2.2100 WEAKEN 0.395
2336 0 2.0074 WEAKEN 0.385
2337 0 1.6454 WEAKEN 0.186
2338 0 1.5672 FREEZE 0.000
2339 0 1.5234 WEAKEN 0.333
2340 0 1.4183 WEAKEN 0.560
2341 0 2.0183 WEAKEN 0.501
2342 0 1.6385 WEAKEN 0.333
2343 0 1.8769 WEAKEN 0.244
2344 0 1.6367 FREEZE 0.000
2345 0 2.0799 FREEZE 0.000
2346 0 1.5761 WEAKEN 0.009
2347 0 1.4117 WEAKEN 0.883
2348 0 1.5361 WEAKEN 0.941
2349 0 1.9510 FREEZE 0.000
2350 0 1.4363 WEAKEN 0.737
2351 0 2.1387 FREEZE 0.000
2352 0 1.8323 WEAKEN 0.464
2353 0 1.6167 WEAKEN 0.083
2354 0 1.6299 FREEZE 0.000
2355 0 1.2140 FREEZE 0.000
2356 0 1.3017 WEAKEN 0.543
2357 0 1.3315 PASS 1.000
2358 0 1.2913 PASS 1.000
2359 0 1.7481 WEAKEN 0.805
2360 0 1.5314 WEAKEN 0.064
2361 0 1.4613 WEAKEN 0.815
2362 0 1.2266 WEAKEN 0.471
2363 0 1.2990 WEAKEN 0.965
2364 1 2.2709 SILENCE 0.000
2365 0 1.7390 FREEZE 0.000
2366 0 1.5823 PASS 1.000
2367 1 2.4316 FREEZE 0.000
2368 0 2.0954 FREEZE 0.000
2369 0 2.1488 WEAKEN 0.077
2370 0 1.9239 WEAKEN 0.571
2371 0 1.2840 WEAKEN 0.553
2372 1 2.4176 FREEZE 0.000
2373 0 1.7551 WEAKEN 0.667
2374 0 2.2810 FREEZE 0.000
2375 0 2.0859 FREEZE 0.000
2376 0 1.3959 WEAKEN 0.063
2377 0 1.7395 WEAKEN 0.380
2378 0 1.6806 PASS 1.000
2379 0 2.5308 WEAKEN 0.219
2380 0 2.0909 SILENCE 0.000
2381 0 2.0628 WEAKEN 0.243
2382 0 1.7364 WEAKEN 0.669
2383 0 1.7055 WEAKEN 0.769
2384 0 1.6038 WEAKEN 0.844
2385 1 7.1305 SILENCE 0.000
2386 0 1.6663 PASS 1.000
2387 0 1.3291 WEAKEN 0.840
2388 1 2.2814 SCAR 0.000
2389 0 1.4864 PASS 1.000
2390 0 1.5689 PASS 1.000
2391 0 1.9867 FREEZE 0.000
2392 0 1.7592 WEAKEN 0.109
2393 0 1.8234 WEAKEN 0.163
2394 0 1.8447 FREEZE 0.000
2395 0 1.4218 WEAKEN 0.443
2396 1 2.7846 SCAR 0.000
2397 0 1.2517 PASS 1.000
2398 0 1.8490 WEAKEN 1.000
2399 0 1.5510 WEAKEN 0.531
2400 0 1.3532 WEAKEN 0.104
2401 0 1.3354 WEAKEN 0.863
2402 0 1.3774 WEAKEN 0.387
2403 0 1.5830 WEAKEN 0.550
2404 0 1.7753 WEAKEN 0.522
2405 0 1.5146 WEAKEN 0.465
2406 0 1.3435 WEAKEN 0.437
2407 0 1.9371 WEAKEN 0.736
2408 0 1.6270 WEAKEN 0.452
2409 0 1.8598 WEAKEN 0.220
2410 0 2.0350 FREEZE 0.000
2411 0 1.5790 WEAKEN 0.835
2412 0 1.8463 WEAKEN 0.423
2413 0 1.4686 WEAKEN 0.668
2414 0 1.6184 WEAKEN 0.403
2415 0 1.8665 WEAKEN 0.880
2416 0 1.2482 WEAKEN 0.930
2417 0 1.5411 WEAKEN 0.595
2418 0 2.1024 FREEZE 0.000
2419 0 2.1109 WEAKEN 0.358
2420 0 1.4310 WEAKEN 0.705
2421 0 2.2763 FREEZE 0.000
2422 0 1.5707 WEAKEN 0.379
2423 0 1.1679 WEAKEN 0.378
2424 0 1.2243 WEAKEN 0.813
2425 0 1.1564 WEAKEN 0.625
2426 0 1.5656 PASS 1.000
2427 0 2.1864 FREEZE 0.000
2428 1 2.2177 FREEZE 0.000
2429 0 1.9013 FREEZE 0.000
2430 0 1.8679 WEAKEN 0.978
2431 1 6.5947 FREEZE 0.000
2432 0 1.6361 WEAKEN 0.853
2433 0 1.5952 WEAKEN 0.597
2434 0 1.6025 WEAKEN 0.068
2435 0 1.6930 WEAKEN 0.211
2436 0 1.7074 WEAKEN 0.205
2437 0 2.0568 FREEZE 0.000
2438 0 2.0588 WEAKEN 0.916
2439 0 1.9949 FREEZE 0.000
2440 0 1.5280 WEAKEN 0.477
2441 0 1.6061 WEAKEN 0.448
2442 0 1.7080 FREEZE 0.000
2443 0 1.7236 WEAKEN 0.468
2444 0 1.5177 WEAKEN 0.331
2445 0 1.9641 PASS 1.000
2446 0 1.7473 PASS 1.000
2447 0 2.0533 FREEZE 0.000
2448 1 2.4293 SCAR 0.000
2449 0 2.0721 FREEZE 0.000
2450 1 2.6503 SCAR 0.000
2451 0 1.9820 WEAKEN 0.374
2452 0 2.0442 WEAKEN 0.372
2453 0 1.4073 WEAKEN 0.803
2454 0 1.5088 PASS 1.000
2455 0 1.7069 WEAKEN 0.783
2456 0 1.2685 WEAKEN 0.830
2457 0 1.3451 WEAKEN 0.337
2458 0 2.4911 SCAR 0.000
2459 0 1.5497 WEAKEN 0.476
2460 0 1.3369 WEAKEN 0.548
2461 0 1.4383 WEAKEN 0.894
2462 0 1.4506 WEAKEN 0.637
2463 0 1.6421 WEAKEN 0.517
2464 0 1.3665 WEAKEN 0.199
2465 0 1.8360 WEAKEN 0.316
2466 0 1.5323 PASS 1.000
2467 0 1.5352 WEAKEN 0.266
2468 0 1.8028 WEAKEN 0.270
2469 0 1.2234 WEAKEN 0.965
2470 0 1.5932 WEAKEN 0.673
2471 0 1.8902 FREEZE 0.000
2472 0 1.5840 WEAKEN 0.883
2473 0 1.8720 WEAKEN 0.433
2474 0 1.3565 PASS 1.000
2475 0 1.1811 WEAKEN 0.671
2476 0 1.6110 WEAKEN 0.856
2477 0 2.2805 WEAKEN 0.388
2478 0 1.7486 WEAKEN 0.638
2479 0 1.3013 WEAKEN 0.913
2480 0 1.6851 WEAKEN 0.102
2481 0 1.9880 WEAKEN 0.378
2482 0 1.5686 WEAKEN 0.573
2483 0 1.9406 FREEZE 0.000
2484 0 1.5405 WEAKEN 0.786
2485 1 2.3688 FREEZE 0.000
2486 0 2.0158 WEAKEN 0.814
2487 0 1.7053 WEAKEN 0.790
2488 0 1.8778 WEAKEN 0.808
2489 0 1.5070 WEAKEN 0.261
2490 1 2.3670 FREEZE 0.000
2491 0 1.4495 WEAKEN 0.585
2492 0 1.4881 WEAKEN 0.322
2493 0 1.6964 WEAKEN 0.014
2494 0 1.9372 FREEZE 0.000
2495 0 1.3029 WEAKEN 0.890
2496 0 1.4976 WEAKEN 0.881
2497 0 2.1273 FREEZE 0.000
2498 0 1.6214 PASS 1.000
2499 0 1.5885 PASS 1.000
2500 0 1.5616 WEAKEN 0.319
2501 0 1.6078 PASS 1.000
2502 0 1.3852 WEAKEN 0.489
2503 0 1.7080 WEAKEN 0.154
2504 0 1.5727 WEAKEN 0.676
2505 0 1.3701 PASS 1.000
2506 0 1.7590 WEAKEN 0.838
2507 0 2.4753 FREEZE 0.000
2508 0 2.1754 FREEZE 0.000
2509 0 2.2068 FREEZE 0.000
2510 0 1.8856 FREEZE 0.000
2511 0 1.7971 WEAKEN 0.451
2512 0 1.9710 FREEZE 0.000
2513 0 1.7095 WEAKEN 0.623
2514 0 1.8983 WEAKEN 0.268
2515 0 1.8102 FREEZE 0.000
2516 0 1.9247 WEAKEN 0.930
2517 0 1.7239 WEAKEN 0.548
2518 0 1.5284 SCAR 0.000
2519 0 2.4363 FREEZE 0.000
2520 0 2.1265 FREEZE 0.000
2521 0 1.6104 WEAKEN 0.632
2522 0 1.4870 PASS 1.000
2523 0 1.4928 FREEZE 0.000
2524 0 1.4637 PASS 1.000
2525 0 1.8926 WEAKEN 0.153
2526 0 1.4471 PASS 1.000
2527 0 1.0665 PASS 1.000
2528 0 1.8754 PASS 1.000
2529 1 2.3782 FREEZE 0.000
2530 0 1.7954 SCAR 0.000
2531 0 1.8798 WEAKEN 0.341
2532 0 2.0814 WEAKEN 0.360
2533 0 1.5523 WEAKEN 0.417
2534 0 1.7677 WEAKEN 0.092
2535 0 1.8276 WEAKEN 0.776
2536 0 1.7378 WEAKEN 0.586
2537 0 1.6352 WEAKEN 0.646
2538 0 1.6429 PASS 1.000
2539 0 1.9526 WEAKEN 0.473
2540 0 1.2013 WEAKEN 0.586
2541 0 1.6110 FREEZE 0.000
2542 0 1.6821 WEAKEN 0.572
2543 0 1.6845 WEAKEN 0.189
2544 0 1.9438 FREEZE 0.000
2545 0 1.7090 WEAKEN 0.087
2546 0 1.6090 FREEZE 0.000
2547 0 1.5082 WEAKEN 0.877
2548 0 1.7575 FREEZE 0.000
2549 0 1.8368 WEAKEN 0.093
2550 0 2.1242 WEAKEN 0.328
2551 0 2.2032 FREEZE 0.000
2552 0 1.6927 WEAKEN 0.418
2553 0 1.6509 WEAKEN 0.570
2554 0 2.2876 FREEZE 0.000
2555 1 2.6249 FREEZE 0.000
2556 0 1.6022 PASS 1.000
2557 0 1.1718 WEAKEN 0.554
2558 0 1.6995 PASS 1.000
2559 0 2.2535 FREEZE 0.000
2560 0 2.2351 FREEZE 0.000
2561 0 1.7685 WEAKEN 0.419
2562 0 1.6709 WEAKEN 0.485
2563 0 2.2751 WEAKEN 0.239
2564 0 1.2708 WEAKEN 0.910
2565 0 1.7804 WEAKEN 0.372
2566 0 1.4821 WEAKEN 0.011
2567 0 1.6987 WEAKEN 0.755
2568 0 2.0367 FREEZE 0.000
2569 0 1.5992 WEAKEN 0.760
2570 0 1.8777 WEAKEN 0.617
2571 0 1.5596 FREEZE 0.000
2572 0 1.4458 WEAKEN 0.501
2573 0 2.4974 FREEZE 0.000
2574 1 2.4371 FREEZE 0.000
2575 1 2.5818 SCAR 0.000
2576 0 1.3617 WEAKEN 0.364
2577 0 1.6775 WEAKEN 0.778
2578 0 1.6857 WEAKEN 0.400
2579 0 2.0631 WEAKEN 0.480
2580 0 1.5434 WEAKEN 0.135
2581 0 1.4961 WEAKEN 0.296
2582 0 2.0621 WEAKEN 0.334
2583 0 1.2620 WEAKEN 0.325
2584 0 2.0027 SCAR 0.000
2585 0 1.4982 WEAKEN 0.306
2586 1 2.2165 FREEZE 0.000
2587 0 1.8346 FREEZE 0.000
2588 0 2.0339 WEAKEN 0.089
2589 1 2.4380 FREEZE 0.000
2590 0 1.9217 FREEZE 0.000
2591 0 1.6939 WEAKEN 0.945
2592 0 2.1199 FREEZE 0.000
2593 0 1.4041 PASS 1.000
2594 0 1.9393 FREEZE 0.000
2595 0 1.9886 WEAKEN 0.059
2596 0 1.8178 WEAKEN 0.385
2597 0 1.7395 WEAKEN 0.266
2598 0 1.5929 WEAKEN 0.260
2599 0 1.6662 WEAKEN 0.400
2600 0 1.5727 WEAKEN 0.726
2601 0 1.6033 WEAKEN 0.658
2602 0 2.2870 FREEZE 0.000
2603 0 1.3242 WEAKEN 0.600
2604 0 2.4841 FREEZE 0.000
2605 0 1.6097 WEAKEN 0.808
2606 0 1.8148 FREEZE 0.000
2607 0 1.6886 WEAKEN 0.572
2608 0 2.0117 WEAKEN 0.103
2609 0 1.6928 WEAKEN 0.707
2610 1 2.3588 FREEZE 0.000
2611 0 1.9616 WEAKEN 0.409
2612 0 2.0131 FREEZE 0.000
2613 0 1.3993 WEAKEN 0.355
2614 0 1.8808 WEAKEN 0.152
2615 0 2.0047 WEAKEN 0.087
2616 0 1.7384 FREEZE 0.000
2617 0 1.5795 PASS 1.000
2618 0 1.3465 PASS 1.000
2619 0 1.8405 FREEZE 0.000
2620 0 1.0620 WEAKEN 0.912
2621 0 1.3063 WEAKEN 0.670
2622 0 1.8217 WEAKEN 0.870
2623 0 1.4667 WEAKEN 0.564
2624 0 2.5022 FREEZE 0.000
2625 0 1.5441 PASS 1.000
2626 0 1.8492 WEAKEN 0.311
2627 0 1.8448 WEAKEN 0.491
2628 0 1.3052 PASS 1.000
2629 0 1.7769 WEAKEN 0.408
2630 0 1.1212 WEAKEN 0.613
2631 0 1.7802 WEAKEN 0.822
2632 0 1.4883 WEAKEN 0.604
2633 0 1.4762 WEAKEN 0.839
2634 0 1.6550 WEAKEN 0.833
2635 0 1.9820 WEAKEN 0.800
2636 0 1.7214 WEAKEN 0.987
2637 1 2.5554 FREEZE 0.000
2638 0 1.7848 WEAKEN 0.126
2639 1 8.1667 FREEZE 0.000
2640 0 2.0581 WEAKEN 0.227
2641 0 1.7811 WEAKEN 0.821
2642 0 1.2792 WEAKEN 0.833
2643 0 1.6392 PASS 1.000
2644 0 2.3509 WEAKEN 0.042
2645 0 1.4643 PASS 1.000
2646 0 1.5934 WEAKEN 0.727
2647 1 2.2658 FREEZE 0.000
2648 0 1.5638 WEAKEN 0.368
2649 0 1.7561 WEAKEN 0.164
2650 0 1.3301 FREEZE 0.000
2651 0 2.6012 FREEZE 0.000
2652 0 1.9292 WEAKEN 0.374
2653 0 1.2464 WEAKEN 0.779
2654 1 2.3188 SCAR 0.000
2655 0 1.8059 WEAKEN 0.877
2656 0 1.4720 PASS 1.000
2657 0 1.4812 PASS 1.000
2658 0 1.7029 PASS 1.000
2659 1 8.6789 FREEZE 0.000
2660 0 1.6796 WEAKEN 0.108
2661 1 2.5412 SCAR 0.000
2662 0 1.6749 WEAKEN 0.675
2663 0 1.5180 WEAKEN 0.547
2664 0 1.8819 WEAKEN 0.749
2665 0 1.4127 WEAKEN 0.852
2666 0 1.9050 WEAKEN 0.057
2667 1 2.4025 FREEZE 0.000
2668 1 2.3588 DARK 0.000
2669 0 1.8555 WEAKEN 0.427
2670 0 2.3052 FREEZE 0.000
2671 0 1.4091 WEAKEN 0.597
2672 0 2.5364 FREEZE 0.000
2673 0 1.8763 FREEZE 0.000
2674 0 1.9129 WEAKEN 0.109
2675 0 1.3661 WEAKEN 0.766
2676 0 1.2015 WEAKEN 0.198
2677 0 1.9107 WEAKEN 0.675
2678 0 1.7065 WEAKEN 0.214
2679 0 2.1380 FREEZE 0.000
2680 0 1.5170 WEAKEN 0.471
2681 0 1.4275 WEAKEN 0.629
2682 0 1.5516 WEAKEN 0.831
2683 0 1.6883 WEAKEN 0.643
2684 0 1.5044 WEAKEN 0.739
2685 0 1.8254 FREEZE 0.000
2686 0 1.8198 FREEZE 0.000
2687 0 1.4783 PASS 1.000
2688 0 1.7449 WEAKEN 0.897
2689 0 1.3325 WEAKEN 0.713
2690 0 1.6760 WEAKEN 0.957
2691 0 1.7363 WEAKEN 0.900
2692 0 2.0330 WEAKEN 0.220
2693 0 1.7806 WEAKEN 0.209
2694 0 1.5596 WEAKEN 0.676
2695 0 1.5779 WEAKEN 0.222
2696 0 1.6228 WEAKEN 0.143
2697 0 1.8307 WEAKEN 0.367
2698 0 1.4968 WEAKEN 0.591
2699 0 1.3718 WEAKEN 0.580
2700 0 1.3938 PASS 1.000
2701 0 2.2571 FREEZE 0.000
2702 0 1.9069 WEAKEN 0.028
2703 0 1.5078 WEAKEN 0.197
2704 0 2.0619 WEAKEN 0.289
2705 0 1.2352 WEAKEN 0.822
2706 0 1.8015 FREEZE 0.000
2707 1 2.3458 FREEZE 0.000
2708 0 1.7336 WEAKEN 0.680
2709 0 1.3823 WEAKEN 0.566
2710 1 2.7909 SCAR 0.000
2711 1 2.2894 FREEZE 0.000
2712 0 1.3031 WEAKEN 0.187
2713 0 1.7686 WEAKEN 0.065
2714 1 2.2516 FREEZE 0.000
2715 0 2.0842 WEAKEN 0.096
2716 0 1.6646 WEAKEN 0.533
2717 0 1.8547 WEAKEN 0.344
2718 0 1.1566 PASS 1.000
2719 0 2.1265 WEAKEN 0.818
2720 0 1.6706 WEAKEN 0.536
2721 0 1.6624 WEAKEN 0.837
2722 1 2.3265 FREEZE 0.000
2723 0 1.6025 WEAKEN 0.558
2724 0 1.8569 PASS 1.000
2725 0 1.6136 WEAKEN 0.897
2726 0 2.0452 FREEZE 0.000
2727 0 1.4847 WEAKEN 0.424
2728 0 1.1671 WEAKEN 0.366
2729 1 2.2077 SCAR 0.000
2730 0 1.4027 WEAKEN 0.426
2731 0 1.8596 WEAKEN 0.087
2732 0 1.6970 WEAKEN 0.580
2733 0 1.3382 WEAKEN 0.798
2734 0 1.9169 WEAKEN 0.179
2735 0 1.4296 PASS 1.000
2736 0 1.7899 WEAKEN 0.484
2737 0 1.6161 WEAKEN 0.965
2738 1 2.2806 FREEZE 0.000
2739 0 2.0126 WEAKEN 0.938
2740 0 1.8490 FREEZE 0.000
2741 0 1.8814 WEAKEN 0.347
2742 0 1.7207 FREEZE 0.000
2743 0 1.5250 WEAKEN 0.924
2744 0 1.7642 WEAKEN 0.650
2745 0 1.4359 WEAKEN 0.575
2746 0 1.4988 WEAKEN 0.583
2747 0 1.4244 WEAKEN 0.968
2748 0 2.0247 WEAKEN 0.262
2749 0 1.7303 WEAKEN 0.292
2750 0 2.0718 FREEZE 0.000
2751 0 1.6361 WEAKEN 0.479
2752 0 1.8367 WEAKEN 0.625
2753 0 1.7699 WEAKEN 0.731
2754 0 2.1239 WEAKEN 0.168
2755 1 2.4038 FREEZE 0.000
2756 0 1.4690 WEAKEN 0.623
2757 0 1.3038 WEAKEN 0.600
2758 0 1.2491 WEAKEN 0.665
2759 0 1.1039 WEAKEN 0.602
2760 0 1.7513 WEAKEN 0.920
2761 0 1.9524 FREEZE 0.000
2762 0 1.5765 PASS 1.000
2763 1 2.5549 SCAR 0.000
2764 1 2.1884 FREEZE 0.000
2765 1 7.5093 SILENCE 0.000
2766 0 1.8981 WEAKEN 0.430
2767 0 1.5695 FREEZE 0.000
2768 0 1.6684 FREEZE 0.000
2769 0 1.4610 WEAKEN 0.360
2770 0 1.1822 WEAKEN 0.870
2771 0 2.0512 WEAKEN 0.013
2772 0 2.4719 FREEZE 0.000
2773 0 1.2864 WEAKEN 0.793
2774 0 2.4073 WEAKEN 0.148
2775 0 1.4591 PASS 1.000
2776 0 1.7665 WEAKEN 0.434
2777 0 1.9813 FREEZE 0.000
2778 1 2.6645 FREEZE 0.000
2779 0 2.1953 WEAKEN 0.113
2780 0 1.6061 WEAKEN 0.239
2781 0 1.4061 WEAKEN 0.731
2782 0 1.5617 WEAKEN 0.831
2783 0 1.7503 FREEZE 0.000
2784 0 1.4704 WEAKEN 0.897
2785 0 1.5697 WEAKEN 0.821
2786 1 2.2389 FREEZE 0.000
2787 0 1.6019 WEAKEN 0.479
2788 0 1.4561 WEAKEN 0.577
2789 0 1.8375 WEAKEN 0.033
2790 0 1.7371 FREEZE 0.000
2791 0 1.3990 WEAKEN 0.762
2792 0 1.4979 WEAKEN 0.377
2793 0 1.5331 WEAKEN 0.772
2794 0 1.8633 WEAKEN 0.087
2795 0 1.9247 WEAKEN 0.224
2796 1 2.2485 SCAR 0.000
2797 0 1.5156 WEAKEN 0.725
2798 0 1.8945 WEAKEN 0.425
2799 0 2.1979 FREEZE 0.000
2800 0 1.8086 WEAKEN 0.969
2801 0 1.9469 WEAKEN 0.072
2802 0 1.8876 WEAKEN 0.225
2803 0 1.3494 PASS 1.000
2804 0 2.1579 WEAKEN 0.182
2805 0 1.4625 WEAKEN 0.726
2806 0 1.3863 PASS 1.000
2807 0 1.4651 PASS 1.000
2808 0 1.2792 FREEZE 0.000
2809 0 2.4662 WEAKEN 0.007
2810 0 1.6239 WEAKEN 0.017
2811 0 1.1170 WEAKEN 0.831
2812 0 1.9003 WEAKEN 0.658
2813 0 1.8302 WEAKEN 0.174
2814 0 2.0999 WEAKEN 0.170
2815 1 2.2759 FREEZE 0.000
2816 0 1.5150 WEAKEN 0.769
2817 0 1.4853 FREEZE 0.000
2818 0 1.3990 WEAKEN 0.447
2819 0 1.3494 PASS 1.000
2820 0 2.3453 FREEZE 0.000
2821 0 1.5147 WEAKEN 0.727
2822 0 2.0541 FREEZE 0.000
2823 0 1.3806 WEAKEN 0.960
2824 0 1.8897 WEAKEN 0.219
2825 1 7.6641 FREEZE 0.000
2826 0 1.4803 WEAKEN 0.557
2827 0 2.1717 WEAKEN 0.282
2828 0 2.6143 FREEZE 0.000
2829 0 1.7755 WEAKEN 0.260
2830 0 1.9877 FREEZE 0.000
2831 0 1.5387 WEAKEN 0.308
2832 0 2.0754 WEAKEN 0.732
2833 0 1.6549 WEAKEN 0.269
2834 0 1.3214 WEAKEN 0.604
2835 0 1.6965 WEAKEN 0.757
2836 0 1.4812 WEAKEN 0.496
2837 0 1.5657 WEAKEN 0.340
2838 0 2.4168 FREEZE 0.000
2839 0 2.1008 FREEZE 0.000
2840 0 2.5881 FREEZE 0.000
2841 0 1.4503 WEAKEN 0.825
2842 0 1.6697 WEAKEN 0.491
2843 0 1.3230 WEAKEN 0.872
2844 0 1.8106 WEAKEN 0.172
2845 0 1.6684 WEAKEN 0.929
2846 0 1.4344 WEAKEN 0.520
2847 0 1.9181 WEAKEN 0.223
2848 0 2.6066 FREEZE 0.000
2849 0 1.7501 WEAKEN 0.430
2850 0 1.4265 PASS 1.000
2851 0 1.4821 PASS 1.000
2852 1 2.6583 FREEZE 0.000
2853 0 1.0918 WEAKEN 0.898
2854 0 1.2165 WEAKEN 0.730
2855 1 7.7136 FREEZE 0.000
2856 0 1.1863 PASS 1.000
2857 0 1.7403 WEAKEN 0.439
2858 1 2.1926 FREEZE 0.000
2859 1 8.3175 FREEZE 0.000
2860 0 1.7424 WEAKEN 0.195
2861 0 1.8982 WEAKEN 0.289
2862 0 1.3330 WEAKEN 0.825
2863 0 1.7238 WEAKEN 0.630
2864 0 1.2017 WEAKEN 0.539
2865 0 1.4944 WEAKEN 0.955
2866 1 7.3448 FREEZE 0.000
2867 0 1.6794 WEAKEN 0.622
2868 0 1.8578 WEAKEN 0.249
2869 0 1.6063 WEAKEN 0.760
2870 0 1.6580 WEAKEN 0.305
2871 0 2.4967 WEAKEN 0.157
2872 0 1.8268 WEAKEN 0.374
2873 0 1.5855 WEAKEN 0.528
2874 0 1.4791 WEAKEN 0.677
2875 0 1.4036 WEAKEN 0.672
2876 0 1.7427 WEAKEN 0.296
2877 0 1.2956 PASS 1.000
2878 0 2.2031 WEAKEN 0.019
2879 0 2.1867 FREEZE 0.000
2880 0 1.5475 WEAKEN 0.840
2881 0 1.8333 WEAKEN 0.469
2882 0 1.5790 WEAKEN 0.245
2883 0 1.7669 WEAKEN 0.182
2884 0 1.7296 WEAKEN 0.757
2885 0 1.6492 WEAKEN 0.638
2886 0 1.6266 WEAKEN 0.312
2887 0 1.7803 WEAKEN 0.499
2888 0 1.4672 PASS 1.000
2889 0 1.7146 WEAKEN 0.750
2890 1 2.3271 FREEZE 0.000
2891 0 1.8813 FREEZE 0.000
2892 0 1.5646 WEAKEN 0.918
2893 0 1.7946 WEAKEN 0.753
2894 0 1.8306 WEAKEN 0.373
2895 0 1.4728 WEAKEN 0.780
2896 1 7.6621 FREEZE 0.000
2897 0 1.7026 WEAKEN 0.835
2898 0 1.6607 WEAKEN 0.485
2899 0 1.4013 WEAKEN 0.994
2900 0 1.6334 WEAKEN 0.831
2901 0 1.4751 WEAKEN 0.856
2902 1 2.1431 SCAR 0.000
2903 0 2.0155 WEAKEN 0.598
2904 0 1.3556 WEAKEN 0.587
2905 0 2.0089 FREEZE 0.000
2906 1 2.5594 SCAR 0.000
2907 0 1.7330 WEAKEN 0.534
2908 1 2.7027 FREEZE 0.000
2909 0 1.9208 WEAKEN 0.107
2910 0 1.6313 WEAKEN 0.372
2911 1 7.6915 FREEZE 0.000
2912 0 2.2480 FREEZE 0.000
2913 0 1.4822 WEAKEN 0.761
2914 0 1.6331 WEAKEN 0.940
2915 0 2.1488 WEAKEN 0.278
2916 0 1.9156 WEAKEN 0.006
2917 0 2.1829 WEAKEN 0.038
2918 0 1.8610 FREEZE 0.000
2919 0 1.1737 WEAKEN 0.602
2920 0 1.3983 FREEZE 0.000
2921 0 1.8639 WEAKEN 0.573
2922 0 1.2975 WEAKEN 0.946
2923 0 1.4398 WEAKEN 0.881
2924 0 1.8295 WEAKEN 0.351
2925 0 1.2900 PASS 1.000
2926 0 1.2662 PASS 1.000
2927 0 2.1565 FREEZE 0.000
2928 0 1.4559 WEAKEN 0.260
2929 0 1.7338 WEAKEN 0.250
2930 1 2.3266 FREEZE 0.000
2931 0 1.3753 WEAKEN 0.726
2932 0 1.2699 WEAKEN 0.877
2933 0 1.3765 WEAKEN 0.984
2934 0 1.3378 WEAKEN 0.723
2935 1 2.3874 SILENCE 0.000
2936 0 1.5404 WEAKEN 0.037
2937 0 2.0518 FREEZE 0.000
2938 1 8.0922 FREEZE 0.000
2939 1 2.5304 SCAR 0.000
2940 0 1.7743 WEAKEN 0.330
2941 0 1.3330 PASS 1.000
2942 0 1.6165 WEAKEN 0.572
2943 0 1.5989 WEAKEN 0.459
2944 0 1.4366 PASS 1.000
2945 0 1.9214 WEAKEN 0.403
2946 0 1.6751 WEAKEN 0.301
2947 0 1.8010 WEAKEN 0.746
2948 1 2.0089 FREEZE 0.000
2949 0 1.3345 WEAKEN 0.118
2950 0 1.8322 WEAKEN 0.670
2951 0 1.7521 FREEZE 0.000
2952 0 1.3921 WEAKEN 0.660
2953 0 1.8730 WEAKEN 0.260
2954 0 1.1578 WEAKEN 0.881
2955 0 1.7995 FREEZE 0.000
2956 0 1.2495 WEAKEN 0.763
2957 0 1.8762 FREEZE 0.000
2958 0 1.2807 WEAKEN 0.167
2959 0 1.3963 WEAKEN 0.748
2960 1 8.3489 FREEZE 0.000
2961 0 1.6372 WEAKEN 0.486
2962 0 1.6730 WEAKEN 0.418
2963 0 2.1425 FREEZE 0.000
2964 0 1.7484 WEAKEN 0.345
2965 0 2.6931 FREEZE 0.000
2966 0 1.2768 WEAKEN 0.480
2967 0 2.1597 WEAKEN 0.113
2968 0 1.6352 WEAKEN 0.609
2969 0 1.6118 WEAKEN 0.747
2970 0 1.7116 WEAKEN 0.144
2971 0 2.2313 FREEZE 0.000
2972 0 1.6513 WEAKEN 0.410
2973 0 1.5674 WEAKEN 0.245
2974 0 1.4120 WEAKEN 0.949
2975 0 1.9615 FREEZE 0.000
2976 0 1.5658 WEAKEN 0.705
2977 0 1.6555 WEAKEN 0.587
2978 0 0.9928 WEAKEN 0.619
2979 0 1.4187 FREEZE 0.000
2980 0 1.5369 WEAKEN 0.372
2981 0 1.5425 WEAKEN 0.688
2982 0 1.7408 WEAKEN 0.028
2983 0 1.6323 WEAKEN 0.409
2984 0 1.6468 PASS 1.000
2985 0 1.8789 FREEZE 0.000
2986 0 2.2011 WEAKEN 0.207
2987 0 1.6339 WEAKEN 0.128
2988 0 1.4188 WEAKEN 0.473
2989 0 1.7402 WEAKEN 0.534
2990 0 1.8429 FREEZE 0.000
2991 0 1.8394 WEAKEN 0.410
2992 0 1.4073 WEAKEN 0.808
2993 0 1.7917 WEAKEN 0.630
2994 1 2.4895 SCAR 0.000
2995 1 2.3309 FREEZE 0.000
2996 0 1.6291 WEAKEN 0.503
2997 0 2.0683 FREEZE 0.000
2998 0 1.5837 FREEZE 0.000
2999 0 1.8915 FREEZE 0.000
3000 0 1.6224 WEAKEN 0.762
3001 0 1.5101 WEAKEN 0.786
3002 0 1.9015 WEAKEN 0.498
3003 0 1.5699 PASS 1.000
3004 0 1.8404 FREEZE 0.000
3005 0 1.6629 PASS 1.000
3006 0 1.4894 WEAKEN 0.366
3007 0 1.8432 WEAKEN 0.955
3008 1 2.2528 FREEZE 0.000
3009 0 1.7668 WEAKEN 0.513
3010 1 2.5107 FREEZE 0.000
3011 0 2.0406 WEAKEN 0.074
3012 0 1.4582 PASS 1.000
3013 1 2.3248 SCAR 0.000
3014 0 2.0266 WEAKEN 0.521
3015 0 1.7878 WEAKEN 0.081
3016 0 1.4848 WEAKEN 0.961
3017 0 1.3167 WEAKEN 0.651
3018 0 1.3033 WEAKEN 0.596
3019 1 7.4640 FREEZE 0.000
3020 0 1.4131 WEAKEN 0.876
3021 0 1.0681 PASS 1.000
3022 0 1.6652 WEAKEN 0.690
3023 0 0.8811 WEAKEN 0.705
3024 0 1.7561 WEAKEN 0.722
3025 0 1.5734 WEAKEN 0.728
3026 0 1.8062 WEAKEN 0.044
3027 0 1.2269 WEAKEN 0.603
3028 0 1.5642 WEAKEN 0.110
3029 0 2.2162 FREEZE 0.000
3030 0 1.8283 WEAKEN 0.827
3031 0 1.7321 WEAKEN 0.783
3032 0 1.2538 WEAKEN 0.376
3033 0 1.7853 WEAKEN 0.524
3034 1 2.1984 FREEZE 0.000
3035 1 2.6396 FREEZE 0.000
3036 0 1.4217 WEAKEN 0.704
3037 0 1.4578 WEAKEN 0.181
3038 0 1.8037 WEAKEN 0.624
3039 0 1.8096 WEAKEN 0.171
3040 0 1.0830 WEAKEN 0.998
3041 0 1.4648 WEAKEN 0.835
3042 1 2.3873 FREEZE 0.000
3043 0 1.8937 WEAKEN 0.747
3044 0 1.4821 WEAKEN 0.243
3045 0 1.9787 FREEZE 0.000
3046 0 1.3569 WEAKEN 0.934
3047 0 1.2803 PASS 1.000
3048 0 1.3791 WEAKEN 0.670
3049 1 2.3080 SCAR 0.000
3050 0 1.4711 WEAKEN 0.266
3051 0 2.1164 SILENCE 0.000
3052 0 1.7580 PASS 1.000
3053 0 1.9655 WEAKEN 0.589
3054 0 2.3226 WEAKEN 0.371
3055 0 1.8143 WEAKEN 0.302
3056 0 1.9067 WEAKEN 0.173
3057 0 1.7357 WEAKEN 0.430
3058 0 1.2767 WEAKEN 0.906
3059 0 1.5350 WEAKEN 0.881
3060 0 1.4982 WEAKEN 0.926
3061 0 1.6540 WEAKEN 0.859
3062 0 1.2567 WEAKEN 0.839
3063 0 1.5703 PASS 1.000
3064 0 1.3277 PASS 1.000
3065 0 1.0421 WEAKEN 0.833
3066 0 1.6947 FREEZE 0.000
3067 0 1.5415 WEAKEN 0.755
3068 0 1.7162 WEAKEN 0.729
3069 1 2.3508 SCAR 0.000
3070 0 1.6845 WEAKEN 0.192
3071 0 1.6710 WEAKEN 0.348
3072 0 1.8088 WEAKEN 0.381
3073 0 1.6059 WEAKEN 0.770
3074 0 1.3617 WEAKEN 0.868
3075 0 2.0560 WEAKEN 0.256
3076 0 1.5100 PASS 1.000
3077 1 3.4554 FREEZE 0.000
3078 0 1.6601 WEAKEN 0.528
3079 1 2.3634 SCAR 0.000
3080 0 2.1426 WEAKEN 0.037
3081 0 2.4429 WEAKEN 0.337
3082 0 2.0669 WEAKEN 0.007
3083 0 1.7453 WEAKEN 0.717
3084 1 8.4306 FREEZE 0.000
3085 0 1.6356 WEAKEN 0.442
3086 1 2.3979 SCAR 0.000
3087 0 1.2902 WEAKEN 0.639
3088 0 1.8876 WEAKEN 0.652
3089 1 2.3373 FREEZE 0.000
3090 1 7.5374 WEAKEN 0.077
3091 0 1.5727 WEAKEN 0.572
3092 0 1.6629 WEAKEN 0.293
3093 0 1.7596 FREEZE 0.000
3094 0 1.4937 WEAKEN 0.231
3095 0 1.8714 WEAKEN 0.053
3096 0 1.8367 FREEZE 0.000
3097 0 1.9048 FREEZE 0.000
3098 0 1.6829 WEAKEN 0.257
3099 0 1.8780 WEAKEN 0.266
3100 1 2.5359 SCAR 0.000
3101 0 1.4650 WEAKEN 0.155
3102 0 1.6415 WEAKEN 0.851
3103 0 1.3079 WEAKEN 0.647
3104 0 1.9680 WEAKEN 0.654
3105 0 1.5919 WEAKEN 0.847
3106 1 2.0951 SILENCE 0.000
3107 0 1.2033 WEAKEN 0.901
3108 0 1.4297 WEAKEN 0.489
3109 0 1.2288 PASS 1.000
3110 0 1.9946 FREEZE 0.000
3111 0 1.6064 PASS 1.000
3112 0 1.2461 WEAKEN 0.653
3113 0 1.4973 WEAKEN 0.349
3114 0 1.6997 WEAKEN 0.832
3115 0 2.0588 WEAKEN 0.255
3116 0 1.7132 WEAKEN 0.339
3117 0 1.9199 WEAKEN 0.810
3118 0 1.7608 WEAKEN 0.550
3119 0 1.3132 WEAKEN 0.908
3120 0 1.3184 WEAKEN 0.565
3121 0 1.7490 FREEZE 0.000
3122 0 1.9523 WEAKEN 0.359
3123 0 1.7431 FREEZE 0.000
3124 0 1.6429 WEAKEN 0.780
3125 1 2.1950 SILENCE 0.000
3126 1 2.2396 FREEZE 0.000
3127 0 1.8363 WEAKEN 0.496
3128 0 1.3543 PASS 1.000
3129 0 1.2501 WEAKEN 0.888
3130 0 1.3465 WEAKEN 0.086
3131 0 1.6619 FREEZE 0.000
3132 0 1.2350 WEAKEN 0.913
3133 0 2.0199 FREEZE 0.000
3134 0 1.8643 FREEZE 0.000
3135 0 1.5348 WEAKEN 0.381
3136 0 1.3817 WEAKEN 0.941
3137 0 1.6685 WEAKEN 0.994
3138 0 1.3944 WEAKEN 0.667
3139 0 1.3022 WEAKEN 0.935
3140 0 1.8320 WEAKEN 0.433
3141 0 1.5289 WEAKEN 0.620
3142 0 1.4065 PASS 1.000
3143 0 2.5885 WEAKEN 0.127
3144 0 1.9295 WEAKEN 0.677
3145 0 2.0528 WEAKEN 0.424
3146 0 1.1155 WEAKEN 0.935
3147 0 1.6547 WEAKEN 0.508
3148 1 2.3107 SCAR 0.000
3149 0 1.6423 WEAKEN 0.556
3150 0 1.8128 FREEZE 0.000
3151 0 1.2582 PASS 1.000
3152 0 1.2448 WEAKEN 0.174
3153 0 1.6878 WEAKEN 0.340
3154 0 1.4082 WEAKEN 0.632
3155 0 1.8162 WEAKEN 0.350
3156 0 1.5571 WEAKEN 0.605
3157 0 1.2871 WEAKEN 0.994
3158 0 1.5944 WEAKEN 0.541
3159 0 1.4975 WEAKEN 0.105
3160 0 1.7446 WEAKEN 0.001
3161 0 2.0038 FREEZE 0.000
3162 0 1.6398 WEAKEN 0.916
3163 1 2.2763 FREEZE 0.000
3164 0 1.5281 WEAKEN 0.194
3165 0 1.7823 PASS 1.000
3166 0 1.7006 WEAKEN 0.536
3167 0 1.5146 WEAKEN 0.719
3168 0 1.8500 WEAKEN 0.719
3169 0 1.2262 WEAKEN 0.253
3170 0 1.3725 WEAKEN 0.510
3171 0 2.0105 WEAKEN 0.040
3172 0 1.5805 WEAKEN 0.211
3173 0 2.2966 WEAKEN 0.085
3174 0 1.8882 WEAKEN 0.172
3175 0 1.4670 WEAKEN 0.376
3176 0 1.9887 FREEZE 0.000
3177 0 2.0407 WEAKEN 0.169
3178 0 1.3147 WEAKEN 0.169
3179 1 2.2796 FREEZE 0.000
3180 0 1.4716 WEAKEN 0.345
3181 0 1.3557 FREEZE 0.000
3182 1 2.3280 FREEZE 0.000
3183 0 1.5958 WEAKEN 0.624
3184 0 2.0882 WEAKEN 0.312
3185 0 1.3984 WEAKEN 0.875
3186 0 1.2751 WEAKEN 0.769
3187 0 1.7416 PASS 1.000
3188 0 1.3354 WEAKEN 0.543
3189 1 7.6580 FREEZE 0.000
3190 0 1.6131 WEAKEN 0.534
3191 0 1.2738 WEAKEN 0.818
3192 0 1.4775 WEAKEN 0.685
3193 0 1.6025 WEAKEN 0.690
3194 0 1.2570 WEAKEN 0.397
3195 0 1.4635 PASS 1.000
3196 0 1.3217 PASS 1.000
3197 0 1.7155 WEAKEN 0.169
3198 0 1.2567 WEAKEN 0.871
3199 0 1.4533 WEAKEN 0.711
3200 0 1.3008 WEAKEN 0.089
3201 0 1.2144 WEAKEN 0.430
3202 1 2.4483 SCAR 0.000
3203 1 2.3796 FREEZE 0.000
3204 1 2.3914 SCAR 0.000
3205 0 1.9895 WEAKEN 0.687
3206 1 2.2218 FREEZE 0.000
3207 0 1.6170 WEAKEN 0.432
3208 0 1.8138 WEAKEN 0.447
3209 0 1.4800 WEAKEN 0.554
3210 0 1.5701 WEAKEN 0.551
3211 0 1.9184 FREEZE 0.000
3212 0 2.1808 FREEZE 0.000
3213 0 1.8126 WEAKEN 0.657
3214 0 1.2710 PASS 1.000
3215 1 7.0856 SILENCE 0.000
3216 0 1.4326 WEAKEN 0.759
3217 0 1.6763 WEAKEN 0.793
3218 0 1.6125 WEAKEN 0.752
3219 0 1.5293 WEAKEN 0.540
3220 0 1.4485 FREEZE 0.000
3221 0 1.6563 WEAKEN 0.046
3222 0 1.5540 PASS 1.000
3223 0 1.7043 FREEZE 0.000
3224 0 2.1367 WEAKEN 0.204
3225 0 1.7337 WEAKEN 0.237
3226 0 1.4598 WEAKEN 0.611
3227 0 1.4656 WEAKEN 0.771
3228 0 1.2934 PASS 1.000
3229 0 1.4739 WEAKEN 0.329
3230 0 1.5147 WEAKEN 0.347
3231 0 1.4772 WEAKEN 0.530
3232 0 1.6205 WEAKEN 0.989
3233 0 1.7868 WEAKEN 0.087
3234 0 1.4621 WEAKEN 0.727
3235 0 1.9378 FREEZE 0.000
3236 0 1.6027 WEAKEN 0.740
3237 0 2.2512 FREEZE 0.000
3238 0 2.4788 WEAKEN 0.197
3239 0 1.4106 WEAKEN 0.553
3240 0 1.8727 FREEZE 0.000
3241 0 1.8571 WEAKEN 0.057
3242 0 1.5744 WEAKEN 0.527
3243 0 1.4373 WEAKEN 0.412
3244 0 1.9905 FREEZE 0.000
3245 0 1.9498 WEAKEN 0.162
3246 0 2.0996 WEAKEN 0.434
3247 0 1.4803 WEAKEN 0.211
3248 0 1.7159 WEAKEN 0.385
3249 0 1.7335 WEAKEN 0.725
3250 0 1.0927 WEAKEN 0.477
3251 0 1.7146 FREEZE 0.000
3252 0 1.8128 WEAKEN 0.013
3253 0 1.8982 WEAKEN 0.285
3254 0 1.2281 PASS 1.000
3255 0 1.2281 WEAKEN 0.759
3256 0 1.8589 WEAKEN 0.901
3257 0 1.4655 WEAKEN 0.601
3258 0 1.9162 WEAKEN 0.425
3259 0 1.5899 WEAKEN 0.986
3260 0 1.4021 WEAKEN 0.891
3261 0 1.5795 WEAKEN 0.761
3262 0 1.4955 WEAKEN 0.090
3263 0 1.6675 WEAKEN 0.015
3264 0 1.5051 WEAKEN 0.288
3265 0 1.8635 WEAKEN 0.534
3266 0 2.0074 FREEZE 0.000
3267 0 2.1599 FREEZE 0.000
3268 0 1.4496 WEAKEN 0.491
3269 0 1.5867 WEAKEN 0.774
3270 0 1.4372 WEAKEN 0.512
3271 0 1.9809 WEAKEN 0.303
3272 0 1.7247 WEAKEN 0.255
3273 0 2.1143 FREEZE 0.000
3274 0 1.6639 WEAKEN 0.476
3275 1 2.4591 SCAR 0.000
3276 0 1.7209 WEAKEN 0.389
3277 0 1.8718 WEAKEN 0.320
3278 0 2.1322 WEAKEN 0.202
3279 0 1.8527 WEAKEN 0.655
3280 0 1.5074 WEAKEN 0.803
3281 0 1.6377 WEAKEN 0.756
3282 0 1.5814 WEAKEN 0.043
3283 0 1.4755 WEAKEN 0.548
3284 0 1.2712 WEAKEN 0.623
3285 1 7.6160 FREEZE 0.000
3286 0 1.4700 WEAKEN 0.858
3287 0 1.7196 WEAKEN 0.208
3288 0 1.6966 WEAKEN 0.529
3289 0 1.3713 WEAKEN 0.441
3290 0 1.4467 WEAKEN 0.867
3291 0 1.7585 FREEZE 0.000
3292 0 1.6532 WEAKEN 0.256
3293 0 2.2039 WEAKEN 0.107
3294 0 1.6612 WEAKEN 0.661
3295 0 1.7038 WEAKEN 0.171
3296 1 2.3525 FREEZE 0.000
3297 0 1.4694 WEAKEN 0.769
3298 0 1.1805 WEAKEN 0.839
3299 0 1.5326 WEAKEN 0.389
3300 0 1.0103 WEAKEN 0.618
3301 0 1.9277 FREEZE 0.000
3302 0 1.9436 FREEZE 0.000
3303 0 1.9446 FREEZE 0.000
3304 0 1.3582 WEAKEN 0.845
3305 0 1.3298 WEAKEN 0.706
3306 0 2.1442 FREEZE 0.000
3307 0 1.7799 FREEZE 0.000
3308 0 1.4838 PASS 1.000
3309 0 1.9879 FREEZE 0.000
3310 0 1.7016 WEAKEN 0.177
3311 0 1.6869 WEAKEN 0.602
3312 0 1.5006 WEAKEN 0.229
3313 0 1.5046 WEAKEN 0.688
3314 0 1.8571 WEAKEN 0.303
3315 0 1.7009 WEAKEN 0.919
3316 0 1.7592 FREEZE 0.000
3317 0 1.5870 WEAKEN 0.308
3318 0 1.4210 PASS 1.000
3319 0 1.9185 WEAKEN 0.722
3320 0 1.4500 WEAKEN 0.648
3321 0 1.5050 WEAKEN 0.998
3322 0 1.4688 WEAKEN 0.645
3323 0 1.4735 WEAKEN 0.106
3324 0 2.3707 WEAKEN 0.133
3325 0 1.6154 WEAKEN 0.583
3326 0 1.9405 WEAKEN 0.621
3327 0 1.6825 FREEZE 0.000
3328 0 1.4761 WEAKEN 0.318
3329 0 1.6672 WEAKEN 0.780
3330 0 1.7916 WEAKEN 0.675
3331 0 1.5750 WEAKEN 0.653
3332 0 1.3553 WEAKEN 0.028
3333 0 1.5859 FREEZE 0.000
3334 0 1.7389 WEAKEN 0.575
3335 0 1.3643 WEAKEN 0.621
3336 0 1.5260 WEAKEN 0.543
3337 0 1.4560 WEAKEN 0.117
3338 0 1.9481 PASS 1.000
3339 0 1.8061 WEAKEN 0.282
3340 0 1.3574 WEAKEN 0.548
3341 1 7.7812 FREEZE 0.000
3342 0 1.4574 PASS 1.000
3343 0 1.5744 FREEZE 0.000
3344 0 1.0586 WEAKEN 0.599
3345 1 2.1093 FREEZE 0.000
3346 1 2.5954 FREEZE 0.000
3347 0 1.7885 WEAKEN 0.323
3348 1 7.8689 FREEZE 0.000
3349 0 1.2779 WEAKEN 0.726
3350 0 2.0580 WEAKEN 0.585
3351 1 2.2165 FREEZE 0.000
3352 0 1.6276 WEAKEN 0.934
3353 0 1.8799 FREEZE 0.000
3354 0 1.3606 WEAKEN 0.801
3355 0 1.6843 FREEZE 0.000
3356 0 2.2032 FREEZE 0.000
3357 0 1.1780 PASS 1.000
3358 0 1.7539 WEAKEN 0.480
3359 0 1.6280 WEAKEN 0.847
3360 0 1.4536 PASS 1.000
3361 0 1.6220 PASS 1.000
3362 1 2.1982 FREEZE 0.000
3363 0 1.1564 WEAKEN 0.525
3364 0 1.5888 WEAKEN 0.501
3365 0 1.1910 WEAKEN 0.928
3366 0 1.7913 WEAKEN 0.067
3367 0 1.4384 WEAKEN 0.987
3368 0 1.5356 WEAKEN 0.545
3369 0 1.6008 WEAKEN 0.732
3370 0 1.5503 WEAKEN 0.682
3371 0 1.4250 WEAKEN 0.024
3372 0 2.1628 WEAKEN 0.438
3373 1 2.4703 FREEZE 0.000
3374 0 2.0818 WEAKEN 0.122
3375 1 2.6088 FREEZE 0.000
3376 0 1.7588 WEAKEN 0.919
3377 1 7.1375 FREEZE 0.000
3378 0 1.9960 FREEZE 0.000
3379 0 1.8074 WEAKEN 0.294
3380 0 2.0787 WEAKEN 0.145
3381 0 1.5175 FREEZE 0.000
3382 0 1.7450 WEAKEN 0.800
3383 0 2.2286 FREEZE 0.000
3384 0 1.1325 WEAKEN 0.683
3385 0 1.8123 FREEZE 0.000
3386 0 1.6723 WEAKEN 0.904
3387 0 1.2488 WEAKEN 0.328
3388 0 1.3749 WEAKEN 0.661
3389 0 1.1247 WEAKEN 0.915
3390 0 2.0641 WEAKEN 0.011
3391 0 1.6846 WEAKEN 0.854
3392 0 1.2880 PASS 1.000
3393 0 1.5350 WEAKEN 0.311
3394 0 1.2054 WEAKEN 0.956
3395 0 1.5203 WEAKEN 0.477
3396 0 1.7614 WEAKEN 0.243
3397 0 1.2599 WEAKEN 0.466
3398 1 2.4691 FREEZE 0.000
3399 0 1.4231 WEAKEN 0.455
3400 0 1.4616 WEAKEN 0.465
3401 0 1.3351 WEAKEN 0.571
3402 0 1.7181 WEAKEN 0.998
3403 0 1.7776 FREEZE 0.000
3404 0 1.6934 FREEZE 0.000
3405 0 1.4027 WEAKEN 0.707
3406 0 2.1675 FREEZE 0.000
3407 0 1.8847 WEAKEN 0.154
3408 0 2.0340 WEAKEN 0.369
3409 0 1.2678 WEAKEN 0.573
3410 0 1.1940 WEAKEN 0.392
3411 0 1.9510 FREEZE 0.000
3412 1 2.1402 FREEZE 0.000
3413 0 1.7573 WEAKEN 0.416
3414 0 1.6362 WEAKEN 0.879
3415 0 1.8272 WEAKEN 0.186
3416 0 1.4846 WEAKEN 0.660
3417 0 1.7636 WEAKEN 0.317
3418 0 1.1897 WEAKEN 0.541
3419 0 1.3036 PASS 1.000
3420 0 1.2138 WEAKEN 0.558
3421 0 1.7827 WEAKEN 0.307
3422 0 1.8842 WEAKEN 0.512
3423 0 1.9307 WEAKEN 0.312
3424 0 1.9101 WEAKEN 0.661
3425 0 1.3221 PASS 1.000
3426 0 1.6364 WEAKEN 0.179
3427 0 1.8460 WEAKEN 0.871
3428 0 1.3002 WEAKEN 0.736
3429 1 2.2301 FREEZE 0.000
3430 0 1.8411 FREEZE 0.000
3431 0 1.4643 WEAKEN 0.488
3432 0 2.1422 WEAKEN 0.156
3433 0 1.7236 FREEZE 0.000
3434 0 2.0054 FREEZE 0.000
3435 0 1.4090 WEAKEN 0.668
3436 0 2.0646 FREEZE 0.000
3437 0 1.4176 WEAKEN 0.678
3438 1 6.9694 SILENCE 0.000
3439 0 1.8332 WEAKEN 0.189
3440 0 1.3855 WEAKEN 0.788
3441 0 1.6444 WEAKEN 0.929
3442 0 2.0005 FREEZE 0.000
3443 0 1.9165 WEAKEN 0.491
3444 0 1.5902 WEAKEN 0.981
3445 0 1.6003 WEAKEN 0.825
3446 0 1.6282 WEAKEN 0.348
3447 0 1.3995 WEAKEN 0.290
3448 0 1.3992 FREEZE 0.000
3449 0 1.4476 WEAKEN 0.618
3450 0 1.3498 WEAKEN 0.679
3451 1 2.0909 SCAR 0.000
3452 0 1.6922 WEAKEN 0.540
3453 0 1.4497 WEAKEN 0.540
3454 0 2.0149 WEAKEN 0.672
3455 0 1.7925 FREEZE 0.000
3456 1 2.3212 FREEZE 0.000
3457 0 2.0263 FREEZE 0.000
3458 0 1.8463 FREEZE 0.000
3459 0 2.3463 WEAKEN 0.261
3460 0 1.1172 WEAKEN 0.663
3461 1 2.1556 FREEZE 0.000
3462 0 1.4293 WEAKEN 0.561
3463 0 2.1579 FREEZE 0.000
3464 0 1.4924 WEAKEN 0.824
3465 0 1.8225 WEAKEN 0.552
3466 0 1.9158 FREEZE 0.000
3467 0 1.1514 PASS 1.000
3468 0 1.4087 WEAKEN 0.603
3469 1 2.1883 FREEZE 0.000
3470 0 1.2969 WEAKEN 0.801
3471 0 1.8658 WEAKEN 0.834
3472 0 1.5463 WEAKEN 0.320
3473 0 2.0448 WEAKEN 0.257
3474 0 1.1998 WEAKEN 0.698
3475 0 1.7142 PASS 1.000
3476 0 1.5525 WEAKEN 0.457
3477 0 1.3182 WEAKEN 0.696
3478 0 0.9226 WEAKEN 0.636
3479 0 1.3075 WEAKEN 0.267
3480 0 1.5702 PASS 1.000
3481 0 1.5974 FREEZE 0.000
3482 0 1.2559 WEAKEN 0.869
3483 0 2.1395 SILENCE 0.000
3484 1 2.6818 FREEZE 0.000
3485 0 1.5473 WEAKEN 0.506
3486 0 1.2830 WEAKEN 0.887
3487 0 1.5290 PASS 1.000
3488 0 1.5441 WEAKEN 0.335
3489 0 1.6645 WEAKEN 0.071
3490 0 1.4268 WEAKEN 0.421
3491 0 1.9365 FREEZE 0.000
3492 0 1.7329 FREEZE 0.000
3493 0 1.4599 WEAKEN 0.720
3494 0 1.6561 WEAKEN 0.195
3495 0 1.1783 PASS 1.000
3496 0 1.3220 PASS 1.000
3497 1 5.4898 FREEZE 0.000
3498 0 1.4218 WEAKEN 0.613
3499 0 2.1914 WEAKEN 0.091
3500 0 1.7249 WEAKEN 0.095
3501 0 1.7817 WEAKEN 0.193
3502 0 2.1529 WEAKEN 0.605
3503 0 1.9228 WEAKEN 0.329
3504 0 1.8263 WEAKEN 0.274
3505 1 2.1607 FREEZE 0.000
3506 0 1.6343 WEAKEN 0.615
3507 0 1.8546 FREEZE 0.000
3508 0 1.5256 WEAKEN 0.825
3509 0 1.4947 PASS 1.000
3510 0 1.4826 PASS 1.000
3511 0 1.2864 WEAKEN 0.409
3512 0 2.0239 WEAKEN 0.840
3513 0 1.3975 WEAKEN 0.536
3514 0 1.4684 WEAKEN 0.403
3515 0 1.9422 WEAKEN 0.298
3516 0 1.9262 WEAKEN 0.202
3517 0 1.7750 WEAKEN 0.040
3518 0 1.8413 WEAKEN 0.470
3519 0 1.7753 WEAKEN 0.421
3520 0 1.4774 WEAKEN 0.714
3521 0 1.7071 WEAKEN 0.505
3522 0 1.6307 WEAKEN 0.754
3523 0 1.8748 WEAKEN 0.478
3524 0 1.4159 WEAKEN 0.436
3525 0 1.4774 WEAKEN 0.664
3526 0 1.1940 PASS 1.000
3527 0 1.2429 WEAKEN 0.671
3528 0 1.7923 WEAKEN 0.914
3529 0 1.8820 WEAKEN 0.029
3530 0 1.5214 WEAKEN 0.056
3531 0 2.0623 WEAKEN 0.234
3532 1 2.3701 FREEZE 0.000
3533 0 1.5927 WEAKEN 0.714
3534 0 1.2757 WEAKEN 0.842
3535 0 1.6878 WEAKEN 0.677
3536 0 1.8816 WEAKEN 0.108
3537 0 1.4381 WEAKEN 0.414
3538 0 1.9021 WEAKEN 0.449
3539 0 1.3468 WEAKEN 0.359
3540 0 1.9937 WEAKEN 0.645
3541 0 1.7900 WEAKEN 0.192
3542 0 2.3579 FREEZE 0.000
3543 0 1.7107 WEAKEN 0.226
3544 0 2.0710 FREEZE 0.000
3545 0 1.4779 FREEZE 0.000
3546 0 1.3238 WEAKEN 0.084
3547 0 1.3147 WEAKEN 0.814
3548 0 1.5830 WEAKEN 0.063
3549 0 1.5577 FREEZE 0.000
3550 1 2.2157 FREEZE 0.000
3551 0 1.1788 WEAKEN 0.989
3552 1 2.1541 FREEZE 0.000
3553 0 1.3184 WEAKEN 0.238
3554 0 1.5606 WEAKEN 0.994
3555 0 2.0531 WEAKEN 0.350
3556 0 1.7789 WEAKEN 0.522
3557 0 1.8742 WEAKEN 0.091
3558 0 1.7860 WEAKEN 0.663
3559 0 1.5552 WEAKEN 0.826
3560 0 1.2980 WEAKEN 0.600
3561 0 2.1002 WEAKEN 0.100
3562 0 2.2333 FREEZE 0.000
3563 0 1.2168 WEAKEN 0.746
3564 0 1.4018 WEAKEN 0.114
3565 0 1.4341 WEAKEN 0.373
3566 1 2.5027 SCAR 0.000
3567 0 1.7518 WEAKEN 0.199
3568 0 1.5659 WEAKEN 0.631
3569 0 1.6862 WEAKEN 0.524
3570 0 2.0428 FREEZE 0.000
3571 0 1.5164 WEAKEN 0.508
3572 0 1.5215 PASS 1.000
3573 0 1.5507 WEAKEN 0.711
3574 0 1.7180 WEAKEN 0.202
3575 0 1.6545 WEAKEN 0.533
3576 0 1.4157 WEAKEN 0.563
3577 0 1.3036 PASS 1.000
3578 1 2.0198 SILENCE 0.000
3579 0 1.6008 WEAKEN 0.656
3580 0 1.5360 WEAKEN 0.147
3581 0 1.8155 WEAKEN 0.681
3582 0 1.3459 PASS 1.000
3583 1 2.0704 FREEZE 0.000
3584 0 1.7424 WEAKEN 0.537
3585 1 2.6252 FREEZE 0.000
3586 0 1.5443 WEAKEN 0.390
3587 0 1.6045 WEAKEN 0.650
3588 0 1.3674 WEAKEN 0.884
3589 0 1.2558 WEAKEN 0.712
3590 0 1.8434 WEAKEN 0.497
3591 0 1.6240 WEAKEN 0.496
3592 0 1.8374 WEAKEN 0.312
3593 0 1.8096 WEAKEN 0.945
3594 0 1.8962 WEAKEN 0.727
3595 0 1.6415 WEAKEN 0.928
3596 0 1.2780 WEAKEN 0.079
3597 0 1.5930 WEAKEN 0.657
3598 0 1.9572 WEAKEN 0.938
3599 0 1.0521 WEAKEN 0.852
3600 0 1.4708 WEAKEN 0.663
3601 0 1.6842 WEAKEN 0.085
3602 0 1.4008 WEAKEN 0.786
3603 0 1.5535 PASS 1.000
3604 0 1.8823 FREEZE 0.000
3605 1 2.2980 FREEZE 0.000
3606 0 1.9230 WEAKEN 0.399
3607 0 1.1197 WEAKEN 0.529
3608 0 1.4700 WEAKEN 0.676
3609 0 1.6253 PASS 1.000
3610 0 1.5736 WEAKEN 0.875
3611 0 2.1029 WEAKEN 0.984
3612 0 1.9228 WEAKEN 0.248
3613 0 1.5327 WEAKEN 0.495
3614 0 1.6678 PASS 1.000
3615 0 1.5331 WEAKEN 0.644
3616 0 1.2426 WEAKEN 0.390
3617 0 2.1211 WEAKEN 0.049
3618 0 2.1969 FREEZE 0.000
3619 0 1.9230 FREEZE 0.000
3620 1 2.2426 FREEZE 0.000
3621 0 2.1891 WEAKEN 0.059
3622 0 1.2696 WEAKEN 0.652
3623 0 1.7570 WEAKEN 0.708
3624 0 2.1242 WEAKEN 0.095
3625 1 2.0545 SCAR 0.000
3626 0 1.2238 WEAKEN 0.938
3627 1 2.5309 FREEZE 0.000
3628 0 1.5709 PASS 1.000
3629 0 1.9974 FREEZE 0.000
3630 0 1.4378 PASS 1.000
3631 0 1.3019 WEAKEN 0.816
3632 0 1.4308 WEAKEN 0.610
3633 0 1.3210 WEAKEN 0.463
3634 0 1.8082 FREEZE 0.000
3635 0 1.3605 PASS 1.000
3636 0 1.7562 WEAKEN 0.311
3637 0 1.6142 WEAKEN 0.274
3638 0 2.0138 WEAKEN 0.298
3639 0 1.4047 WEAKEN 0.668
3640 0 1.6524 WEAKEN 0.542
3641 0 1.7091 WEAKEN 0.714
3642 0 1.4004 WEAKEN 0.743
3643 0 1.7883 WEAKEN 0.664
3644 0 1.7774 WEAKEN 0.359
3645 0 1.9060 FREEZE 0.000
3646 0 1.2579 WEAKEN 0.727
3647 0 1.5281 WEAKEN 0.583
3648 0 2.1325 FREEZE 0.000
3649 1 2.3225 FREEZE 0.000
3650 0 1.7309 WEAKEN 0.312
3651 0 2.0714 FREEZE 0.000
3652 0 1.4006 WEAKEN 0.969
3653 0 1.5217 WEAKEN 0.452
3654 0 1.4258 FREEZE 0.000
3655 0 1.7417 WEAKEN 0.582
3656 0 1.5482 FREEZE 0.000
3657 0 1.7845 WEAKEN 0.179
3658 0 1.1768 WEAKEN 0.585
3659 0 1.6191 WEAKEN 0.326
3660 0 1.8933 WEAKEN 0.350
3661 0 1.7690 WEAKEN 0.336
3662 1 2.3239 SCAR 0.000
3663 0 2.1242 SILENCE 0.000
3664 0 1.1404 WEAKEN 0.654
3665 0 1.5188 WEAKEN 0.328
3666 0 1.6249 WEAKEN 0.365
3667 0 1.2117 WEAKEN 0.715
3668 0 1.4198 WEAKEN 0.581
3669 0 1.3647 WEAKEN 0.637
3670 0 1.4506 PASS 1.000
3671 0 1.6164 WEAKEN 0.091
3672 0 1.0392 WEAKEN 0.778
3673 0 2.4739 WEAKEN 0.237
3674 0 1.7374 WEAKEN 0.480
3675 0 1.6634 WEAKEN 0.714
3676 0 1.7792 WEAKEN 0.055
3677 0 1.7263 WEAKEN 0.173
3678 0 1.4867 PASS 1.000
3679 0 1.3715 WEAKEN 0.238
3680 0 1.2694 WEAKEN 0.863
3681 0 1.7148 WEAKEN 0.673
3682 0 1.4295 PASS 1.000
3683 0 1.2258 WEAKEN 0.723
3684 0 1.7896 WEAKEN 0.193
3685 0 1.2865 WEAKEN 0.181
3686 0 1.4572 WEAKEN 0.272
3687 0 1.4337 WEAKEN 0.910
3688 0 1.4440 WEAKEN 0.194
3689 0 1.9013 WEAKEN 0.485
3690 0 1.1855 WEAKEN 0.737
3691 0 2.3434 FREEZE 0.000
3692 0 1.2122 WEAKEN 0.998
3693 0 1.3981 PASS 1.000
3694 0 1.4552 PASS 1.000
3695 0 1.9353 WEAKEN 0.925
3696 0 1.3223 WEAKEN 0.452
3697 0 2.0756 WEAKEN 0.188
3698 0 1.4392 WEAKEN 0.594
3699 0 1.3058 WEAKEN 0.505
3700 1 8.9654 FREEZE 0.000
3701 0 1.7837 WEAKEN 0.148
3702 0 1.5431 WEAKEN 0.700
3703 0 2.1036 FREEZE 0.000
3704 0 1.8841 WEAKEN 0.753
3705 0 1.5617 FREEZE 0.000
3706 0 1.6891 WEAKEN 0.365
3707 0 1.2390 WEAKEN 0.691
3708 0 1.2253 PASS 1.000
3709 0 2.0642 WEAKEN 0.163
3710 0 1.8936 WEAKEN 0.180
3711 0 1.5927 WEAKEN 0.431
3712 0 1.5972 WEAKEN 0.631
3713 0 2.0864 WEAKEN 0.048
3714 0 1.1628 WEAKEN 0.377
3715 1 8.9522 FREEZE 0.000
3716 0 1.9853 WEAKEN 0.142
3717 0 2.1446 WEAKEN 0.297
3718 0 1.5573 FREEZE 0.000
3719 0 2.2513 WEAKEN 0.781
3720 0 2.0345 FREEZE 0.000
3721 0 1.3353 WEAKEN 0.407
3722 1 2.3700 SCAR 0.000
3723 0 1.7519 FREEZE 0.000
3724 0 1.4299 WEAKEN 0.605
3725 0 1.5327 PASS 1.000
3726 0 1.4847 FREEZE 0.000
3727 0 2.1442 FREEZE 0.000
3728 0 1.7769 WEAKEN 0.709
3729 0 1.0789 WEAKEN 0.725
3730 0 1.5826 WEAKEN 0.400
3731 0 1.3849 WEAKEN 0.564
3732 0 1.9260 FREEZE 0.000
3733 0 2.1161 WEAKEN 0.062
3734 0 1.5510 WEAKEN 0.750
3735 0 1.4256 WEAKEN 0.871
3736 0 1.7485 WEAKEN 0.365
3737 0 1.2098 WEAKEN 0.586
3738 0 1.4621 PASS 1.000
3739 1 2.3505 FREEZE 0.000
3740 0 1.5764 PASS 1.000
3741 0 1.3152 WEAKEN 0.847
3742 0 1.8413 WEAKEN 0.617
3743 0 1.5199 WEAKEN 0.508
3744 0 1.3466 WEAKEN 0.774
3745 0 1.5587 WEAKEN 0.138
3746 0 1.5062 WEAKEN 0.251
3747 0 1.5451 WEAKEN 0.599
3748 0 1.5879 WEAKEN 0.493
3749 0 1.6928 WEAKEN 0.454
3750 0 1.4027 WEAKEN 0.400
3751 0 1.7842 FREEZE 0.000
3752 0 1.4644 WEAKEN 0.274
3753 0 1.4317 WEAKEN 0.586
3754 0 1.8359 WEAKEN 0.129
3755 0 1.6192 PASS 1.000
3756 0 1.8340 WEAKEN 0.288
3757 0 1.8033 WEAKEN 0.653
3758 0 1.3805 WEAKEN 0.491
3759 0 1.4498 PASS 1.000
3760 0 1.5190 WEAKEN 0.597
3761 0 1.6448 WEAKEN 0.523
3762 0 1.3470 WEAKEN 0.789
3763 0 0.9817 WEAKEN 0.903
3764 0 1.2709 WEAKEN 0.944
3765 0 1.6191 WEAKEN 0.220
3766 0 1.0580 PASS 1.000
3767 0 1.2107 PASS 1.000
3768 0 1.5398 WEAKEN 0.684
3769 0 1.8178 WEAKEN 0.723
3770 0 1.7136 WEAKEN 0.992
3771 0 1.3262 WEAKEN 0.601
3772 0 1.7087 WEAKEN 0.810
3773 0 1.4452 WEAKEN 0.534
3774 0 1.7142 WEAKEN 0.486
3775 0 1.8413 FREEZE 0.000
3776 1 2.3253 SCAR 0.000
3777 0 1.9161 FREEZE 0.000
3778 1 2.3364 FREEZE 0.000
3779 0 1.6428 WEAKEN 0.283
3780 0 1.1211 PASS 1.000
3781 0 1.8806 WEAKEN 0.385
3782 0 1.9225 WEAKEN 0.154
3783 0 1.2156 WEAKEN 0.788
3784 0 1.4260 PASS 1.000
3785 0 1.6121 PASS 1.000
3786 0 1.9072 WEAKEN 0.075
3787 0 1.5912 WEAKEN 0.806
3788 0 0.9536 WEAKEN 0.833
3789 0 1.4588 WEAKEN 0.023
3790 1 2.3763 FREEZE 0.000
3791 0 1.5571 WEAKEN 0.692
3792 0 1.7527 WEAKEN 0.397
3793 0 1.5102 WEAKEN 0.101
3794 0 1.3619 WEAKEN 0.992
3795 0 2.1100 WEAKEN 0.157
3796 0 1.4122 WEAKEN 0.613
3797 1 2.5816 SCAR 0.000
3798 0 1.8808 WEAKEN 0.128
3799 0 1.5478 WEAKEN 0.013
3800 1 8.2207 FREEZE 0.000
3801 0 1.4084 WEAKEN 0.847
3802 0 0.9821 WEAKEN 0.720
3803 0 1.5110 PASS 1.000
3804 0 1.1132 WEAKEN 0.430
3805 0 1.1223 WEAKEN 0.982
3806 0 1.2278 WEAKEN 0.948
3807 0 1.4066 WEAKEN 0.252
3808 1 2.2050 FREEZE 0.000
3809 0 2.1129 FREEZE 0.000
3810 1 2.2687 FREEZE 0.000
3811 1 2.4115 FREEZE 0.000
3812 0 1.7513 WEAKEN 0.885
3813 0 1.4544 WEAKEN 0.800
3814 0 1.9467 WEAKEN 0.209
3815 0 1.4856 WEAKEN 0.203
3816 0 1.1498 FREEZE 0.000
3817 0 1.4409 WEAKEN 0.166
3818 0 1.1292 WEAKEN 0.344
3819 0 1.4683 PASS 1.000
3820 0 1.5162 WEAKEN 0.889
3821 0 1.3713 PASS 1.000
3822 0 1.4177 WEAKEN 0.980
3823 0 1.2626 PASS 1.000
3824 0 2.2990 WEAKEN 0.104
3825 0 1.8733 FREEZE 0.000
3826 0 1.2993 WEAKEN 0.456
3827 1 2.1752 FREEZE 0.000
3828 0 1.5943 WEAKEN 0.570
3829 0 1.3471 WEAKEN 0.813
3830 0 1.5114 PASS 1.000
3831 0 2.1545 FREEZE 0.000
3832 0 1.6806 WEAKEN 0.410
3833 0 1.2757 WEAKEN 0.091
3834 0 1.4706 PASS 1.000
3835 1 2.2460 FREEZE 0.000
3836 0 1.1772 WEAKEN 0.560
3837 0 1.1927 WEAKEN 0.464
3838 0 2.2668 WEAKEN 0.216
3839 0 1.2629 WEAKEN 0.387
3840 0 1.7934 WEAKEN 0.467
3841 1 2.3112 FREEZE 0.000
3842 0 1.6288 WEAKEN 0.076
3843 0 1.2978 WEAKEN 0.448
3844 0 1.3536 WEAKEN 0.955
3845 0 1.3087 PASS 1.000
3846 0 2.3926 WEAKEN 0.023
3847 0 1.5708 WEAKEN 0.559
3848 0 1.2840 WEAKEN 0.664
3849 1 2.2590 FREEZE 0.000
3850 0 1.7662 FREEZE 0.000
3851 0 1.4894 WEAKEN 0.826
3852 0 1.3829 WEAKEN 0.509
3853 0 1.3659 WEAKEN 0.860
3854 0 1.7747 WEAKEN 0.904
3855 0 1.9248 WEAKEN 0.287
3856 0 1.2500 WEAKEN 0.835
3857 0 1.8598 WEAKEN 0.162
3858 0 2.0268 WEAKEN 0.144
3859 1 2.2169 FREEZE 0.000
3860 0 1.6961 WEAKEN 0.526
3861 0 1.6555 WEAKEN 0.053
3862 0 1.2017 WEAKEN 0.253
3863 0 1.8106 FREEZE 0.000
3864 0 1.8886 FREEZE 0.000
3865 1 2.3303 FREEZE 0.000
3866 0 1.8167 WEAKEN 0.504
3867 0 1.4205 FREEZE 0.000
3868 0 1.6094 WEAKEN 0.583
3869 0 1.7139 WEAKEN 0.897
3870 1 2.2690 FREEZE 0.000
3871 0 2.1712 WEAKEN 0.004
3872 0 1.4502 WEAKEN 0.784
3873 0 1.4662 WEAKEN 0.222
3874 0 1.4719 WEAKEN 0.391
3875 0 1.6229 WEAKEN 0.691
3876 0 1.6407 WEAKEN 0.792
3877 0 1.2997 WEAKEN 0.430
3878 0 1.4846 WEAKEN 0.072
3879 0 1.2738 WEAKEN 0.805
3880 0 1.1098 WEAKEN 0.957
3881 0 1.4794 WEAKEN 0.195
3882 0 1.6806 WEAKEN 0.614
3883 0 1.0135 WEAKEN 0.831
3884 0 1.6290 WEAKEN 0.348
3885 0 1.7584 WEAKEN 0.509
3886 0 0.8943 WEAKEN 0.403
3887 0 1.4192 WEAKEN 0.517
3888 0 1.7792 SCAR 0.000
3889 0 2.0070 WEAKEN 0.259
3890 0 1.0263 PASS 1.000
3891 0 2.0209 WEAKEN 0.651
3892 0 1.9071 WEAKEN 0.464
3893 0 2.1153 FREEZE 0.000
3894 0 2.2392 WEAKEN 0.154
3895 0 2.4578 FREEZE 0.000
3896 0 1.8086 FREEZE 0.000
3897 0 1.5323 FREEZE 0.000
3898 0 1.3037 PASS 1.000
3899 0 1.0945 WEAKEN 0.813
3900 0 2.2269 FREEZE 0.000
3901 0 1.2711 WEAKEN 0.941
3902 1 2.1993 FREEZE 0.000
3903 0 1.8373 WEAKEN 0.184
3904 1 4.4539 FREEZE 0.000
3905 0 2.0766 WEAKEN 0.100
3906 0 1.0914 WEAKEN 0.783
3907 1 2.1681 FREEZE 0.000
3908 0 0.8520 WEAKEN 0.474
3909 0 2.0268 FREEZE 0.000
3910 0 1.3790 WEAKEN 0.746
3911 0 1.4553 WEAKEN 0.993
3912 0 1.8210 WEAKEN 0.348
3913 0 1.8628 FREEZE 0.000
3914 0 1.8367 WEAKEN 0.360
3915 1 2.0323 FREEZE 0.000
3916 0 1.6301 WEAKEN 0.361
3917 0 1.0123 WEAKEN 0.679
3918 0 0.9179 WEAKEN 0.623
3919 0 1.3157 WEAKEN 0.451
3920 0 1.4606 WEAKEN 0.268
3921 0 1.7469 WEAKEN 0.247
3922 0 1.5224 WEAKEN 0.411
3923 0 1.7095 WEAKEN 0.355
3924 0 1.3481 WEAKEN 0.771
3925 1 2.5141 SCAR 0.000
3926 0 1.9185 WEAKEN 0.593
3927 0 1.5075 PASS 1.000
3928 0 1.4736 WEAKEN 0.315
3929 0 1.5791 PASS 1.000
3930 0 2.1693 FREEZE 0.000
3931 0 1.2242 WEAKEN 0.615
3932 0 1.7083 WEAKEN 0.269
3933 0 1.6758 WEAKEN 0.683
3934 0 0.7909 WEAKEN 0.784
3935 0 1.7136 FREEZE 0.000
3936 0 1.8565 WEAKEN 0.091
3937 0 1.9798 WEAKEN 0.359
3938 0 1.3587 WEAKEN 0.758
3939 0 1.8070 WEAKEN 0.110
3940 0 1.2136 WEAKEN 0.543
3941 0 1.7741 WEAKEN 0.674
3942 0 1.2674 WEAKEN 0.471
3943 0 1.1173 WEAKEN 0.855
3944 0 1.6596 WEAKEN 0.149
3945 0 1.6381 WEAKEN 0.031
3946 0 1.4258 FREEZE 0.000
3947 0 1.2818 WEAKEN 0.621
3948 0 1.4425 WEAKEN 0.909
3949 0 1.1823 WEAKEN 0.837
3950 0 1.3115 WEAKEN 0.477
3951 1 2.4200 SCAR 0.000
3952 0 1.2899 WEAKEN 0.558
3953 0 1.7539 FREEZE 0.000
3954 0 1.5580 WEAKEN 0.679
3955 0 1.6111 WEAKEN 0.457
3956 0 1.1829 WEAKEN 0.867
3957 0 1.4432 FREEZE 0.000
3958 0 1.6645 WEAKEN 0.472
3959 0 2.2563 WEAKEN 0.492
3960 0 1.6841 WEAKEN 0.236
3961 0 1.5717 PASS 1.000
3962 1 2.0453 FREEZE 0.000
3963 1 2.3147 SCAR 0.000
3964 0 2.1708 FREEZE 0.000
3965 0 1.1720 WEAKEN 0.561
3966 0 2.1603 FREEZE 0.000
3967 0 1.4968 WEAKEN 0.999
3968 0 1.6576 WEAKEN 0.841
3969 0 2.3421 WEAKEN 0.349
3970 0 1.5653 WEAKEN 0.442
3971 0 1.7330 WEAKEN 0.385
3972 1 2.4430 FREEZE 0.000
3973 0 1.6896 FREEZE 0.000
3974 0 1.8126 WEAKEN 0.350
3975 0 1.7937 WEAKEN 0.418
3976 0 2.0993 FREEZE 0.000
3977 0 1.8483 WEAKEN 0.310
3978 0 1.0439 WEAKEN 0.148
3979 0 1.5994 WEAKEN 0.888
3980 1 2.1572 FREEZE 0.000
3981 0 2.1598 WEAKEN 0.466
3982 0 1.5396 WEAKEN 0.214
3983 0 1.7308 WEAKEN 0.229
3984 0 1.4692 PASS 1.000
3985 1 2.2487 FREEZE 0.000
3986 0 1.5085 WEAKEN 0.404
3987 0 1.4221 WEAKEN 0.998
3988 0 1.8827 WEAKEN 0.445
3989 0 1.7414 WEAKEN 0.251
3990 0 1.2134 PASS 1.000
3991 0 2.0268 WEAKEN 0.106
3992 0 1.5988 WEAKEN 0.514
3993 0 1.5463 WEAKEN 0.033
3994 0 1.2896 WEAKEN 0.588
3995 0 1.0831 WEAKEN 0.880
3996 0 2.0338 WEAKEN 0.344
3997 0 1.4221 WEAKEN 0.060
3998 0 1.9585 WEAKEN 0.265
3999 0 1.2800 WEAKEN 0.781
4000 0 2.3954 FREEZE 0.000
4001 0 1.3845 PASS 1.000
4002 0 1.1005 PASS 1.000
4003 1 8.6283 FREEZE 0.000
4004 0 1.6378 WEAKEN 0.878
4005 1 2.4058 SCAR 0.000
4006 0 1.9092 FREEZE 0.000
4007 0 1.8231 FREEZE 0.000
4008 0 2.2489 WEAKEN 0.088
4009 0 1.4236 WEAKEN 0.905
4010 0 1.6159 WEAKEN 0.252
4011 0 1.6155 WEAKEN 0.239
4012 0 1.4726 FREEZE 0.000
4013 0 1.3814 WEAKEN 0.729
4014 0 1.6511 PASS 1.000
4015 0 1.4611 WEAKEN 0.705
4016 0 0.9265 PASS 1.000
4017 0 1.4956 WEAKEN 0.256
4018 0 1.5360 WEAKEN 0.883
4019 0 1.2409 WEAKEN 0.853
4020 0 1.0754 WEAKEN 0.858
4021 0 1.8204 FREEZE 0.000
4022 0 1.4859 WEAKEN 0.438
4023 0 1.7040 WEAKEN 0.431
4024 0 2.4089 FREEZE 0.000
4025 1 2.3442 FREEZE 0.000
4026 0 1.5121 WEAKEN 0.901
4027 0 1.3174 WEAKEN 0.398
4028 0 1.0667 WEAKEN 0.295
4029 0 1.6500 WEAKEN 0.819
4030 0 1.0041 WEAKEN 0.517
4031 0 1.2703 WEAKEN 0.892
4032 0 1.5672 FREEZE 0.000
4033 0 1.4446 WEAKEN 0.655
4034 0 1.6333 PASS 1.000
4035 0 1.3094 WEAKEN 0.681
4036 0 1.7123 WEAKEN 0.669
4037 0 1.4586 WEAKEN 0.444
4038 0 2.6366 FREEZE 0.000
4039 0 2.0353 WEAKEN 0.662
4040 0 1.5102 WEAKEN 0.663
4041 0 1.7757 FREEZE 0.000
4042 0 1.2846 WEAKEN 0.921
4043 0 1.4656 WEAKEN 0.499
4044 1 2.3276 FREEZE 0.000
4045 0 2.1704 WEAKEN 0.298
4046 0 2.1501 WEAKEN 0.179
4047 0 1.8877 WEAKEN 0.885
4048 1 2.2974 SCAR 0.000
4049 0 2.3817 FREEZE 0.000
4050 1 2.3497 SCAR 0.000
4051 0 1.2897 WEAKEN 0.683
4052 0 1.4169 WEAKEN 0.201
4053 0 1.0272 WEAKEN 0.829
4054 0 1.3133 PASS 1.000
4055 0 1.5940 WEAKEN 0.997
4056 0 2.3060 FREEZE 0.000
4057 0 1.3744 WEAKEN 0.364
4058 0 1.5311 PASS 1.000
4059 0 1.3925 WEAKEN 0.346
4060 0 1.5720 WEAKEN 0.704
4061 0 1.9116 WEAKEN 0.388
4062 1 7.4496 FREEZE 0.000
4063 0 1.5753 WEAKEN 0.811
4064 0 1.7134 PASS 1.000
4065 1 2.1831 FREEZE 0.000
4066 0 1.2068 WEAKEN 0.514
4067 0 1.3295 FREEZE 0.000
4068 0 1.6261 WEAKEN 0.294
4069 0 1.4250 FREEZE 0.000
4070 0 1.4701 WEAKEN 0.279
4071 0 2.0796 FREEZE 0.000
4072 0 1.3509 WEAKEN 0.664
4073 0 1.2933 WEAKEN 0.749
4074 0 1.4698 WEAKEN 0.891
4075 0 1.6160 WEAKEN 0.229
4076 0 1.3231 PASS 1.000
4077 0 1.4439 WEAKEN 0.776
4078 0 1.2012 PASS 1.000
4079 0 1.3641 WEAKEN 0.479
4080 0 1.7059 WEAKEN 0.450
4081 0 1.6442 FREEZE 0.000
4082 0 1.7545 WEAKEN 0.856
4083 1 2.0677 SCAR 0.000
4084 0 1.4814 WEAKEN 0.985
4085 1 2.3369 FREEZE 0.000
4086 0 1.5764 WEAKEN 0.704
4087 0 1.6356 FREEZE 0.000
4088 0 2.2385 FREEZE 0.000
4089 0 1.8981 WEAKEN 0.318
4090 0 1.6942 WEAKEN 0.356
4091 0 1.5874 WEAKEN 0.795
4092 0 1.5415 WEAKEN 0.336
4093 0 1.1430 WEAKEN 0.413
4094 0 1.4803 WEAKEN 0.508
4095 1 2.2673 FREEZE 0.000
4096 0 2.0383 WEAKEN 0.572
4097 0 1.5686 WEAKEN 0.448
4098 0 1.5018 WEAKEN 0.913
4099 0 1.1453 WEAKEN 0.669
4100 0 1.6785 WEAKEN 0.749
4101 0 1.0685 WEAKEN 0.676
4102 0 1.2458 PASS 1.000
4103 1 2.1935 FREEZE 0.000
4104 0 1.2480 WEAKEN 0.349
4105 0 1.2055 WEAKEN 0.706
4106 0 1.3548 WEAKEN 0.631
4107 0 1.3564 WEAKEN 0.549
4108 0 1.8938 WEAKEN 0.498
4109 0 1.7621 WEAKEN 0.083
4110 0 1.9964 FREEZE 0.000
4111 0 1.4376 WEAKEN 0.779
4112 0 1.6636 WEAKEN 0.258
4113 0 1.3765 PASS 1.000
4114 0 1.5260 WEAKEN 0.361
4115 0 1.5191 PASS 1.000
4116 0 1.5386 WEAKEN 0.023
4117 0 1.0509 PASS 1.000
4118 0 1.3217 WEAKEN 0.750
4119 0 1.5508 WEAKEN 0.916
4120 0 1.2971 WEAKEN 0.126
4121 0 1.3993 PASS 1.000
4122 1 2.4030 FREEZE 0.000
4123 0 1.4947 WEAKEN 0.491
4124 0 1.4963 WEAKEN 0.397
4125 0 1.2030 WEAKEN 0.441
4126 0 2.1680 WEAKEN 0.087
4127 0 2.6528 WEAKEN 0.091
4128 1 2.5172 FREEZE 0.000
4129 0 1.7172 WEAKEN 0.330
4130 0 1.2735 WEAKEN 0.726
4131 1 2.2257 FREEZE 0.000
4132 0 1.1552 WEAKEN 0.804
4133 0 1.4943 WEAKEN 0.245
4134 0 1.2420 WEAKEN 0.660
4135 0 2.0475 WEAKEN 0.149
4136 1 2.1320 FREEZE 0.000
4137 0 1.1936 WEAKEN 0.636
4138 0 1.2280 WEAKEN 0.950
4139 0 1.3312 WEAKEN 0.872
4140 0 1.4470 WEAKEN 0.327
4141 0 1.3774 WEAKEN 0.888
4142 0 1.4432 WEAKEN 0.878
4143 0 1.3730 WEAKEN 0.486
4144 0 1.2690 WEAKEN 0.946
4145 0 1.3198 WEAKEN 0.741
4146 0 1.5612 WEAKEN 0.494
4147 0 1.8483 FREEZE 0.000
4148 0 1.8599 WEAKEN 0.297
4149 0 2.0632 SCAR 0.000
4150 0 1.7428 WEAKEN 0.174
4151 0 1.3848 WEAKEN 0.152
4152 0 1.5005 WEAKEN 0.863
4153 1 7.4264 FREEZE 0.000
4154 0 1.4900 WEAKEN 0.744
4155 1 2.2713 FREEZE 0.000
4156 0 1.0713 WEAKEN 0.949
4157 0 1.2932 WEAKEN 0.244
4158 0 2.1201 FREEZE 0.000
4159 0 1.7448 WEAKEN 0.140
4160 0 1.2949 WEAKEN 0.442
4161 0 1.3535 WEAKEN 0.345
4162 0 1.9492 WEAKEN 0.039
4163 0 1.2752 WEAKEN 0.414
4164 0 2.0642 WEAKEN 0.360
4165 0 1.4692 WEAKEN 0.214
4166 0 1.0877 WEAKEN 0.572
4167 0 1.5532 WEAKEN 0.699
4168 0 1.5333 PASS 1.000
4169 1 2.3722 SCAR 0.000
4170 0 2.0100 WEAKEN 0.751
4171 0 1.2527 WEAKEN 0.639
4172 0 1.3553 WEAKEN 0.923
4173 0 1.6595 WEAKEN 0.169
4174 0 2.3148 SILENCE 0.000
4175 0 1.0449 WEAKEN 0.809
4176 1 2.2143 FREEZE 0.000
4177 0 1.6117 PASS 1.000
4178 0 1.2940 WEAKEN 0.664
4179 0 1.6615 WEAKEN 0.928
4180 0 1.7841 WEAKEN 0.154
4181 0 1.7706 WEAKEN 0.026
4182 0 2.2574 FREEZE 0.000
4183 0 1.3489 WEAKEN 0.060
4184 0 2.1686 WEAKEN 0.581
4185 0 1.8354 WEAKEN 0.320
4186 0 1.5029 WEAKEN 0.509
4187 0 1.9143 WEAKEN 0.397
4188 0 1.6070 WEAKEN 0.764
4189 0 1.4506 WEAKEN 0.687
4190 0 1.3206 WEAKEN 0.949
4191 1 2.2135 FREEZE 0.000
4192 0 2.1119 FREEZE 0.000
4193 0 1.3540 WEAKEN 0.785
4194 0 1.7112 WEAKEN 0.031
4195 0 1.1423 WEAKEN 0.446
4196 0 1.8975 PASS 1.000
4197 0 1.4039 WEAKEN 0.564
4198 0 1.3802 PASS 1.000
4199 0 1.2047 PASS 1.000
4200 0 1.2992 WEAKEN 0.639
4201 0 1.5889 WEAKEN 0.718
4202 0 1.2850 WEAKEN 0.713
4203 0 2.2584 PASS 1.000
4204 0 1.6292 WEAKEN 0.761
4205 0 1.8492 WEAKEN 0.642
4206 0 1.3553 WEAKEN 0.842
4207 0 1.5154 WEAKEN 0.637
4208 0 1.3842 WEAKEN 0.585
4209 0 1.0597 WEAKEN 0.439
4210 0 1.3386 WEAKEN 0.080
4211 0 1.7354 WEAKEN 0.833
4212 0 1.8897 WEAKEN 0.158
4213 0 2.2673 SILENCE 0.000
4214 0 1.6689 WEAKEN 0.317
4215 0 1.5501 WEAKEN 0.739
4216 0 1.5166 WEAKEN 0.065
4217 0 1.4006 WEAKEN 0.651
4218 0 1.9463 WEAKEN 0.506
4219 0 1.9208 WEAKEN 0.083
4220 0 1.4106 WEAKEN 0.855
4221 0 1.6786 WEAKEN 0.344
4222 0 2.0573 WEAKEN 0.456
4223 0 1.5099 WEAKEN 0.474
4224 0 1.2438 WEAKEN 0.686
4225 0 1.2255 WEAKEN 0.951
4226 0 1.5192 WEAKEN 0.511
4227 0 1.5637 WEAKEN 0.378
4228 0 1.5885 WEAKEN 0.393
4229 0 1.6553 PASS 1.000
4230 0 2.3562 FREEZE 0.000
4231 0 1.8445 WEAKEN 0.720
4232 0 1.0797 PASS 1.000
4233 1 2.1299 FREEZE 0.000
4234 1 8.2489 FREEZE 0.000
4235 0 1.9130 WEAKEN 0.066
4236 0 1.9317 WEAKEN 0.254
4237 0 1.5505 WEAKEN 0.709
4238 0 1.8312 WEAKEN 0.255
4239 0 1.4200 WEAKEN 0.896
4240 0 1.5350 WEAKEN 0.589
4241 0 1.8343 FREEZE 0.000
4242 0 2.0361 FREEZE 0.000
4243 0 1.7827 WEAKEN 0.914
4244 0 1.8732 WEAKEN 0.563
4245 0 1.4775 WEAKEN 0.838
4246 0 1.2907 WEAKEN 0.958
4247 0 1.4538 FREEZE 0.000
4248 0 1.7672 WEAKEN 0.060
4249 0 1.4207 WEAKEN 0.667
4250 0 0.8828 PASS 1.000
4251 0 1.3081 WEAKEN 0.952
4252 0 1.6915 WEAKEN 0.338
4253 0 2.2172 WEAKEN 0.329
4254 0 1.2725 WEAKEN 0.575
4255 1 2.2616 SCAR 0.000
4256 0 1.6750 WEAKEN 0.144
4257 0 1.1577 WEAKEN 0.707
4258 0 1.5250 WEAKEN 0.429
4259 0 2.3761 WEAKEN 0.269
4260 0 1.3996 WEAKEN 0.852
4261 0 1.4582 WEAKEN 0.894
4262 0 1.5275 WEAKEN 0.185
4263 0 1.8263 WEAKEN 0.473
4264 0 1.3050 WEAKEN 0.318
4265 0 1.9215 FREEZE 0.000
4266 0 1.8588 WEAKEN 0.578
4267 0 1.7030 FREEZE 0.000
4268 0 1.9224 WEAKEN 0.072
4269 0 1.6020 FREEZE 0.000
4270 0 1.4424 WEAKEN 0.447
4271 0 1.9124 FREEZE 0.000
4272 0 1.3948 FREEZE 0.000
4273 1 2.3141 SCAR 0.000
4274 0 1.8291 WEAKEN 0.380
4275 0 1.2549 WEAKEN 0.934
4276 0 1.2439 WEAKEN 0.373
4277 0 1.6677 WEAKEN 0.356
4278 0 1.1631 WEAKEN 0.942
4279 1 2.1872 SCAR 0.000
4280 0 1.1387 WEAKEN 0.915
4281 0 2.2615 FREEZE 0.000
4282 0 1.4241 FREEZE 0.000
4283 1 7.3209 WEAKEN 0.096
4284 0 1.1159 WEAKEN 0.450
4285 0 1.7903 FREEZE 0.000
4286 0 1.5652 WEAKEN 0.470
4287 1 2.1008 FREEZE 0.000
4288 0 1.4151 WEAKEN 0.607
4289 0 1.7512 WEAKEN 0.076
4290 0 1.3492 WEAKEN 0.782
4291 0 2.0478 FREEZE 0.000
4292 0 1.9786 WEAKEN 0.226
4293 1 2.7193 SILENCE 0.000
4294 0 1.8853 WEAKEN 0.717
4295 0 1.1907 WEAKEN 0.941
4296 0 1.8126 WEAKEN 0.353
4297 0 1.6069 WEAKEN 0.843
4298 0 2.0334 FREEZE 0.000
4299 0 1.5663 WEAKEN 0.433
4300 0 1.3447 WEAKEN 0.745
4301 0 1.4724 WEAKEN 0.497
4302 0 1.4411 SILENCE 0.000
4303 0 1.7207 WEAKEN 0.693
4304 0 1.3632 WEAKEN 0.712
4305 0 1.1227 WEAKEN 0.831
4306 0 1.6139 WEAKEN 0.412
4307 0 1.8319 WEAKEN 0.583
4308 0 1.6477 WEAKEN 0.787
4309 0 1.5240 WEAKEN 0.896
4310 0 1.2137 WEAKEN 0.979
4311 0 1.7426 WEAKEN 0.022
4312 0 1.8330 WEAKEN 0.234
4313 0 1.7467 FREEZE 0.000
4314 0 1.1676 WEAKEN 0.790
4315 0 1.7051 WEAKEN 0.471
4316 0 1.0315 WEAKEN 0.926
4317 0 1.4527 WEAKEN 0.755
4318 0 1.2051 PASS 1.000
4319 0 1.6985 WEAKEN 0.789
4320 0 1.6195 PASS 1.000
4321 0 1.7108 WEAKEN 0.717
4322 0 1.7664 WEAKEN 0.342
4323 0 1.9586 WEAKEN 0.593
4324 0 1.6592 WEAKEN 0.343
4325 0 1.9005 WEAKEN 0.792
4326 0 1.4802 WEAKEN 0.913
4327 0 1.3458 WEAKEN 0.311
4328 0 1.4511 FREEZE 0.000
4329 0 1.5131 WEAKEN 0.568
4330 0 2.2759 FREEZE 0.000
4331 0 1.3017 PASS 1.000
4332 0 1.3467 WEAKEN 0.383
4333 0 1.4156 WEAKEN 0.337
4334 0 1.8243 WEAKEN 0.425
4335 0 1.6766 WEAKEN 0.003
4336 0 1.8104 FREEZE 0.000
4337 0 1.8649 FREEZE 0.000
4338 0 1.4994 WEAKEN 0.265
4339 0 0.7882 WEAKEN 0.739
4340 0 1.1293 WEAKEN 0.694
4341 0 1.6084 WEAKEN 0.588
4342 0 2.3154 FREEZE 0.000
4343 1 6.8447 SILENCE 0.000
4344 0 2.0084 FREEZE 0.000
4345 0 1.3690 WEAKEN 0.817
4346 0 1.3912 WEAKEN 0.142
4347 0 2.1932 WEAKEN 0.595
4348 0 1.3134 WEAKEN 0.842
4349 0 1.7962 WEAKEN 0.003
4350 0 1.9100 FREEZE 0.000
4351 0 1.5280 WEAKEN 0.193
4352 1 1.9352 FREEZE 0.000
4353 0 1.9920 FREEZE 0.000
4354 0 2.1205 WEAKEN 0.401
4355 0 1.6699 WEAKEN 0.197
4356 0 1.1716 WEAKEN 0.577
4357 0 1.4054 WEAKEN 0.869
4358 0 1.3471 PASS 1.000
4359 0 2.3658 WEAKEN 0.021
4360 0 1.8479 WEAKEN 0.665
4361 0 1.7910 FREEZE 0.000
4362 0 1.2335 WEAKEN 0.401
4363 0 1.1630 WEAKEN 0.126
4364 0 1.6103 WEAKEN 0.362
4365 0 1.4961 WEAKEN 0.164
4366 0 1.4769 WEAKEN 0.475
4367 0 2.1976 FREEZE 0.000
4368 0 1.2595 WEAKEN 0.454
4369 1 2.2572 FREEZE 0.000
4370 0 1.2044 WEAKEN 0.936
4371 0 1.4595 WEAKEN 0.482
4372 0 1.8287 WEAKEN 0.209
4373 0 1.7159 WEAKEN 0.266
4374 0 1.5044 WEAKEN 0.622
4375 0 1.7960 WEAKEN 0.562
4376 0 1.4814 WEAKEN 0.352
4377 0 1.9960 FREEZE 0.000
4378 0 1.2283 WEAKEN 0.785
4379 0 1.3137 WEAKEN 0.600
4380 0 2.0290 WEAKEN 0.186
4381 0 1.9755 WEAKEN 0.077
4382 0 1.3429 WEAKEN 0.908
4383 0 1.5265 WEAKEN 0.493
4384 0 1.6068 WEAKEN 0.472
4385 0 1.5113 WEAKEN 0.883
4386 0 1.2972 WEAKEN 0.678
4387 0 1.4521 WEAKEN 0.839
4388 0 1.9719 WEAKEN 0.784
4389 0 1.7936 PASS 1.000
4390 0 1.3702 WEAKEN 0.662
4391 0 1.5842 PASS 1.000
4392 0 2.1338 WEAKEN 0.469
4393 0 1.8862 FREEZE 0.000
4394 0 1.5552 PASS 1.000
4395 0 1.3993 WEAKEN 0.858
4396 0 1.4544 WEAKEN 0.083
4397 0 1.5977 WEAKEN 0.920
4398 0 1.8973 WEAKEN 0.397
4399 0 1.6884 WEAKEN 0.346
4400 0 1.2837 WEAKEN 0.889
4401 0 1.4986 PASS 1.000
4402 0 1.2916 WEAKEN 0.528
4403 0 1.9747 WEAKEN 0.638
4404 0 1.6841 WEAKEN 0.892
4405 0 1.2781 WEAKEN 0.564
4406 0 1.5639 WEAKEN 0.974
4407 0 2.0222 WEAKEN 0.784
4408 0 1.2806 WEAKEN 0.748
4409 0 1.7703 FREEZE 0.000
4410 0 1.5886 PASS 1.000
4411 0 1.8564 WEAKEN 0.049
4412 0 2.0656 WEAKEN 0.213
4413 0 1.7972 WEAKEN 0.337
4414 0 1.7848 WEAKEN 0.238
4415 0 2.0531 FREEZE 0.000
4416 0 1.5639 WEAKEN 0.775
4417 0 1.9168 WEAKEN 0.353
4418 0 1.8219 WEAKEN 0.689
4419 0 1.2106 PASS 1.000
4420 1 1.9606 FREEZE 0.000
4421 0 1.2197 PASS 1.000
4422 0 1.3568 WEAKEN 0.850
4423 0 1.6443 WEAKEN 0.526
4424 0 1.3769 WEAKEN 0.465
4425 0 1.5973 FREEZE 0.000
4426 0 2.2795 WEAKEN 0.312
4427 0 0.8007 WEAKEN 0.556
4428 0 1.0669 WEAKEN 0.561
4429 0 2.2123 FREEZE 0.000
4430 0 1.6021 WEAKEN 0.579
4431 0 1.3150 WEAKEN 0.656
4432 1 2.1199 SCAR 0.000
4433 0 2.0114 FREEZE 0.000
4434 0 1.7046 WEAKEN 0.510
4435 0 1.9949 FREEZE 0.000
4436 1 2.2010 FREEZE 0.000
4437 0 1.8431 FREEZE 0.000
4438 1 2.4195 FREEZE 0.000
4439 0 1.2987 WEAKEN 0.796
4440 0 1.3776 WEAKEN 0.210
4441 0 1.5361 FREEZE 0.000
4442 0 1.4285 WEAKEN 0.652
4443 0 1.3342 WEAKEN 0.516
4444 0 1.3709 WEAKEN 0.917
4445 0 1.3036 WEAKEN 0.814
4446 1 2.1502 FREEZE 0.000
4447 0 1.7751 FREEZE 0.000
4448 0 1.1770 WEAKEN 0.500
4449 0 1.1126 WEAKEN 0.970
4450 0 1.1498 WEAKEN 0.837
4451 0 1.5474 WEAKEN 0.430
4452 0 1.1451 WEAKEN 0.655
4453 0 2.0927 FREEZE 0.000
4454 0 1.8090 FREEZE 0.000
4455 0 2.0401 FREEZE 0.000
4456 0 1.6612 WEAKEN 0.430
4457 0 1.6872 FREEZE 0.000
4458 0 1.3861 WEAKEN 0.303
4459 0 1.0004 WEAKEN 0.942
4460 0 1.4031 WEAKEN 0.506
4461 0 1.4111 WEAKEN 0.930
4462 0 1.5429 FREEZE 0.000
4463 0 1.3021 WEAKEN 0.387
4464 0 1.6620 WEAKEN 0.021
4465 0 1.6915 WEAKEN 0.839
4466 0 1.1786 WEAKEN 0.763
4467 0 1.3251 WEAKEN 0.269
4468 0 1.8613 PASS 1.000
4469 1 2.3118 FREEZE 0.000
4470 0 1.0890 PASS 1.000
4471 0 2.2827 FREEZE 0.000
4472 0 1.8855 WEAKEN 0.150
4473 0 1.2373 WEAKEN 0.508
4474 0 1.9564 WEAKEN 0.109
4475 0 1.7537 WEAKEN 0.285
4476 0 1.8103 WEAKEN 0.699
4477 0 1.4957 WEAKEN 0.862
4478 0 1.6579 WEAKEN 0.065
4479 0 1.2317 WEAKEN 0.557
4480 0 1.4373 PASS 1.000
4481 0 1.6870 WEAKEN 0.590
4482 0 1.3426 WEAKEN 0.502
4483 0 1.8511 WEAKEN 0.111
4484 1 2.3757 SCAR 0.000
4485 0 1.8800 WEAKEN 0.138
4486 0 1.5696 WEAKEN 0.308
4487 0 1.2501 WEAKEN 0.208
4488 0 1.5164 WEAKEN 0.352
4489 0 1.7348 WEAKEN 0.026
4490 1 3.5284 FREEZE 0.000
4491 0 1.4865 PASS 1.000
4492 0 1.5903 WEAKEN 0.438
4493 0 1.6611 PASS 1.000
4494 0 1.4972 WEAKEN 0.826
4495 0 2.1145 FREEZE 0.000
4496 0 1.3307 WEAKEN 0.526
4497 0 1.7975 WEAKEN 0.030
4498 0 1.1750 WEAKEN 0.677
4499 1 2.0684 FREEZE 0.000
4500 0 1.5808 WEAKEN 0.824
4501 0 2.4093 FREEZE 0.000
4502 0 1.6172 WEAKEN 0.201
4503 0 1.6461 WEAKEN 0.176
4504 0 1.3406 WEAKEN 0.819
4505 0 1.6387 WEAKEN 0.628
4506 0 0.9808 PASS 1.000
4507 0 1.1894 WEAKEN 0.415
4508 0 1.4629 FREEZE 0.000
4509 0 1.1978 PASS 1.000
4510 0 1.3556 WEAKEN 0.797
4511 0 1.5093 WEAKEN 0.169
4512 0 1.4212 PASS 1.000
4513 0 1.7435 PASS 1.000
4514 0 1.2529 WEAKEN 0.444
4515 0 1.4992 WEAKEN 0.597
4516 0 1.6912 WEAKEN 0.400
4517 0 1.9447 WEAKEN 0.652
4518 0 1.5055 WEAKEN 0.492
4519 0 1.3658 PASS 1.000
4520 0 2.0587 FREEZE 0.000
4521 0 1.8579 WEAKEN 0.668
4522 0 1.6684 WEAKEN 0.633
4523 0 1.1610 WEAKEN 0.531
4524 0 1.7359 WEAKEN 0.349
4525 0 1.5922 WEAKEN 0.343
4526 0 0.9083 PASS 1.000
4527 0 2.2571 WEAKEN 0.008
4528 0 1.3700 WEAKEN 0.433
4529 0 1.7713 SILENCE 0.000
4530 0 1.0113 WEAKEN 0.827
4531 0 1.6706 WEAKEN 0.158
4532 0 2.0936 FREEZE 0.000
4533 0 1.4271 WEAKEN 0.610
4534 0 1.1978 PASS 1.000
4535 0 1.4543 WEAKEN 0.541
4536 0 1.5216 WEAKEN 0.670
4537 0 1.6940 WEAKEN 0.553
4538 0 1.7680 WEAKEN 0.875
4539 0 1.4827 WEAKEN 0.432
4540 0 1.6086 WEAKEN 0.629
4541 0 1.6002 PASS 1.000
4542 0 1.6396 WEAKEN 0.405
4543 0 1.2859 WEAKEN 0.828
4544 0 1.3276 WEAKEN 0.808
4545 0 1.1985 WEAKEN 0.552
4546 0 1.3883 WEAKEN 0.536
4547 0 1.2966 WEAKEN 0.550
4548 0 1.8625 WEAKEN 0.617
4549 0 1.4570 WEAKEN 0.278
4550 0 1.4810 WEAKEN 0.392
4551 0 1.9865 WEAKEN 0.599
4552 0 1.7712 FREEZE 0.000
4553 0 1.9764 FREEZE 0.000
4554 0 1.9297 WEAKEN 0.104
4555 0 1.2888 WEAKEN 0.564
4556 0 1.7609 WEAKEN 0.376
4557 0 1.3454 PASS 1.000
4558 0 2.1671 FREEZE 0.000
4559 0 1.7681 WEAKEN 0.284
4560 0 1.4787 WEAKEN 0.805
4561 0 1.3288 WEAKEN 0.827
4562 0 2.0118 WEAKEN 0.338
4563 0 1.9252 WEAKEN 0.041
4564 0 1.8371 WEAKEN 0.493
4565 0 1.2795 WEAKEN 0.782
4566 0 1.6962 FREEZE 0.000
4567 1 2.2935 SCAR 0.000
4568 0 0.8874 PASS 1.000
4569 0 1.8340 WEAKEN 0.867
4570 0 1.4889 WEAKEN 0.777
4571 0 1.7431 WEAKEN 0.233
4572 0 2.0425 WEAKEN 0.090
4573 0 1.4251 WEAKEN 0.252
4574 0 1.7481 FREEZE 0.000
4575 0 1.1663 WEAKEN 0.666
4576 1 2.3663 FREEZE 0.000
4577 0 1.9826 WEAKEN 0.800
4578 0 2.2417 WEAKEN 0.291
4579 0 1.6051 WEAKEN 0.710
4580 0 2.4677 FREEZE 0.000
4581 1 2.5469 FREEZE 0.000
4582 0 1.6099 WEAKEN 0.300
4583 0 1.3629 WEAKEN 0.148
4584 0 1.9515 WEAKEN 0.108
4585 1 1.9049 FREEZE 0.000
4586 0 1.6440 WEAKEN 0.175
4587 0 1.4282 WEAKEN 0.120
4588 0 1.2986 WEAKEN 0.565
4589 0 1.8307 WEAKEN 0.097
4590 0 1.5882 WEAKEN 0.254
4591 0 1.6679 WEAKEN 0.102
4592 0 1.1596 WEAKEN 0.988
4593 0 1.2919 PASS 1.000
4594 0 2.1596 WEAKEN 0.010
4595 0 1.4284 WEAKEN 0.407
4596 0 1.8235 WEAKEN 0.924
4597 0 1.4341 WEAKEN 0.656
4598 0 1.4734 PASS 1.000
4599 0 1.8222 FREEZE 0.000
4600 0 2.3776 FREEZE 0.000
4601 0 1.6993 WEAKEN 0.382
4602 0 1.5765 WEAKEN 0.555
4603 0 1.4145 WEAKEN 0.591
4604 0 1.4066 WEAKEN 0.913
4605 0 1.1871 WEAKEN 0.595
4606 0 1.6448 WEAKEN 0.153
4607 0 1.1926 WEAKEN 0.932
4608 0 1.9870 WEAKEN 0.452
4609 0 1.8810 SILENCE 0.000
4610 0 1.3928 WEAKEN 0.385
4611 0 1.6232 WEAKEN 0.442
4612 0 1.4641 WEAKEN 0.979
4613 0 2.1011 WEAKEN 0.938
4614 0 2.0376 WEAKEN 0.196
4615 1 6.6143 WEAKEN 0.098
4616 0 1.4430 WEAKEN 0.684
4617 0 1.7122 WEAKEN 0.206
4618 0 1.1363 PASS 1.000
4619 0 1.5481 WEAKEN 0.364
4620 1 9.4587 FREEZE 0.000
4621 0 1.2685 WEAKEN 0.544
4622 1 4.0731 FREEZE 0.000
4623 0 1.4666 WEAKEN 0.745
4624 0 1.6896 WEAKEN 0.633
4625 0 1.5470 FREEZE 0.000
4626 0 1.4853 WEAKEN 0.378
4627 0 1.4127 WEAKEN 0.477
4628 0 2.0604 WEAKEN 0.473
4629 0 1.1773 WEAKEN 0.690
4630 0 1.1944 WEAKEN 0.410
4631 0 1.0536 WEAKEN 0.530
4632 0 1.5952 WEAKEN 0.812
4633 1 2.1991 FREEZE 0.000
4634 0 1.2957 WEAKEN 0.748
4635 0 1.5613 WEAKEN 0.655
4636 1 7.6559 FREEZE 0.000
4637 0 1.5484 WEAKEN 0.701
4638 0 1.5712 WEAKEN 0.533
4639 0 1.6069 WEAKEN 0.349
4640 0 1.6189 SCAR 0.000
4641 0 1.8091 FREEZE 0.000
4642 0 2.0296 FREEZE 0.000
4643 0 1.0318 PASS 1.000
4644 0 1.6914 FREEZE 0.000
4645 0 2.2598 FREEZE 0.000
4646 1 2.1977 FREEZE 0.000
4647 0 1.8434 WEAKEN 0.193
4648 0 1.5160 FREEZE 0.000
4649 0 1.7986 FREEZE 0.000
4650 0 1.0731 WEAKEN 0.687
4651 0 1.4711 PASS 1.000
4652 0 1.2704 WEAKEN 0.771
4653 0 1.3909 WEAKEN 0.510
4654 0 1.6818 WEAKEN 0.342
4655 0 1.4948 WEAKEN 0.692
4656 0 1.8410 WEAKEN 0.024
4657 1 2.4414 SCAR 0.000
4658 0 1.7886 WEAKEN 0.320
4659 0 1.3948 WEAKEN 0.569
4660 0 1.7164 WEAKEN 0.201
4661 1 2.1731 SCAR 0.000
4662 0 1.7771 WEAKEN 0.518
4663 0 1.8487 WEAKEN 0.572
4664 0 1.3035 WEAKEN 0.689
4665 0 1.5058 WEAKEN 0.703
4666 0 1.8528 WEAKEN 0.257
4667 0 1.3962 WEAKEN 0.896
4668 0 1.1374 WEAKEN 0.601
4669 0 1.8606 WEAKEN 0.292
4670 0 1.5659 WEAKEN 0.341
4671 0 1.4521 WEAKEN 0.732
4672 0 1.3451 PASS 1.000
4673 0 1.5753 WEAKEN 0.769
4674 0 1.3645 WEAKEN 0.312
4675 0 1.4616 WEAKEN 0.628
4676 0 1.2520 WEAKEN 0.973
4677 0 1.7140 WEAKEN 0.780
4678 0 1.6660 WEAKEN 0.244
4679 0 1.5302 PASS 1.000
4680 1 8.2912 FREEZE 0.000
4681 0 0.8926 WEAKEN 0.609
4682 0 1.7221 PASS 1.000
4683 0 1.8408 FREEZE 0.000
4684 0 1.3729 WEAKEN 0.944
4685 0 1.7001 WEAKEN 0.740
4686 0 1.3293 WEAKEN 0.367
4687 0 1.5713 WEAKEN 0.359
4688 0 2.0847 FREEZE 0.000
4689 0 1.7770 FREEZE 0.000
4690 0 1.8174 WEAKEN 0.311
4691 0 1.7104 WEAKEN 0.853
4692 0 1.2712 WEAKEN 0.919
4693 0 1.6977 WEAKEN 0.754
4694 0 1.1853 WEAKEN 0.246
4695 0 1.5222 WEAKEN 0.634
4696 0 1.6494 WEAKEN 0.089
4697 1 2.2344 DARK 0.000
4698 1 2.5686 FREEZE 0.000
4699 0 0.9460 WEAKEN 0.536
4700 0 1.4137 WEAKEN 0.703
4701 0 1.3928 WEAKEN 0.698
4702 0 1.3346 WEAKEN 0.767
4703 0 1.4039 WEAKEN 0.157
4704 0 2.0877 FREEZE 0.000
4705 0 1.7963 WEAKEN 0.611
4706 0 1.6777 WEAKEN 0.755
4707 0 1.3408 PASS 1.000
4708 0 1.3196 WEAKEN 0.734
4709 1 2.0327 SILENCE 0.000
4710 0 1.1800 WEAKEN 0.833
4711 1 6.8024 FREEZE 0.000
4712 1 2.3334 FREEZE 0.000
4713 0 1.8717 FREEZE 0.000
4714 0 1.8064 FREEZE 0.000
4715 1 1.9757 FREEZE 0.000
4716 0 1.6844 WEAKEN 0.325
4717 0 1.5115 WEAKEN 0.711
4718 0 2.0528 FREEZE 0.000
4719 0 1.8987 WEAKEN 0.701
4720 0 1.5019 PASS 1.000
4721 0 1.3395 PASS 1.000
4722 0 1.3072 WEAKEN 0.455
4723 0 1.7521 WEAKEN 0.185
4724 0 1.7447 WEAKEN 0.944
4725 0 1.2755 WEAKEN 0.337
4726 0 1.5776 WEAKEN 0.232
4727 0 1.5478 WEAKEN 0.366
4728 0 1.4703 WEAKEN 0.591
4729 0 1.8389 FREEZE 0.000
4730 0 1.5225 WEAKEN 0.486
4731 0 1.7713 FREEZE 0.000
4732 0 1.3995 WEAKEN 0.618
4733 0 1.8367 FREEZE 0.000
4734 0 1.3645 WEAKEN 0.623
4735 0 1.5166 WEAKEN 0.530
4736 0 2.0649 WEAKEN 0.500
4737 0 1.3093 WEAKEN 0.179
4738 0 1.6767 WEAKEN 0.875
4739 0 1.2332 PASS 1.000
4740 0 1.5732 PASS 1.000
4741 0 1.1077 WEAKEN 0.876
4742 0 1.8195 WEAKEN 0.317
4743 0 1.8300 WEAKEN 0.719
4744 0 1.8886 WEAKEN 0.907
4745 0 2.1112 FREEZE 0.000
4746 0 1.3670 WEAKEN 0.706
4747 1 2.2830 FREEZE 0.000
4748 0 1.9692 WEAKEN 0.300
4749 0 1.1344 WEAKEN 0.515
4750 0 1.7517 WEAKEN 0.619
4751 0 1.4764 PASS 1.000
4752 0 1.2637 WEAKEN 0.995
4753 0 1.6851 WEAKEN 0.721
4754 0 1.7097 WEAKEN 0.889
4755 0 1.8549 WEAKEN 0.622
4756 0 1.9490 FREEZE 0.000
4757 0 1.8233 FREEZE 0.000
4758 0 2.1156 WEAKEN 0.224
4759 0 2.0551 FREEZE 0.000
4760 0 1.5239 WEAKEN 0.458
4761 0 1.3798 WEAKEN 0.574
4762 0 1.3014 PASS 1.000
4763 0 2.0696 FREEZE 0.000
4764 0 1.5057 WEAKEN 0.673
4765 0 1.4196 WEAKEN 0.135
4766 0 1.7403 FREEZE 0.000
4767 1 2.5095 SCAR 0.000
4768 0 1.0461 WEAKEN 0.127
4769 0 2.0689 WEAKEN 0.393
4770 0 1.0304 WEAKEN 0.897
4771 1 7.5225 FREEZE 0.000
4772 0 1.6401 WEAKEN 0.805
4773 0 1.8846 WEAKEN 0.421
4774 0 1.5985 WEAKEN 0.318
4775 0 1.1866 WEAKEN 0.272
4776 0 1.5187 WEAKEN 0.714
4777 1 2.3461 FREEZE 0.000
4778 0 1.3489 WEAKEN 0.660
4779 0 2.1114 FREEZE 0.000
4780 0 2.0999 WEAKEN 0.079
4781 0 1.3596 WEAKEN 0.335
4782 0 1.3781 WEAKEN 0.685
4783 0 1.7167 WEAKEN 0.619
4784 0 1.4171 WEAKEN 0.816
4785 1 7.7184 FREEZE 0.000
4786 0 1.5701 WEAKEN 0.405
4787 0 1.7024 WEAKEN 0.196
4788 1 8.0858 FREEZE 0.000
4789 0 2.0927 WEAKEN 0.335
4790 0 1.8895 WEAKEN 0.128
4791 0 0.9999 WEAKEN 0.700
4792 0 1.8009 WEAKEN 0.640
4793 0 1.5221 WEAKEN 0.751
4794 0 1.8596 FREEZE 0.000
4795 0 2.0029 SILENCE 0.000
4796 0 1.4201 WEAKEN 0.527
4797 0 1.0434 WEAKEN 0.899
4798 0 1.2676 WEAKEN 0.987
4799 0 1.7918 WEAKEN 0.164
4800 0 2.1076 WEAKEN 0.341
4801 0 1.5224 WEAKEN 0.550
4802 0 0.7823 WEAKEN 0.900
4803 1 7.9894 FREEZE 0.000
4804 0 1.8904 WEAKEN 0.198
4805 0 1.7014 WEAKEN 0.584
4806 0 1.5846 WEAKEN 0.673
4807 0 2.5507 WEAKEN 0.033
4808 0 2.0383 WEAKEN 0.332
4809 0 1.9312 WEAKEN 0.038
4810 0 1.6572 WEAKEN 0.443
4811 0 1.7767 FREEZE 0.000
4812 0 1.6731 WEAKEN 0.628
4813 0 1.3656 WEAKEN 0.731
4814 0 1.2378 WEAKEN 0.227
4815 0 1.2100 PASS 1.000
4816 0 1.1965 WEAKEN 0.968
4817 0 1.1912 WEAKEN 0.305
4818 0 1.2802 WEAKEN 0.895
4819 0 1.5862 WEAKEN 0.909
4820 0 1.3700 WEAKEN 0.635
4821 0 1.2764 PASS 1.000
4822 0 2.7665 WEAKEN 0.141
4823 0 1.1949 WEAKEN 0.711
4824 0 1.4284 WEAKEN 0.350
4825 0 1.5078 FREEZE 0.000
4826 0 1.5745 WEAKEN 0.111
4827 0 1.4201 WEAKEN 0.041
4828 0 1.2008 WEAKEN 0.948
4829 0 1.3107 WEAKEN 0.097
4830 0 1.3211 WEAKEN 0.419
4831 0 2.0849 WEAKEN 0.185
4832 0 1.5604 PASS 1.000
4833 0 1.3684 WEAKEN 0.645
4834 0 1.7245 WEAKEN 0.693
4835 0 1.1165 WEAKEN 0.844
4836 0 1.0907 WEAKEN 0.541
4837 0 1.5384 WEAKEN 0.752
4838 0 1.5267 WEAKEN 0.162
4839 0 1.9095 FREEZE 0.000
4840 0 1.7050 WEAKEN 0.169
4841 0 1.3997 WEAKEN 0.654
4842 0 1.2381 WEAKEN 0.931
4843 0 1.5618 WEAKEN 0.325
4844 0 1.6162 WEAKEN 0.784
4845 0 1.4382 PASS 1.000
4846 0 1.2322 WEAKEN 0.350
4847 0 1.3183 WEAKEN 0.447
4848 0 1.1975 WEAKEN 0.512
4849 0 1.6193 PASS 1.000
4850 0 1.7612 PASS 1.000
4851 0 1.7386 WEAKEN 0.402
4852 0 2.4668 WEAKEN 0.265
4853 0 2.1948 WEAKEN 0.233
4854 0 1.9634 FREEZE 0.000
4855 0 1.3560 WEAKEN 0.541
4856 0 1.6450 SCAR 0.000
4857 0 1.6155 WEAKEN 0.741
4858 0 1.9321 WEAKEN 0.415
4859 0 1.2265 WEAKEN 0.702
4860 0 1.6410 FREEZE 0.000
4861 0 1.4775 PASS 1.000
4862 0 1.9032 WEAKEN 0.472
4863 0 1.4541 WEAKEN 0.564
4864 0 1.5399 WEAKEN 0.558
4865 0 1.5977 WEAKEN 0.371
4866 0 1.9949 FREEZE 0.000
4867 0 1.3343 WEAKEN 0.538
4868 1 2.1477 SILENCE 0.000
4869 1 2.1532 FREEZE 0.000
4870 1 2.3058 FREEZE 0.000
4871 0 1.2486 WEAKEN 0.383
4872 0 1.3653 WEAKEN 0.926
4873 1 2.1281 SCAR 0.000
4874 0 1.6208 WEAKEN 0.458
4875 0 1.5993 WEAKEN 0.569
4876 0 1.2901 PASS 1.000
4877 0 1.6172 FREEZE 0.000
4878 0 1.0909 WEAKEN 0.858
4879 0 1.1579 PASS 1.000
4880 0 1.4529 WEAKEN 0.453
4881 0 1.6503 WEAKEN 0.299
4882 0 1.4231 WEAKEN 0.788
4883 0 1.2403 FREEZE 0.000
4884 0 1.5995 FREEZE 0.000
4885 0 1.6893 WEAKEN 0.422
4886 0 1.8714 FREEZE 0.000
4887 0 1.2629 PASS 1.000
4888 0 1.6185 WEAKEN 0.012
4889 1 2.3027 SCAR 0.000
4890 0 1.2432 WEAKEN 0.564
4891 0 1.3232 WEAKEN 0.122
4892 0 1.4335 PASS 1.000
4893 0 1.9470 WEAKEN 0.316
4894 0 1.5381 WEAKEN 0.216
4895 0 1.1770 PASS 1.000
4896 0 1.1054 PASS 1.000
4897 0 1.4428 PASS 1.000
4898 0 1.1056 WEAKEN 0.968
4899 0 1.7959 FREEZE 0.000
4900 1 2.0250 SILENCE 0.000
4901 0 1.1521 WEAKEN 0.951
4902 0 1.7450 WEAKEN 0.378
4903 0 1.6859 WEAKEN 0.876
4904 0 2.0186 WEAKEN 0.194
4905 0 1.5719 FREEZE 0.000
4906 0 1.0765 PASS 1.000
4907 0 1.8604 WEAKEN 0.408
4908 0 1.6660 PASS 1.000
4909 0 1.6458 WEAKEN 0.215
4910 0 1.7144 WEAKEN 0.709
4911 0 1.6750 WEAKEN 0.064
4912 1 8.9547 FREEZE 0.000
4913 0 1.3961 WEAKEN 0.305
4914 0 1.7222 WEAKEN 0.651
4915 0 1.5577 WEAKEN 0.589
4916 0 1.9339 WEAKEN 0.451
4917 0 1.4509 WEAKEN 0.427
4918 0 1.5403 WEAKEN 0.464
4919 1 1.9715 FREEZE 0.000
4920 1 2.1122 SCAR 0.000
4921 0 1.4918 FREEZE 0.000
4922 0 1.3953 PASS 1.000
4923 0 1.6860 WEAKEN 0.548
4924 0 1.6027 WEAKEN 0.023
4925 0 1.2991 WEAKEN 0.342
4926 0 1.9967 FREEZE 0.000
4927 0 1.6034 PASS 1.000
4928 0 2.0880 WEAKEN 0.002
4929 1 2.5399 FREEZE 0.000
4930 0 1.3837 WEAKEN 0.927
4931 0 1.2728 WEAKEN 0.854
4932 0 1.4051 WEAKEN 0.838
4933 0 1.0972 WEAKEN 0.590
4934 0 1.6442 WEAKEN 0.424
4935 0 1.7151 WEAKEN 0.883
4936 0 1.6031 FREEZE 0.000
4937 0 1.5475 WEAKEN 0.784
4938 0 1.3604 WEAKEN 0.621
4939 0 1.6192 FREEZE 0.000
4940 0 1.2637 WEAKEN 0.533
4941 0 1.4617 WEAKEN 0.455
4942 0 1.2990 WEAKEN 0.307
4943 0 1.4141 WEAKEN 0.837
4944 0 1.2520 WEAKEN 0.512
4945 0 1.9337 FREEZE 0.000
4946 0 2.0204 WEAKEN 0.113
4947 0 1.8871 WEAKEN 0.604
4948 0 1.2851 WEAKEN 0.776
4949 0 1.4704 FREEZE 0.000
4950 0 1.7976 FREEZE 0.000
4951 0 1.0915 WEAKEN 0.767
4952 0 2.1663 SCAR 0.000
4953 0 1.0175 WEAKEN 0.846
4954 0 1.3612 PASS 1.000
4955 0 1.8085 WEAKEN 0.877
4956 0 1.4755 WEAKEN 0.668
4957 0 1.4918 WEAKEN 0.263
4958 1 2.3708 FREEZE 0.000
4959 1 2.1342 SILENCE 0.000
4960 0 1.7758 WEAKEN 0.067
4961 0 1.0930 WEAKEN 0.759
4962 0 1.7612 WEAKEN 0.582
4963 0 1.3551 PASS 1.000
4964 0 1.4738 WEAKEN 0.712
4965 1 2.0580 FREEZE 0.000
4966 0 1.4231 WEAKEN 0.601
4967 0 1.2518 WEAKEN 0.729
4968 0 1.9826 FREEZE 0.000
4969 0 1.3193 WEAKEN 0.513
4970 0 1.7662 WEAKEN 0.092
4971 0 1.9295 WEAKEN 0.575
4972 0 1.1594 WEAKEN 0.947
4973 0 1.2025 WEAKEN 0.384
4974 0 2.1002 WEAKEN 0.004
4975 0 1.5302 WEAKEN 0.864
4976 0 1.7326 WEAKEN 0.300
4977 0 1.3914 WEAKEN 0.079
4978 0 1.7056 WEAKEN 0.397
4979 0 2.1879 FREEZE 0.000
4980 0 1.5498 WEAKEN 0.246
4981 0 1.0599 WEAKEN 0.012
4982 1 2.2722 FREEZE 0.000
4983 1 2.1825 FREEZE 0.000
4984 0 1.6423 WEAKEN 0.486
4985 0 1.2273 WEAKEN 0.691
4986 1 5.3007 FREEZE 0.000
4987 0 1.1581 PASS 1.000
4988 0 1.1579 WEAKEN 0.725
4989 0 1.5513 WEAKEN 0.968
4990 0 1.5256 WEAKEN 0.539
4991 0 1.4503 WEAKEN 0.458
4992 1 2.2489 FREEZE 0.000
4993 0 1.8003 FREEZE 0.000
4994 0 1.3678 WEAKEN 0.196
4995 1 2.2177 FREEZE 0.000
4996 0 1.8700 WEAKEN 0.192
4997 0 2.2382 FREEZE 0.000
4998 0 1.6994 WEAKEN 0.201
4999 0 1.7033 WEAKEN 0.966
5000 0 1.4854 WEAKEN 0.773
