# step source loss verdict alpha
1 0 5.5882 WEAKEN 0.179
2 0 5.1538 WEAKEN 0.177
3 0 5.2479 WEAKEN 0.112
4 0 4.8829 WEAKEN 0.764
5 0 4.7604 FREEZE 0.000
6 1 4.9367 WEAKEN 0.045
7 0 4.3654 WEAKEN 0.617
8 0 4.2859 PASS 1.000
9 0 4.1564 WEAKEN 0.108
10 0 3.9931 WEAKEN 0.248
11 0 3.9042 WEAKEN 0.733
12 0 3.7270 WEAKEN 0.705
13 0 4.0111 WEAKEN 0.420
14 0 3.8859 SILENCE 0.000
15 0 3.6798 PASS 1.000
16 0 3.3883 WEAKEN 0.452
17 0 3.3661 WEAKEN 0.053
18 0 3.3176 WEAKEN 0.503
19 0 3.4442 WEAKEN 0.315
20 0 3.4164 WEAKEN 0.981
21 0 3.2938 WEAKEN 0.613
22 0 3.5671 WEAKEN 0.146
23 0 3.3863 FREEZE 0.000
24 1 3.6282 FREEZE 0.000
25 0 3.4519 WEAKEN 0.150
26 0 3.4753 FREEZE 0.000
27 0 3.3861 FREEZE 0.000
28 0 2.9721 WEAKEN 0.619
29 0 3.0553 WEAKEN 0.674
30 0 3.4848 PASS 1.000
31 0 2.9504 WEAKEN 0.355
32 0 2.8020 WEAKEN 0.909
33 0 3.1986 WEAKEN 0.980
34 0 2.6990 PASS 1.000
35 0 2.6179 WEAKEN 0.628
36 0 2.8251 PASS 1.000
37 0 3.1434 WEAKEN 0.007
38 1 3.4620 FREEZE 0.000
39 0 2.6951 PASS 1.000
40 0 2.7855 WEAKEN 0.640
41 1 3.4554 SILENCE 0.000
42 0 2.5996 WEAKEN 0.763
43 1 3.3868 FREEZE 0.000
44 0 3.1478 FREEZE 0.000
45 0 2.8346 WEAKEN 0.724
46 0 2.8030 FREEZE 0.000
47 0 2.7073 WEAKEN 0.961
48 0 2.8996 WEAKEN 0.378
49 0 2.5940 FREEZE 0.000
50 0 2.9275 WEAKEN 0.576
51 0 3.0398 FREEZE 0.000
52 0 2.7877 WEAKEN 0.055
53 0 2.8707 WEAKEN 0.831
54 0 2.5407 WEAKEN 0.889
55 0 3.0521 WEAKEN 0.118
56 0 2.7994 WEAKEN 0.113
57 0 2.8983 FREEZE 0.000
58 0 2.8057 WEAKEN 0.648
59 0 3.1003 FREEZE 0.000
60 0 2.7336 WEAKEN 0.822
61 1 3.4184 SCAR 0.000
62 0 2.8211 WEAKEN 0.181
63 0 2.8040 WEAKEN 0.458
64 0 2.7685 WEAKEN 0.180
65 0 2.6258 WEAKEN 0.106
66 0 2.6518 WEAKEN 0.692
67 0 2.3458 WEAKEN 0.425
68 0 2.9812 FREEZE 0.000
69 0 2.9807 SILENCE 0.000
70 0 2.7013 WEAKEN 0.189
71 0 2.5324 PASS 1.000
72 0 2.8313 WEAKEN 0.502
73 0 2.7731 WEAKEN 0.611
74 0 2.9152 WEAKEN 0.469
75 0 2.8421 WEAKEN 0.399
76 1 6.7453 FREEZE 0.000
77 0 2.9183 WEAKEN 0.291
78 0 2.7780 WEAKEN 0.619
79 0 3.0039 WEAKEN 0.576
80 0 2.9159 WEAKEN 0.638
81 0 2.5252 WEAKEN 0.849
82 1 6.8815 FREEZE 0.000
83 0 2.8593 WEAKEN 0.775
84 0 2.8187 WEAKEN 0.481
85 0 3.0715 FREEZE 0.000
86 0 2.8395 WEAKEN 0.785
87 0 2.8709 WEAKEN 0.334
88 0 2.6480 WEAKEN 0.700
89 0 2.6399 WEAKEN 0.911
90 0 2.6247 WEAKEN 0.789
91 0 2.6676 WEAKEN 0.378
92 0 2.5300 WEAKEN 0.245
93 0 2.8565 WEAKEN 0.740
94 0 2.9576 FREEZE 0.000
95 0 2.7624 WEAKEN 0.729
96 0 2.9579 WEAKEN 0.539
97 0 2.7650 FREEZE 0.000
98 1 5.9932 FREEZE 0.000
99 0 3.0547 WEAKEN 0.215
100 0 2.5182 WEAKEN 0.773
101 0 2.5756 WEAKEN 0.927
102 0 2.7541 FREEZE 0.000
103 0 2.7405 WEAKEN 0.496
104 0 2.6478 WEAKEN 0.617
105 1 6.5173 FREEZE 0.000
106 0 2.9677 WEAKEN 0.160
107 0 2.8562 WEAKEN 0.317
108 0 2.5975 WEAKEN 0.512
109 0 2.5429 WEAKEN 0.162
110 0 2.6600 WEAKEN 0.001
111 0 2.4871 PASS 1.000
112 0 2.9930 WEAKEN 0.273
113 0 2.3201 WEAKEN 0.698
114 0 2.7235 FREEZE 0.000
115 0 2.7925 WEAKEN 0.702
116 0 2.5563 WEAKEN 0.745
117 0 2.6360 WEAKEN 0.933
118 0 2.5557 WEAKEN 0.553
119 1 2.9029 FREEZE 0.000
120 0 2.7153 WEAKEN 0.008
121 0 2.7351 WEAKEN 0.264
122 1 3.2871 SCAR 0.000
123 0 2.6914 WEAKEN 0.576
124 0 2.5140 WEAKEN 0.704
125 0 2.8923 WEAKEN 0.280
126 0 2.3399 WEAKEN 0.565
127 0 2.3910 WEAKEN 0.493
128 0 2.3877 WEAKEN 0.562
129 0 2.7053 WEAKEN 0.611
130 0 2.3220 WEAKEN 0.671
131 0 2.5423 WEAKEN 0.606
132 0 2.6651 WEAKEN 0.841
133 0 2.6160 WEAKEN 0.468
134 0 2.7099 WEAKEN 0.882
135 0 2.8972 FREEZE 0.000
136 0 2.7639 FREEZE 0.000
137 0 2.5371 WEAKEN 0.402
138 0 2.4957 WEAKEN 0.516
139 0 2.8035 WEAKEN 0.125
140 1 2.9854 SCAR 0.000
141 0 2.4278 WEAKEN 0.353
142 1 2.8826 FREEZE 0.000
143 0 2.6459 PASS 1.000
144 0 2.4637 WEAKEN 0.609
145 1 2.9197 FREEZE 0.000
146 0 2.5224 WEAKEN 0.690
147 0 2.8647 FREEZE 0.000
148 0 2.5877 WEAKEN 0.758
149 0 2.6047 WEAKEN 0.350
150 0 2.7180 WEAKEN 0.702
151 0 2.6036 WEAKEN 0.302
152 0 2.5667 WEAKEN 0.621
153 0 2.2769 WEAKEN 0.410
154 1 2.9000 SCAR 0.000
155 0 2.7732 PASS 1.000
156 0 3.0177 FREEZE 0.000
157 0 2.5832 FREEZE 0.000
158 0 2.6128 WEAKEN 0.226
159 1 2.9378 FREEZE 0.000
160 0 2.4355 WEAKEN 0.698
161 0 2.4785 WEAKEN 0.659
162 0 2.6027 WEAKEN 0.110
163 0 2.9280 FREEZE 0.000
164 0 2.3759 WEAKEN 0.996
165 0 2.6362 FREEZE 0.000
166 0 2.7414 WEAKEN 0.497
167 0 2.4029 WEAKEN 0.736
168 0 2.5098 WEAKEN 0.169
169 0 2.7013 WEAKEN 0.365
170 0 2.6463 FREEZE 0.000
171 0 2.3067 PASS 1.000
172 0 2.6322 WEAKEN 0.004
173 0 2.6391 WEAKEN 0.357
174 0 2.7297 FREEZE 0.000
175 0 2.3013 WEAKEN 0.646
176 0 2.1038 WEAKEN 0.719
177 0 2.5891 WEAKEN 0.924
178 0 2.6232 WEAKEN 0.503
179 0 2.7254 WEAKEN 0.130
180 0 2.8618 WEAKEN 0.043
181 0 2.3353 WEAKEN 0.929
182 0 2.3389 WEAKEN 0.295
183 0 2.3770 WEAKEN 0.407
184 0 2.6782 WEAKEN 0.482
185 1 3.0413 FREEZE 0.000
186 0 2.9163 WEAKEN 0.229
187 0 2.3991 FREEZE 0.000
188 0 2.4584 WEAKEN 0.279
189 0 3.0250 FREEZE 0.000
190 0 2.7164 WEAKEN 0.067
191 0 2.5583 WEAKEN 0.040
192 0 2.5572 WEAKEN 0.588
193 0 2.6741 WEAKEN 0.625
194 0 2.7257 WEAKEN 0.098
195 0 2.7594 WEAKEN 0.418
196 0 2.8009 WEAKEN 0.241
197 0 2.5839 WEAKEN 0.033
198 0 2.7729 FREEZE 0.000
199 0 2.2899 WEAKEN 0.813
200 0 2.4802 WEAKEN 0.536
201 0 2.5840 WEAKEN 0.174
202 0 2.4218 WEAKEN 0.728
203 1 2.9644 SCAR 0.000
204 0 2.6252 FREEZE 0.000
205 1 2.9391 SCAR 0.000
206 0 2.3342 PASS 1.000
207 0 2.6817 WEAKEN 0.453
208 0 2.3137 WEAKEN 0.513
209 0 2.4564 WEAKEN 0.293
210 0 2.3119 WEAKEN 0.735
211 0 2.6431 FREEZE 0.000
212 0 2.3865 WEAKEN 0.203
213 1 3.0252 FREEZE 0.000
214 0 2.6297 WEAKEN 0.244
215 0 2.4486 WEAKEN 0.422
216 0 2.6199 WEAKEN 0.716
217 1 3.0547 SCAR 0.000
218 0 2.4212 WEAKEN 0.899
219 1 3.0944 SCAR 0.000
220 0 2.6202 WEAKEN 0.182
221 0 2.4404 WEAKEN 0.723
222 0 2.4996 WEAKEN 0.861
223 0 2.9826 FREEZE 0.000
224 0 2.2469 WEAKEN 0.868
225 0 2.4427 WEAKEN 0.908
226 0 2.3719 WEAKEN 0.078
227 0 2.4492 WEAKEN 0.466
228 1 2.7287 SILENCE 0.000
229 0 2.3396 WEAKEN 0.416
230 0 2.3728 WEAKEN 0.363
231 0 2.2158 WEAKEN 0.773
232 0 2.8520 WEAKEN 0.613
233 0 2.4439 WEAKEN 0.533
234 0 2.6188 FREEZE 0.000
235 0 2.0842 PASS 1.000
236 0 2.8675 FREEZE 0.000
237 0 2.5389 WEAKEN 0.180
238 0 2.3733 WEAKEN 0.601
239 1 3.0348 SCAR 0.000
240 0 2.3553 WEAKEN 0.583
241 0 2.1199 WEAKEN 0.730
242 0 2.5320 WEAKEN 0.243
243 0 2.3188 WEAKEN 0.562
244 0 2.6565 WEAKEN 0.806
245 0 2.3681 PASS 1.000
246 0 2.3534 WEAKEN 0.431
247 0 2.6709 WEAKEN 0.746
248 0 2.4703 WEAKEN 0.238
249 0 2.6284 FREEZE 0.000
250 0 2.2498 WEAKEN 0.703
251 0 2.3684 FREEZE 0.000
252 0 2.4311 WEAKEN 0.225
253 0 2.7248 FREEZE 0.000
254 0 2.1660 WEAKEN 0.837
255 0 2.2712 WEAKEN 0.286
256 1 6.9159 FREEZE 0.000
257 0 2.7253 FREEZE 0.000
258 0 2.5984 WEAKEN 0.612
259 0 2.3711 WEAKEN 0.355
260 0 2.1811 WEAKEN 0.858
261 1 2.9416 DARK 0.000
262 0 2.4985 WEAKEN 0.490
263 0 2.8423 WEAKEN 0.079
264 0 2.7003 WEAKEN 0.301
265 0 2.6988 FREEZE 0.000
266 0 2.4615 WEAKEN 0.874
267 0 2.4990 WEAKEN 0.271
268 0 2.5104 WEAKEN 0.422
269 0 2.5647 WEAKEN 0.157
270 0 2.5536 WEAKEN 0.540
271 0 2.5218 WEAKEN 0.307
272 0 2.2939 WEAKEN 0.086
273 0 2.5997 WEAKEN 0.515
274 0 2.5659 FREEZE 0.000
275 0 2.7362 WEAKEN 0.423
276 0 2.2307 WEAKEN 0.188
277 0 2.4011 WEAKEN 0.379
278 0 2.2315 WEAKEN 0.902
279 0 2.4467 WEAKEN 0.011
280 0 2.2601 WEAKEN 0.945
281 0 2.5166 WEAKEN 0.672
282 0 2.6638 FREEZE 0.000
283 0 2.3447 WEAKEN 0.121
284 0 2.3621 WEAKEN 0.432
285 0 2.4253 WEAKEN 0.754
286 0 2.2408 PASS 1.000
287 0 2.7287 WEAKEN 0.019
288 0 2.6578 FREEZE 0.000
289 0 2.3433 WEAKEN 0.645
290 0 2.5208 WEAKEN 0.367
291 0 2.3118 WEAKEN 0.773
292 0 2.4881 FREEZE 0.000
293 0 2.6843 FREEZE 0.000
294 0 2.2889 WEAKEN 0.492
295 0 2.6313 FREEZE 0.000
296 0 2.3759 WEAKEN 0.191
297 0 2.2982 WEAKEN 0.322
298 0 2.4517 WEAKEN 0.017
299 1 8.4774 FREEZE 0.000
300 0 2.6681 WEAKEN 0.296
301 0 2.2775 WEAKEN 0.956
302 0 2.5610 WEAKEN 0.914
303 0 2.1240 WEAKEN 0.927
304 0 2.1923 WEAKEN 0.666
305 0 2.4200 WEAKEN 0.024
306 0 2.5989 WEAKEN 0.072
307 0 2.4325 WEAKEN 0.497
308 0 2.3237 WEAKEN 0.636
309 0 2.0879 WEAKEN 0.849
310 0 2.5044 FREEZE 0.000
311 0 2.3148 WEAKEN 0.182
312 1 2.9363 SCAR 0.000
313 0 2.9213 WEAKEN 0.106
314 0 2.3273 WEAKEN 0.688
315 0 2.3875 WEAKEN 0.772
316 0 2.4829 WEAKEN 0.884
317 1 7.5928 FREEZE 0.000
318 0 2.4213 WEAKEN 0.811
319 0 2.5832 WEAKEN 0.349
320 0 2.3633 WEAKEN 0.861
321 0 2.8729 WEAKEN 0.387
322 0 2.0338 WEAKEN 0.821
323 0 2.3086 WEAKEN 0.041
324 0 2.4630 WEAKEN 0.369
325 0 2.6827 WEAKEN 0.207
326 0 2.1395 WEAKEN 0.790
327 0 2.1421 WEAKEN 0.452
328 0 2.6805 FREEZE 0.000
329 0 2.4029 WEAKEN 0.820
330 0 2.1524 WEAKEN 0.610
331 0 2.4922 WEAKEN 0.491
332 0 2.3856 FREEZE 0.000
333 0 2.6212 WEAKEN 0.919
334 0 2.4826 FREEZE 0.000
335 0 2.2756 WEAKEN 0.944
336 0 2.6754 FREEZE 0.000
337 0 2.6758 WEAKEN 0.034
338 0 2.3221 WEAKEN 0.469
339 0 2.4078 WEAKEN 0.486
340 0 2.3661 WEAKEN 0.155
341 0 2.3128 PASS 1.000
342 0 2.1674 WEAKEN 0.372
343 0 2.2217 WEAKEN 0.660
344 0 2.6544 WEAKEN 0.037
345 0 2.6484 WEAKEN 0.079
346 0 2.5574 WEAKEN 0.153
347 1 2.7200 FREEZE 0.000
348 0 3.0689 FREEZE 0.000
349 0 2.6059 WEAKEN 0.081
350 0 2.5953 WEAKEN 0.400
351 0 2.2368 WEAKEN 0.231
352 1 4.3509 FREEZE 0.000
353 0 2.5525 FREEZE 0.000
354 0 2.3411 WEAKEN 0.463
355 0 2.4167 WEAKEN 0.837
356 1 2.6812 SILENCE 0.000
357 0 2.3724 PASS 1.000
358 0 2.5560 WEAKEN 0.173
359 0 2.2820 WEAKEN 0.670
360 0 2.2198 WEAKEN 0.557
361 0 2.7259 FREEZE 0.000
362 0 2.3615 WEAKEN 0.375
363 0 2.0662 PASS 1.000
364 0 2.6107 WEAKEN 0.374
365 0 2.3046 FREEZE 0.000
366 0 2.5402 FREEZE 0.000
367 0 2.2180 WEAKEN 0.217
368 0 2.1377 WEAKEN 0.872
369 0 2.9231 FREEZE 0.000
370 0 2.6331 WEAKEN 0.005
371 0 2.4266 WEAKEN 0.136
372 0 2.6509 FREEZE 0.000
373 0 2.4093 WEAKEN 0.654
374 0 2.4808 WEAKEN 0.290
375 1 2.7903 FREEZE 0.000
376 1 6.3735 FREEZE 0.000
377 0 2.1803 WEAKEN 0.656
378 0 2.5201 FREEZE 0.000
379 0 2.0479 WEAKEN 0.891
380 0 2.4813 FREEZE 0.000
381 0 2.5052 FREEZE 0.000
382 0 2.2491 FREEZE 0.000
383 0 2.3520 WEAKEN 0.595
384 0 2.2227 WEAKEN 0.707
385 0 2.1355 FREEZE 0.000
386 0 2.5206 WEAKEN 0.138
387 0 2.4973 WEAKEN 0.697
388 0 2.5398 FREEZE 0.000
389 0 2.5978 WEAKEN 0.403
390 0 2.4838 FREEZE 0.000
391 0 2.4310 WEAKEN 0.382
392 0 2.7239 WEAKEN 0.972
393 0 2.3195 WEAKEN 0.871
394 1 2.7433 FREEZE 0.000
395 0 2.2953 WEAKEN 0.177
396 0 2.3006 WEAKEN 0.624
397 0 2.3035 WEAKEN 0.613
398 0 2.4171 WEAKEN 0.194
399 0 2.7976 WEAKEN 0.287
400 0 2.7336 FREEZE 0.000
401 0 2.0487 WEAKEN 0.876
402 0 2.3230 WEAKEN 0.384
403 0 2.5133 WEAKEN 0.234
404 0 2.1647 WEAKEN 0.610
405 0 2.0201 WEAKEN 0.152
406 0 2.3298 WEAKEN 0.818
407 0 2.2751 WEAKEN 0.839
408 0 2.5300 WEAKEN 0.630
409 0 2.6007 WEAKEN 0.024
410 0 2.5025 FREEZE 0.000
411 1 3.1296 SCAR 0.000
412 0 2.8587 SILENCE 0.000
413 0 2.1221 WEAKEN 0.776
414 0 2.5460 FREEZE 0.000
415 0 2.2683 WEAKEN 0.785
416 0 2.4718 FREEZE 0.000
417 0 2.5144 WEAKEN 0.175
418 0 2.6665 FREEZE 0.000
419 0 2.8247 FREEZE 0.000
420 0 2.8303 WEAKEN 0.306
421 0 2.6789 FREEZE 0.000
422 0 2.4637 WEAKEN 0.413
423 0 2.6860 FREEZE 0.000
424 0 2.2462 WEAKEN 0.299
425 0 2.3608 WEAKEN 0.909
426 0 2.2648 PASS 1.000
427 0 2.2859 WEAKEN 0.575
428 0 2.4420 WEAKEN 0.291
429 0 2.2850 WEAKEN 0.342
430 0 2.4238 WEAKEN 0.524
431 0 2.5576 WEAKEN 0.684
432 0 2.2652 WEAKEN 0.734
433 0 2.1148 WEAKEN 0.668
434 0 2.1260 WEAKEN 0.413
435 0 2.5369 WEAKEN 0.038
436 0 2.2772 WEAKEN 0.900
437 0 2.2557 WEAKEN 0.323
438 0 2.2396 WEAKEN 0.765
439 0 2.8937 WEAKEN 0.050
440 0 2.3251 PASS 1.000
441 1 2.6993 SCAR 0.000
442 0 2.3829 WEAKEN 0.252
443 0 2.0365 WEAKEN 0.924
444 0 2.6115 WEAKEN 0.215
445 0 2.5394 WEAKEN 0.202
446 0 2.6220 WEAKEN 0.154
447 0 2.4105 WEAKEN 0.260
448 0 2.3182 WEAKEN 0.848
449 0 2.2362 WEAKEN 0.915
450 0 2.2423 WEAKEN 0.759
451 0 2.1933 WEAKEN 0.653
452 0 2.4585 WEAKEN 0.343
453 0 2.4415 WEAKEN 0.307
454 1 2.6878 SILENCE 0.000
455 0 2.6943 FREEZE 0.000
456 1 2.7217 FREEZE 0.000
457 0 2.2863 WEAKEN 0.585
458 0 2.3652 WEAKEN 0.626
459 1 2.7403 SILENCE 0.000
460 1 2.6802 FREEZE 0.000
461 0 2.1967 WEAKEN 0.896
462 0 2.3181 WEAKEN 0.649
463 0 2.4245 WEAKEN 0.890
464 0 2.3209 WEAKEN 0.171
465 1 2.7459 SCAR 0.000
466 1 2.7148 SCAR 0.000
467 0 2.5218 FREEZE 0.000
468 0 2.1904 WEAKEN 0.652
469 0 2.2952 WEAKEN 0.864
470 0 2.1480 WEAKEN 0.941
471 0 2.1403 WEAKEN 0.345
472 0 2.3979 WEAKEN 0.633
473 0 2.5974 WEAKEN 0.423
474 0 2.2352 WEAKEN 0.602
475 0 1.9715 WEAKEN 0.672
476 0 2.2904 WEAKEN 0.623
477 0 2.1611 FREEZE 0.000
478 0 2.5149 WEAKEN 0.036
479 0 2.5743 WEAKEN 0.115
480 0 2.3494 WEAKEN 0.001
481 0 2.4874 WEAKEN 0.041
482 0 2.3686 FREEZE 0.000
483 0 2.4649 FREEZE 0.000
484 0 2.9776 WEAKEN 0.294
485 0 2.3722 PASS 1.000
486 0 1.9668 WEAKEN 0.650
487 0 2.1968 WEAKEN 0.967
488 0 2.4714 WEAKEN 0.132
489 0 2.7122 WEAKEN 0.906
490 0 2.1715 WEAKEN 0.402
491 0 2.3559 WEAKEN 0.655
492 1 2.9576 SCAR 0.000
493 0 2.3285 WEAKEN 0.419
494 0 2.5159 FREEZE 0.000
495 0 2.7367 FREEZE 0.000
496 0 2.5393 WEAKEN 0.551
497 0 2.5477 WEAKEN 0.069
498 0 2.3130 WEAKEN 0.272
499 0 2.6287 WEAKEN 0.134
500 0 2.5392 WEAKEN 0.255
501 0 2.1935 WEAKEN 0.710
502 0 2.3353 WEAKEN 0.973
503 0 2.0735 WEAKEN 0.438
504 0 2.5433 FREEZE 0.000
505 0 2.0799 WEAKEN 0.735
506 0 2.1359 WEAKEN 0.922
507 0 2.1711 WEAKEN 0.818
508 0 1.9608 WEAKEN 0.224
509 0 2.5281 WEAKEN 0.574
510 0 2.5067 WEAKEN 0.553
511 0 2.1115 WEAKEN 0.509
512 1 3.0079 FREEZE 0.000
513 0 2.5303 WEAKEN 0.059
514 0 2.4528 WEAKEN 0.857
515 0 1.9869 WEAKEN 0.482
516 0 2.1535 WEAKEN 0.749
517 1 2.7540 FREEZE 0.000
518 0 2.5262 WEAKEN 0.369
519 1 2.7970 FREEZE 0.000
520 0 2.7159 WEAKEN 0.224
521 0 2.2048 WEAKEN 0.812
522 0 2.3765 WEAKEN 0.291
523 0 2.0988 WEAKEN 0.864
524 0 2.3119 FREEZE 0.000
525 0 2.2819 WEAKEN 0.516
526 0 2.6625 FREEZE 0.000
527 0 2.1047 WEAKEN 0.323
528 0 2.3944 WEAKEN 0.020
529 0 2.0759 WEAKEN 0.621
530 0 2.2339 PASS 1.000
531 0 2.5273 WEAKEN 0.389
532 0 2.4895 WEAKEN 0.404
533 0 2.2495 WEAKEN 0.517
534 0 2.3713 WEAKEN 0.758
535 0 1.9573 WEAKEN 0.298
536 0 2.3842 FREEZE 0.000
537 0 2.2916 WEAKEN 0.581
538 0 2.3110 WEAKEN 0.791
539 0 2.3310 WEAKEN 0.302
540 0 2.1116 WEAKEN 0.162
541 1 2.8796 SCAR 0.000
542 0 2.2006 WEAKEN 0.999
543 0 2.3099 WEAKEN 0.735
544 1 2.8719 FREEZE 0.000
545 0 2.1339 WEAKEN 0.863
546 0 2.3261 WEAKEN 0.202
547 0 2.3536 WEAKEN 0.580
548 0 2.0540 WEAKEN 0.648
549 0 2.3515 WEAKEN 0.218
550 0 2.0894 WEAKEN 0.652
551 0 2.0922 WEAKEN 0.638
552 0 2.5443 FREEZE 0.000
553 0 2.0155 WEAKEN 0.713
554 0 2.6397 SCAR 0.000
555 0 2.5296 WEAKEN 0.464
556 0 2.7264 FREEZE 0.000
557 0 2.2351 WEAKEN 0.798
558 0 2.2218 WEAKEN 0.259
559 0 2.1599 WEAKEN 0.692
560 0 2.2009 WEAKEN 0.528
561 0 2.1035 WEAKEN 0.437
562 1 2.7166 FREEZE 0.000
563 0 2.1546 WEAKEN 0.108
564 0 2.2250 PASS 1.000
565 0 2.2597 WEAKEN 0.710
566 0 2.0327 WEAKEN 0.539
567 0 2.2813 FREEZE 0.000
568 0 2.4660 WEAKEN 0.243
569 0 2.5416 WEAKEN 0.653
570 0 2.1299 WEAKEN 0.677
571 0 1.9802 WEAKEN 0.784
572 0 2.3145 WEAKEN 0.217
573 0 1.9985 WEAKEN 0.939
574 0 2.2413 WEAKEN 0.530
575 0 2.0355 WEAKEN 0.930
576 0 2.2761 WEAKEN 0.430
577 0 2.4194 WEAKEN 0.482
578 0 2.2378 WEAKEN 0.659
579 0 2.4473 WEAKEN 0.211
580 0 2.2669 PASS 1.000
581 0 2.3693 WEAKEN 0.780
582 0 2.4113 WEAKEN 0.218
583 1 2.8374 SCAR 0.000
584 0 2.2185 WEAKEN 0.391
585 1 6.6953 SILENCE 0.000
586 0 2.4303 WEAKEN 0.203
587 0 2.2076 WEAKEN 0.900
588 0 2.6062 FREEZE 0.000
589 0 2.5443 SILENCE 0.000
590 0 2.3956 WEAKEN 0.692
591 0 2.5148 WEAKEN 0.224
592 1 3.0977 SCAR 0.000
593 0 2.5349 WEAKEN 0.497
594 0 2.6205 WEAKEN 0.098
595 0 3.0605 WEAKEN 0.438
596 0 2.2178 WEAKEN 0.595
597 0 2.6824 WEAKEN 0.458
598 0 2.6030 WEAKEN 0.031
599 0 2.2877 WEAKEN 0.626
600 0 2.1151 PASS 1.000
601 0 2.0844 WEAKEN 0.808
602 0 2.2874 FREEZE 0.000
603 0 2.2519 WEAKEN 0.342
604 0 2.3876 FREEZE 0.000
605 0 2.2354 WEAKEN 0.641
606 0 2.1011 WEAKEN 0.833
607 0 2.2106 PASS 1.000
608 0 2.5114 WEAKEN 0.352
609 0 2.2118 WEAKEN 0.863
610 0 1.9435 WEAKEN 0.869
611 0 2.1789 WEAKEN 0.765
612 0 2.1453 WEAKEN 0.734
613 0 1.7782 WEAKEN 0.583
614 0 2.7835 FREEZE 0.000
615 0 2.3785 WEAKEN 0.617
616 0 2.4473 WEAKEN 0.118
617 0 2.5630 WEAKEN 0.532
618 0 2.3096 WEAKEN 0.360
619 0 2.3077 WEAKEN 0.198
620 0 2.2997 WEAKEN 0.517
621 0 2.7687 FREEZE 0.000
622 0 2.9521 WEAKEN 0.682
623 0 2.3969 WEAKEN 0.544
624 0 2.5263 WEAKEN 0.318
625 1 2.4815 FREEZE 0.000
626 0 2.1925 WEAKEN 0.624
627 1 6.6018 SILENCE 0.000
628 0 2.0133 WEAKEN 0.721
629 0 2.0018 WEAKEN 0.410
630 1 4.6874 FREEZE 0.000
631 0 2.3657 WEAKEN 0.300
632 1 8.0475 FREEZE 0.000
633 0 2.4689 WEAKEN 0.023
634 0 2.0730 WEAKEN 0.544
635 0 2.1215 PASS 1.000
636 0 2.1314 WEAKEN 0.379
637 0 2.0512 WEAKEN 0.732
638 0 2.1693 WEAKEN 0.933
639 1 9.0817 FREEZE 0.000
640 0 2.1018 WEAKEN 0.490
641 0 1.8234 WEAKEN 0.797
642 0 1.9831 WEAKEN 0.105
643 0 2.3156 WEAKEN 0.683
644 0 2.1171 PASS 1.000
645 0 2.0612 WEAKEN 0.624
646 0 2.2936 WEAKEN 0.453
647 0 2.0996 WEAKEN 0.952
648 0 2.3496 WEAKEN 0.901
649 0 2.0217 WEAKEN 0.284
650 0 2.2718 WEAKEN 0.759
651 0 2.3362 WEAKEN 0.206
652 1 2.6679 FREEZE 0.000
653 0 2.1666 WEAKEN 0.892
654 0 2.4835 WEAKEN 0.611
655 0 2.4476 FREEZE 0.000
656 1 8.0297 FREEZE 0.000
657 1 2.9825 FREEZE 0.000
658 0 2.0392 WEAKEN 0.062
659 0 2.3120 WEAKEN 0.557
660 0 2.3791 WEAKEN 0.769
661 0 2.1954 FREEZE 0.000
662 0 2.4259 FREEZE 0.000
663 1 2.9686 SCAR 0.000
664 0 2.2401 WEAKEN 0.323
665 0 2.0938 WEAKEN 0.539
666 0 2.5699 SILENCE 0.000
667 0 2.0544 WEAKEN 0.653
668 0 2.2499 FREEZE 0.000
669 0 2.4977 FREEZE 0.000
670 0 2.3918 WEAKEN 0.244
671 0 2.1340 WEAKEN 0.502
672 0 2.2220 WEAKEN 0.276
673 0 2.2856 WEAKEN 0.468
674 1 2.6963 SCAR 0.000
675 0 1.8786 PASS 1.000
676 0 2.8722 WEAKEN 0.073
677 0 2.2482 WEAKEN 0.513
678 1 2.6573 SILENCE 0.000
679 1 3.1796 SCAR 0.000
680 0 2.4926 WEAKEN 0.001
681 0 2.0520 WEAKEN 0.219
682 1 2.7374 SCAR 0.000
683 0 2.2051 WEAKEN 0.639
684 0 2.2931 FREEZE 0.000
685 0 1.9936 WEAKEN 0.663
686 0 2.0388 WEAKEN 0.895
687 0 2.2814 WEAKEN 0.456
688 0 2.0979 WEAKEN 0.637
689 0 2.1595 WEAKEN 0.263
690 0 2.1137 WEAKEN 0.758
691 0 1.9167 WEAKEN 0.619
692 0 2.1286 WEAKEN 0.582
693 0 2.1363 FREEZE 0.000
694 0 2.3409 WEAKEN 0.094
695 1 2.5737 SILENCE 0.000
696 0 2.3876 WEAKEN 0.360
697 0 2.0661 WEAKEN 0.876
698 0 2.4518 WEAKEN 0.023
699 0 2.6460 WEAKEN 0.221
700 0 2.3166 WEAKEN 0.060
701 1 2.7772 FREEZE 0.000
702 0 2.1054 WEAKEN 0.856
703 1 7.6272 FREEZE 0.000
704 0 2.0971 WEAKEN 0.121
705 0 2.0213 WEAKEN 0.604
706 0 2.3056 WEAKEN 0.278
707 0 2.4035 WEAKEN 0.226
708 0 1.8515 WEAKEN 0.836
709 0 2.1267 WEAKEN 0.793
710 0 1.9036 WEAKEN 0.538
711 0 2.6205 WEAKEN 0.251
712 0 2.6202 FREEZE 0.000
713 1 2.7085 SCAR 0.000
714 0 1.8244 WEAKEN 0.972
715 0 2.5831 FREEZE 0.000
716 0 2.5222 FREEZE 0.000
717 0 2.0602 WEAKEN 0.908
718 0 2.5936 FREEZE 0.000
719 0 1.9628 WEAKEN 0.625
720 0 1.9181 WEAKEN 0.146
721 0 2.3421 WEAKEN 0.687
722 0 2.2504 WEAKEN 0.886
723 0 2.3737 WEAKEN 0.691
724 1 2.5123 FREEZE 0.000
725 0 2.1397 WEAKEN 0.671
726 0 2.3664 FREEZE 0.000
727 0 1.9279 WEAKEN 0.763
728 0 2.1200 WEAKEN 0.216
729 0 2.1657 WEAKEN 0.710
730 0 2.1399 WEAKEN 0.576
731 0 2.2245 WEAKEN 0.576
732 0 1.9295 WEAKEN 0.760
733 1 2.7909 FREEZE 0.000
734 0 2.2250 WEAKEN 0.456
735 0 1.9747 WEAKEN 0.365
736 0 2.0894 FREEZE 0.000
737 0 2.0204 WEAKEN 0.060
738 0 1.9918 WEAKEN 0.814
739 0 2.3329 FREEZE 0.000
740 0 2.2243 WEAKEN 0.261
741 0 1.9840 WEAKEN 0.639
742 0 2.0062 WEAKEN 0.842
743 0 2.2410 WEAKEN 0.085
744 0 2.6590 FREEZE 0.000
745 1 2.8515 FREEZE 0.000
746 0 2.3189 WEAKEN 0.696
747 0 2.0458 WEAKEN 0.821
748 0 2.2624 WEAKEN 0.525
749 0 2.4041 WEAKEN 0.654
750 1 8.2176 FREEZE 0.000
751 0 1.9515 WEAKEN 0.712
752 0 1.9180 WEAKEN 0.731
753 0 2.2874 PASS 1.000
754 1 2.7276 FREEZE 0.000
755 1 2.9685 SCAR 0.000
756 0 2.3232 WEAKEN 0.437
757 0 2.1198 WEAKEN 0.292
758 0 2.5169 FREEZE 0.000
759 1 2.7128 FREEZE 0.000
760 0 1.9755 FREEZE 0.000
761 0 2.3518 FREEZE 0.000
762 0 1.9459 PASS 1.000
763 0 2.0116 WEAKEN 0.285
764 0 3.1733 WEAKEN 0.485
765 0 1.8436 WEAKEN 0.744
766 0 2.0838 WEAKEN 0.896
767 0 2.1469 WEAKEN 0.460
768 0 2.0995 WEAKEN 0.878
769 0 2.0421 WEAKEN 0.700
770 0 1.8504 WEAKEN 0.689
771 0 2.0163 WEAKEN 0.390
772 0 1.9229 WEAKEN 0.784
773 1 6.0944 FREEZE 0.000
774 0 2.0700 WEAKEN 0.285
775 0 2.2668 WEAKEN 0.716
776 0 2.5816 WEAKEN 0.217
777 0 2.3393 FREEZE 0.000
778 0 2.2213 FREEZE 0.000
779 0 2.5008 FREEZE 0.000
780 0 1.9832 WEAKEN 0.402
781 0 1.8569 WEAKEN 0.992
782 0 1.9682 WEAKEN 0.468
783 1 2.7491 SCAR 0.000
784 0 1.9830 WEAKEN 0.216
785 1 2.6335 SCAR 0.000
786 0 2.1912 WEAKEN 0.308
787 0 1.9242 PASS 1.000
788 0 2.0607 WEAKEN 0.406
789 0 1.9991 WEAKEN 0.986
790 0 2.0290 WEAKEN 0.282
791 0 2.0821 WEAKEN 0.502
792 0 1.8124 WEAKEN 0.408
793 0 2.2078 FREEZE 0.000
794 0 2.3816 WEAKEN 0.495
795 1 3.0002 FREEZE 0.000
796 0 2.1837 WEAKEN 0.394
797 0 2.3088 WEAKEN 0.483
798 0 2.1396 WEAKEN 0.170
799 0 1.6733 WEAKEN 0.913
800 0 2.2986 WEAKEN 0.859
801 0 2.5608 FREEZE 0.000
802 0 2.1243 WEAKEN 0.590
803 0 2.0309 FREEZE 0.000
804 0 1.9026 WEAKEN 0.820
805 0 2.1589 FREEZE 0.000
806 0 2.1262 WEAKEN 0.030
807 0 2.0910 WEAKEN 0.321
808 0 2.3277 WEAKEN 0.585
809 0 1.8766 WEAKEN 0.678
810 0 2.2220 WEAKEN 0.841
811 0 2.5757 FREEZE 0.000
812 0 2.3992 SCAR 0.000
813 0 1.9474 WEAKEN 0.294
814 0 1.8066 WEAKEN 0.685
815 0 2.0289 WEAKEN 0.938
816 0 1.6792 WEAKEN 0.549
817 0 1.8737 WEAKEN 0.683
818 0 2.0078 WEAKEN 0.436
819 0 2.2897 WEAKEN 0.364
820 0 1.8857 WEAKEN 0.517
821 1 2.8835 FREEZE 0.000
822 1 2.5658 FREEZE 0.000
823 0 2.0444 PASS 1.000
824 0 2.2290 WEAKEN 0.719
825 0 2.1127 WEAKEN 0.112
826 0 2.0671 WEAKEN 0.079
827 1 2.7726 FREEZE 0.000
828 0 2.0713 WEAKEN 0.639
829 0 1.9506 WEAKEN 0.724
830 0 2.1859 FREEZE 0.000
831 0 2.4393 FREEZE 0.000
832 0 2.1319 WEAKEN 0.774
833 0 2.4007 WEAKEN 0.105
834 0 1.8563 WEAKEN 0.960
835 1 2.6471 FREEZE 0.000
836 0 2.1439 PASS 1.000
837 0 2.1856 WEAKEN 0.227
838 1 2.6270 SILENCE 0.000
839 0 1.9913 WEAKEN 0.937
840 0 2.3057 WEAKEN 0.340
841 0 2.4790 WEAKEN 0.453
842 0 2.1848 WEAKEN 0.110
843 0 2.3505 FREEZE 0.000
844 0 2.1973 WEAKEN 0.666
845 0 2.2724 WEAKEN 0.716
846 1 7.1168 FREEZE 0.000
847 0 2.0419 WEAKEN 0.573
848 0 2.1736 WEAKEN 0.619
849 1 2.8454 SCAR 0.000
850 0 1.8731 WEAKEN 0.371
851 0 2.1988 FREEZE 0.000
852 0 2.0572 WEAKEN 0.423
853 0 2.2253 WEAKEN 0.500
854 0 2.0850 PASS 1.000
855 0 2.3054 WEAKEN 0.416
856 0 2.2357 FREEZE 0.000
857 0 2.9678 WEAKEN 0.245
858 0 2.3762 FREEZE 0.000
859 0 1.8565 WEAKEN 0.475
860 0 2.2104 WEAKEN 0.081
861 0 2.0093 WEAKEN 0.802
862 0 2.1830 WEAKEN 0.003
863 0 2.1367 WEAKEN 0.879
864 0 2.1609 WEAKEN 0.371
865 0 2.3440 WEAKEN 0.309
866 0 2.2848 WEAKEN 0.272
867 0 2.4788 FREEZE 0.000
868 1 2.6881 SCAR 0.000
869 0 1.9094 WEAKEN 0.087
870 0 2.1070 WEAKEN 0.697
871 0 2.2618 WEAKEN 0.074
872 0 2.0645 WEAKEN 0.679
873 0 2.4261 FREEZE 0.000
874 0 2.0825 WEAKEN 0.513
875 0 2.3299 WEAKEN 0.193
876 0 1.9934 WEAKEN 0.337
877 0 1.9491 WEAKEN 0.818
878 0 2.1795 WEAKEN 0.177
879 0 2.1817 WEAKEN 0.185
880 1 2.4849 FREEZE 0.000
881 0 1.8972 PASS 1.000
882 0 2.1946 WEAKEN 0.181
883 1 7.1378 FREEZE 0.000
884 0 2.1712 WEAKEN 0.378
885 1 2.5222 FREEZE 0.000
886 0 2.0769 FREEZE 0.000
887 0 1.9517 WEAKEN 0.889
888 0 2.2187 WEAKEN 0.472
889 0 1.8258 WEAKEN 0.583
890 0 2.0396 WEAKEN 0.614
891 0 2.1160 WEAKEN 0.528
892 0 1.9301 WEAKEN 0.041
893 0 2.0035 WEAKEN 0.809
894 0 2.0868 WEAKEN 0.620
895 0 1.9325 WEAKEN 0.444
896 0 2.2608 FREEZE 0.000
897 0 1.8689 WEAKEN 0.731
898 0 1.9390 WEAKEN 0.566
899 0 1.9601 WEAKEN 0.412
900 0 1.6848 PASS 1.000
901 0 1.8828 WEAKEN 0.614
902 0 1.8474 WEAKEN 0.845
903 0 1.7877 WEAKEN 0.188
904 0 2.0894 WEAKEN 0.419
905 0 2.2034 FREEZE 0.000
906 0 2.4885 FREEZE 0.000
907 0 2.2057 WEAKEN 0.233
908 0 2.1231 WEAKEN 0.871
909 0 2.0496 WEAKEN 0.528
910 1 2.8753 SCAR 0.000
911 0 1.9943 WEAKEN 0.734
912 0 2.4712 FREEZE 0.000
913 0 2.4792 FREEZE 0.000
914 0 1.6374 PASS 1.000
915 0 2.7920 WEAKEN 0.157
916 0 2.2033 WEAKEN 0.502
917 0 2.3991 WEAKEN 0.355
918 0 1.9899 WEAKEN 0.618
919 0 2.0122 WEAKEN 0.474
920 0 2.0446 WEAKEN 0.664
921 1 2.5792 FREEZE 0.000
922 0 1.7463 PASS 1.000
923 0 2.1242 WEAKEN 0.175
924 1 2.4798 FREEZE 0.000
925 0 1.6600 WEAKEN 0.776
926 0 2.0749 WEAKEN 0.877
927 1 2.5491 SCAR 0.000
928 0 1.9256 WEAKEN 0.507
929 0 1.8856 PASS 1.000
930 0 2.0055 WEAKEN 0.812
931 1 2.5709 SCAR 0.000
932 0 1.8398 WEAKEN 0.846
933 1 2.5335 FREEZE 0.000
934 0 2.1688 PASS 1.000
935 0 2.3363 WEAKEN 0.332
936 0 2.0395 FREEZE 0.000
937 0 1.8809 WEAKEN 0.092
938 1 2.5117 SILENCE 0.000
939 0 1.7642 PASS 1.000
940 0 2.2489 WEAKEN 0.295
941 0 1.8682 WEAKEN 0.803
942 0 2.0082 WEAKEN 0.751
943 0 2.5073 WEAKEN 0.202
944 0 1.9012 WEAKEN 0.376
945 0 2.0918 WEAKEN 0.300
946 0 1.6126 WEAKEN 0.691
947 0 1.9725 FREEZE 0.000
948 0 2.0914 WEAKEN 0.739
949 0 2.1555 FREEZE 0.000
950 1 2.4315 FREEZE 0.000
951 0 1.7645 WEAKEN 0.708
952 0 2.1203 FREEZE 0.000
953 1 2.6194 FREEZE 0.000
954 0 2.0314 WEAKEN 0.796
955 0 2.0444 WEAKEN 0.626
956 0 2.0086 WEAKEN 0.271
957 0 2.1923 FREEZE 0.000
958 0 1.8839 WEAKEN 0.594
959 0 1.9325 WEAKEN 0.518
960 0 2.1051 WEAKEN 0.905
961 1 2.6793 SCAR 0.000
962 0 2.0420 WEAKEN 0.781
963 0 1.9582 WEAKEN 0.062
964 0 2.3925 WEAKEN 0.130
965 0 2.0366 WEAKEN 0.115
966 0 2.1843 FREEZE 0.000
967 0 2.0071 WEAKEN 0.014
968 0 2.2720 FREEZE 0.000
969 0 1.9747 WEAKEN 0.235
970 0 2.6528 WEAKEN 0.712
971 0 2.0271 SILENCE 0.000
972 1 2.4474 SILENCE 0.000
973 0 2.3260 WEAKEN 0.085
974 0 1.9682 WEAKEN 0.865
975 0 2.2257 WEAKEN 0.470
976 0 1.9737 WEAKEN 0.342
977 0 1.6743 WEAKEN 0.289
978 0 1.7295 WEAKEN 0.779
979 0 1.7933 WEAKEN 0.452
980 0 2.0079 WEAKEN 0.188
981 0 1.9842 WEAKEN 0.216
982 0 2.0794 WEAKEN 0.663
983 0 2.3160 WEAKEN 0.254
984 0 2.2277 WEAKEN 0.473
985 0 2.2247 FREEZE 0.000
986 1 2.6330 SCAR 0.000
987 0 1.8003 WEAKEN 0.562
988 0 2.1216 FREEZE 0.000
989 0 2.0909 WEAKEN 0.073
990 0 2.2744 WEAKEN 0.566
991 0 1.8840 WEAKEN 0.228
992 0 1.8053 WEAKEN 0.807
993 1 2.4554 SCAR 0.000
994 0 1.8090 WEAKEN 0.497
995 0 2.2572 WEAKEN 0.028
996 1 7.6076 FREEZE 0.000
997 1 2.3870 FREEZE 0.000
998 0 2.3220 WEAKEN 0.296
999 0 1.8925 WEAKEN 0.425
1000 0 1.6012 WEAKEN 0.373
1001 0 1.8752 WEAKEN 0.674
1002 1 2.4586 FREEZE 0.000
1003 0 2.3051 WEAKEN 0.106
1004 0 1.9778 WEAKEN 0.569
1005 1 2.5690 SCAR 0.000
1006 0 2.3020 WEAKEN 0.514
1007 0 1.6339 WEAKEN 0.495
1008 0 1.9384 WEAKEN 0.816
1009 0 1.9695 WEAKEN 0.291
1010 0 2.0664 FREEZE 0.000
1011 0 1.5014 WEAKEN 0.232
1012 0 1.9377 WEAKEN 0.216
1013 0 1.9484 WEAKEN 0.190
1014 0 1.8072 WEAKEN 0.879
1015 1 2.4530 FREEZE 0.000
1016 0 2.1157 WEAKEN 0.814
1017 0 2.1875 FREEZE 0.000
1018 0 2.3556 WEAKEN 0.217
1019 1 2.5493 FREEZE 0.000
1020 0 2.2823 WEAKEN 0.008
1021 0 1.9967 WEAKEN 0.572
1022 0 2.5679 WEAKEN 0.440
1023 0 2.1841 FREEZE 0.000
1024 0 2.3668 FREEZE 0.000
1025 0 2.3206 FREEZE 0.000
1026 0 2.0109 WEAKEN 0.385
1027 0 1.6793 WEAKEN 0.950
1028 0 1.8218 WEAKEN 0.922
1029 0 2.0706 WEAKEN 0.363
1030 0 1.8288 WEAKEN 0.674
1031 0 2.0766 WEAKEN 0.601
1032 0 2.4416 FREEZE 0.000
1033 0 2.3245 WEAKEN 0.061
1034 0 2.3440 WEAKEN 0.086
1035 0 2.0387 WEAKEN 0.453
1036 0 1.8955 WEAKEN 0.853
1037 0 1.9689 WEAKEN 0.717
1038 0 1.9060 PASS 1.000
1039 0 1.9444 WEAKEN 0.772
1040 1 2.4996 FREEZE 0.000
1041 0 1.8912 WEAKEN 0.444
1042 0 1.9945 PASS 1.000
1043 0 2.2190 WEAKEN 0.420
1044 0 2.1767 FREEZE 0.000
1045 0 2.1620 WEAKEN 0.498
1046 0 2.2464 WEAKEN 0.739
1047 0 2.4671 SCAR 0.000
1048 0 1.8705 WEAKEN 0.437
1049 0 2.0578 FREEZE 0.000
1050 0 2.3256 WEAKEN 0.171
1051 0 1.7424 PASS 1.000
1052 0 2.0412 WEAKEN 0.881
1053 0 1.9210 WEAKEN 0.161
1054 0 2.0876 WEAKEN 0.310
1055 0 1.8002 WEAKEN 0.814
1056 0 1.8345 WEAKEN 0.240
1057 0 2.0463 WEAKEN 0.388
1058 0 2.2140 FREEZE 0.000
1059 0 1.6403 WEAKEN 0.170
1060 0 2.1126 WEAKEN 0.547
1061 0 1.8065 WEAKEN 0.672
1062 0 2.0305 PASS 1.000
1063 0 1.4312 WEAKEN 0.900
1064 0 1.7928 WEAKEN 0.197
1065 0 1.7765 WEAKEN 0.671
1066 0 1.9110 WEAKEN 0.947
1067 0 1.9862 WEAKEN 0.225
1068 0 2.0117 WEAKEN 0.268
1069 0 1.5813 WEAKEN 0.820
1070 0 1.7994 FREEZE 0.000
1071 0 1.8425 WEAKEN 0.529
1072 0 1.7404 WEAKEN 0.489
1073 0 2.3859 FREEZE 0.000
1074 0 2.0876 FREEZE 0.000
1075 0 2.0850 WEAKEN 0.330
1076 0 2.1359 FREEZE 0.000
1077 0 2.3490 WEAKEN 0.375
1078 0 2.4609 WEAKEN 0.772
1079 0 2.3924 WEAKEN 0.511
1080 0 2.0230 WEAKEN 0.069
1081 0 2.0102 FREEZE 0.000
1082 0 1.6928 WEAKEN 0.558
1083 1 8.4312 FREEZE 0.000
1084 0 2.0411 WEAKEN 0.219
1085 0 2.0219 WEAKEN 0.470
1086 0 2.4759 FREEZE 0.000
1087 0 1.6740 PASS 1.000
1088 0 2.2309 WEAKEN 0.322
1089 0 2.2759 WEAKEN 0.060
1090 0 2.0251 WEAKEN 0.633
1091 0 2.3957 FREEZE 0.000
1092 0 2.1894 WEAKEN 0.475
1093 0 1.7791 FREEZE 0.000
1094 0 1.7583 WEAKEN 0.507
1095 0 1.8547 WEAKEN 0.089
1096 0 1.9637 WEAKEN 0.242
1097 1 2.5450 FREEZE 0.000
1098 0 1.6663 WEAKEN 0.826
1099 0 1.8968 FREEZE 0.000
1100 0 1.9637 WEAKEN 0.626
1101 0 2.1313 WEAKEN 0.120
1102 0 2.0668 WEAKEN 0.357
1103 0 1.9664 WEAKEN 0.844
1104 0 1.8776 WEAKEN 0.086
1105 0 1.8169 WEAKEN 0.638
1106 0 1.8358 WEAKEN 0.504
1107 0 1.7308 WEAKEN 0.476
1108 1 2.4905 FREEZE 0.000
1109 0 1.6658 WEAKEN 0.775
1110 1 2.6152 FREEZE 0.000
1111 0 1.9292 WEAKEN 0.947
1112 0 1.8302 WEAKEN 0.511
1113 1 2.4562 FREEZE 0.000
1114 0 1.8619 WEAKEN 0.561
1115 0 1.5976 WEAKEN 0.372
1116 0 2.1258 FREEZE 0.000
1117 1 2.5756 SCAR 0.000
1118 0 1.7484 WEAKEN 0.038
1119 0 2.0401 FREEZE 0.000
1120 0 1.6867 WEAKEN 0.399
1121 0 2.0649 FREEZE 0.000
1122 1 2.7614 SCAR 0.000
1123 0 1.6640 WEAKEN 0.079
1124 0 2.1585 WEAKEN 0.204
1125 0 2.1652 FREEZE 0.000
1126 0 2.0944 FREEZE 0.000
1127 0 1.9209 WEAKEN 0.836
1128 0 1.7328 WEAKEN 0.284
1129 1 2.7285 FREEZE 0.000
1130 0 1.8008 WEAKEN 0.084
1131 0 1.3003 WEAKEN 0.634
1132 0 1.8517 WEAKEN 0.791
1133 0 2.1471 WEAKEN 0.271
1134 1 2.4892 FREEZE 0.000
1135 0 2.5932 WEAKEN 0.325
1136 0 1.6214 WEAKEN 0.543
1137 0 2.0895 FREEZE 0.000
1138 0 1.7354 WEAKEN 0.980
1139 0 1.4902 WEAKEN 0.810
1140 0 2.1047 WEAKEN 0.057
1141 0 1.8985 WEAKEN 0.403
1142 0 1.9815 FREEZE 0.000
1143 0 1.9524 WEAKEN 0.273
1144 0 2.2230 FREEZE 0.000
1145 0 1.6021 WEAKEN 0.215
1146 0 1.5366 WEAKEN 0.904
1147 0 1.6597 WEAKEN 0.291
1148 0 2.0670 WEAKEN 0.287
1149 0 2.1936 WEAKEN 0.080
1150 0 1.8841 WEAKEN 0.445
1151 0 2.0153 WEAKEN 0.370
1152 0 1.7322 WEAKEN 0.418
1153 0 1.5625 WEAKEN 0.731
1154 1 6.8562 FREEZE 0.000
1155 0 2.2066 FREEZE 0.000
1156 0 1.9118 WEAKEN 0.536
1157 0 1.6602 WEAKEN 0.999
1158 0 1.9573 WEAKEN 0.801
1159 0 1.8238 WEAKEN 0.396
1160 0 1.7355 WEAKEN 0.478
1161 0 2.0374 WEAKEN 0.466
1162 0 2.0449 WEAKEN 0.035
1163 0 2.0581 WEAKEN 0.788
1164 0 1.4857 PASS 1.000
1165 0 1.9244 WEAKEN 0.608
1166 0 1.5930 WEAKEN 0.506
1167 0 1.5357 WEAKEN 0.995
1168 0 1.6683 WEAKEN 0.279
1169 0 2.2410 WEAKEN 0.242
1170 0 1.6360 WEAKEN 0.572
1171 0 1.9144 WEAKEN 0.508
1172 0 2.3050 WEAKEN 0.006
1173 0 2.1258 WEAKEN 0.470
1174 0 1.7415 WEAKEN 0.359
1175 0 1.7631 WEAKEN 0.949
1176 0 1.9947 WEAKEN 0.848
1177 0 2.1902 FREEZE 0.000
1178 0 2.1776 WEAKEN 0.488
1179 0 2.2885 FREEZE 0.000
1180 0 1.9011 WEAKEN 0.714
1181 0 2.0779 FREEZE 0.000
1182 0 1.7603 WEAKEN 0.448
1183 0 1.8615 WEAKEN 0.462
1184 0 1.6435 WEAKEN 0.265
1185 0 2.2121 WEAKEN 0.075
1186 0 2.1859 WEAKEN 0.752
1187 0 2.4287 FREEZE 0.000
1188 0 1.6361 WEAKEN 0.617
1189 0 1.4836 WEAKEN 0.496
1190 0 2.6070 FREEZE 0.000
1191 0 2.1029 WEAKEN 0.327
1192 1 4.5584 FREEZE 0.000
1193 0 2.0866 WEAKEN 0.395
1194 1 2.4499 SCAR 0.000
1195 0 2.0517 WEAKEN 0.025
1196 0 1.6305 WEAKEN 0.641
1197 0 2.1342 WEAKEN 0.736
1198 0 1.8609 PASS 1.000
1199 0 2.3514 FREEZE 0.000
1200 0 1.9783 WEAKEN 0.245
1201 0 2.1242 FREEZE 0.000
1202 0 1.6617 WEAKEN 0.676
1203 1 2.4945 SCAR 0.000
1204 0 1.4291 WEAKEN 0.541
1205 0 1.6487 FREEZE 0.000
1206 0 1.7435 WEAKEN 0.929
1207 0 1.7662 WEAKEN 0.618
1208 0 1.9851 WEAKEN 0.300
1209 0 1.6479 WEAKEN 0.348
1210 1 2.3429 SCAR 0.000
1211 0 1.8041 FREEZE 0.000
1212 0 1.7916 WEAKEN 0.528
1213 0 1.9107 PASS 1.000
1214 0 1.6502 WEAKEN 0.273
1215 0 2.3968 FREEZE 0.000
1216 0 2.2081 WEAKEN 0.397
1217 0 1.5477 PASS 1.000
1218 0 2.0728 WEAKEN 0.536
1219 0 2.0136 WEAKEN 0.373
1220 0 2.0082 FREEZE 0.000
1221 0 1.7938 WEAKEN 0.188
1222 0 1.6918 WEAKEN 0.709
1223 0 2.1035 FREEZE 0.000
1224 0 1.8756 WEAKEN 0.739
1225 0 1.8912 WEAKEN 0.461
1226 0 1.8116 WEAKEN 0.900
1227 0 2.1586 FREEZE 0.000
1228 0 1.4610 WEAKEN 0.750
1229 1 2.5066 FREEZE 0.000
1230 0 2.2726 PASS 1.000
1231 0 2.0976 WEAKEN 0.294
1232 0 2.0294 WEAKEN 0.174
1233 0 1.8905 WEAKEN 0.878
1234 0 2.0554 WEAKEN 0.428
1235 0 2.0071 WEAKEN 0.842
1236 0 1.6861 WEAKEN 0.556
1237 0 1.5420 WEAKEN 0.516
1238 0 1.6382 WEAKEN 0.849
1239 0 2.4290 SILENCE 0.000
1240 1 2.3626 FREEZE 0.000
1241 0 2.3627 FREEZE 0.000
1242 0 2.0305 WEAKEN 0.419
1243 0 1.7321 WEAKEN 0.568
1244 0 1.7825 WEAKEN 0.710
1245 0 1.7754 WEAKEN 0.581
1246 0 2.0665 WEAKEN 0.421
1247 1 2.6093 FREEZE 0.000
1248 1 7.4885 FREEZE 0.000
1249 0 2.0944 WEAKEN 0.294
1250 0 1.7854 WEAKEN 0.490
1251 0 2.6871 WEAKEN 0.549
1252 0 2.2233 WEAKEN 0.510
1253 0 1.8437 WEAKEN 0.693
1254 1 2.7717 SILENCE 0.000
1255 0 1.9609 WEAKEN 0.079
1256 1 7.5992 FREEZE 0.000
1257 0 1.6029 WEAKEN 0.901
1258 1 2.5834 FREEZE 0.000
1259 0 2.0337 FREEZE 0.000
1260 0 2.1569 FREEZE 0.000
1261 0 1.6792 WEAKEN 0.740
1262 0 1.8179 WEAKEN 0.876
1263 0 1.5903 WEAKEN 0.916
1264 0 1.9623 WEAKEN 0.129
1265 0 2.3349 FREEZE 0.000
1266 0 1.9401 WEAKEN 0.258
1267 0 1.7033 WEAKEN 0.594
1268 0 1.7604 WEAKEN 0.402
1269 0 1.6206 WEAKEN 0.389
1270 0 2.1267 WEAKEN 0.263
1271 0 1.5728 WEAKEN 0.748
1272 0 2.3004 WEAKEN 0.120
1273 0 1.8272 WEAKEN 0.181
1274 0 2.3580 WEAKEN 0.187
1275 0 2.2550 WEAKEN 0.146
1276 0 1.7125 WEAKEN 0.422
1277 0 1.6121 WEAKEN 0.889
1278 0 1.6107 WEAKEN 0.301
1279 0 1.6569 WEAKEN 0.735
1280 0 1.8444 FREEZE 0.000
1281 0 2.1940 FREEZE 0.000
1282 0 1.8439 WEAKEN 0.906
1283 1 7.4047 FREEZE 0.000
1284 0 2.1219 WEAKEN 0.087
1285 0 1.9971 WEAKEN 0.124
1286 0 2.4015 FREEZE 0.000
1287 1 2.5076 FREEZE 0.000
1288 0 1.8578 WEAKEN 0.006
1289 0 1.5210 WEAKEN 0.731
1290 0 2.0315 WEAKEN 0.728
1291 1 2.5680 SILENCE 0.000
1292 0 1.6209 WEAKEN 0.477
1293 0 1.8444 FREEZE 0.000
1294 1 2.5779 SILENCE 0.000
1295 0 2.0372 FREEZE 0.000
1296 0 2.1442 FREEZE 0.000
1297 0 2.0139 FREEZE 0.000
1298 0 1.5986 WEAKEN 0.927
1299 1 4.0205 FREEZE 0.000
1300 0 2.0527 FREEZE 0.000
1301 0 2.0058 WEAKEN 0.030
1302 0 2.0720 WEAKEN 0.445
1303 0 1.8350 WEAKEN 0.125
1304 0 2.3144 FREEZE 0.000
1305 0 1.8742 PASS 1.000
1306 0 1.3221 WEAKEN 0.650
1307 0 2.3802 WEAKEN 0.086
1308 0 2.2998 FREEZE 0.000
1309 1 2.4362 SCAR 0.000
1310 0 2.0209 WEAKEN 0.540
1311 0 1.4165 WEAKEN 0.965
1312 0 2.5422 WEAKEN 0.175
1313 0 1.4339 WEAKEN 0.506
1314 0 1.3831 PASS 1.000
1315 0 2.4176 FREEZE 0.000
1316 0 2.0207 WEAKEN 0.060
1317 0 1.4391 WEAKEN 0.608
1318 0 2.0069 WEAKEN 0.710
1319 0 1.7339 FREEZE 0.000
1320 0 1.6737 WEAKEN 0.482
1321 0 2.1940 FREEZE 0.000
1322 0 2.1357 PASS 1.000
1323 0 1.5408 WEAKEN 0.867
1324 0 1.8711 PASS 1.000
1325 0 1.8947 WEAKEN 0.095
1326 0 1.8476 FREEZE 0.000
1327 0 1.4302 WEAKEN 0.867
1328 1 7.9402 FREEZE 0.000
1329 0 2.1219 WEAKEN 0.419
1330 0 1.8301 WEAKEN 0.261
1331 0 1.8113 WEAKEN 0.479
1332 0 1.8231 WEAKEN 0.770
1333 0 1.7949 WEAKEN 0.465
1334 0 1.6656 WEAKEN 0.497
1335 1 2.5665 FREEZE 0.000
1336 0 1.6984 FREEZE 0.000
1337 0 2.0752 FREEZE 0.000
1338 0 2.4218 FREEZE 0.000
1339 0 1.9212 WEAKEN 0.741
1340 0 1.7329 WEAKEN 0.606
1341 0 1.7550 PASS 1.000
1342 0 1.8081 WEAKEN 0.506
1343 0 2.5053 FREEZE 0.000
1344 0 2.3968 WEAKEN 0.152
1345 0 2.0780 FREEZE 0.000
1346 0 1.9098 WEAKEN 0.761
1347 0 2.0906 WEAKEN 0.113
1348 0 1.4846 PASS 1.000
1349 0 2.0153 FREEZE 0.000
1350 1 2.5477 FREEZE 0.000
1351 0 1.8428 WEAKEN 0.696
1352 0 1.6835 WEAKEN 0.936
1353 0 1.6007 WEAKEN 0.916
1354 0 1.8848 WEAKEN 0.610
1355 0 1.9154 WEAKEN 0.406
1356 0 2.1577 SILENCE 0.000
1357 0 1.4818 WEAKEN 0.899
1358 0 2.1362 FREEZE 0.000
1359 0 1.8426 WEAKEN 0.792
1360 0 1.9647 WEAKEN 0.009
1361 1 2.6161 FREEZE 0.000
1362 0 2.2528 SILENCE 0.000
1363 0 2.5681 FREEZE 0.000
1364 0 1.7469 WEAKEN 0.608
1365 0 1.5178 WEAKEN 0.819
1366 0 1.9281 WEAKEN 0.878
1367 0 1.8254 WEAKEN 0.300
1368 0 1.5347 WEAKEN 0.212
1369 0 1.6613 FREEZE 0.000
1370 0 1.6662 FREEZE 0.000
1371 0 1.9656 WEAKEN 0.822
1372 0 1.8251 WEAKEN 0.146
1373 0 2.1895 FREEZE 0.000
1374 0 1.9193 WEAKEN 0.394
1375 0 2.0696 WEAKEN 0.275
1376 0 1.9092 WEAKEN 0.761
1377 0 1.7173 WEAKEN 0.646
1378 0 1.8310 WEAKEN 0.874
1379 0 1.4813 WEAKEN 0.356
1380 0 1.7708 WEAKEN 0.575
1381 0 1.7463 WEAKEN 0.601
1382 0 1.4265 WEAKEN 0.411
1383 0 2.0025 WEAKEN 0.303
1384 0 2.0551 WEAKEN 0.698
1385 0 2.4066 FREEZE 0.000
1386 0 1.7856 WEAKEN 0.109
1387 0 2.3776 SILENCE 0.000
1388 0 2.0006 PASS 1.000
1389 0 2.0908 FREEZE 0.000
1390 0 1.4754 WEAKEN 0.968
1391 0 1.9838 WEAKEN 0.798
1392 0 1.8817 PASS 1.000
1393 0 2.2459 FREEZE 0.000
1394 0 2.1844 PASS 1.000
1395 0 1.4579 WEAKEN 0.540
1396 0 1.8088 WEAKEN 0.788
1397 0 2.2367 WEAKEN 0.840
1398 0 1.5584 WEAKEN 0.809
1399 0 1.5968 WEAKEN 0.703
1400 0 1.5884 WEAKEN 0.347
1401 0 1.3133 WEAKEN 0.716
1402 0 2.0621 WEAKEN 0.098
1403 0 1.6417 PASS 1.000
1404 0 2.1253 FREEZE 0.000
1405 0 1.6312 WEAKEN 0.810
1406 0 1.6341 WEAKEN 0.596
1407 0 1.7265 WEAKEN 0.351
1408 0 1.4116 WEAKEN 0.944
1409 0 1.4821 WEAKEN 0.772
1410 0 1.6757 WEAKEN 0.605
1411 0 2.6999 WEAKEN 0.194
1412 0 2.1523 FREEZE 0.000
1413 0 2.2902 WEAKEN 0.399
1414 1 2.7224 SCAR 0.000
1415 0 1.7141 FREEZE 0.000
1416 0 2.3069 WEAKEN 0.065
1417 0 2.5275 FREEZE 0.000
1418 0 2.1472 FREEZE 0.000
1419 0 1.9225 WEAKEN 0.576
1420 0 2.0777 FREEZE 0.000
1421 1 2.5191 FREEZE 0.000
1422 1 7.9430 FREEZE 0.000
1423 0 2.2690 FREEZE 0.000
1424 0 1.6471 WEAKEN 0.633
1425 0 1.5405 PASS 1.000
1426 0 1.4910 WEAKEN 0.980
1427 0 1.8918 WEAKEN 0.870
1428 0 2.1790 WEAKEN 0.123
1429 0 1.9759 WEAKEN 0.539
1430 0 2.0319 WEAKEN 0.608
1431 0 1.3450 WEAKEN 0.117
1432 0 1.7246 WEAKEN 0.134
1433 0 2.0618 WEAKEN 0.240
1434 1 2.6980 FREEZE 0.000
1435 0 1.4468 WEAKEN 0.578
1436 0 1.7521 WEAKEN 0.519
1437 0 1.7181 WEAKEN 0.464
1438 0 1.4827 WEAKEN 0.356
1439 0 1.9247 WEAKEN 0.526
1440 0 1.4860 WEAKEN 0.391
1441 0 1.8121 WEAKEN 0.935
1442 0 2.0952 WEAKEN 0.777
1443 0 1.8773 FREEZE 0.000
1444 1 7.9591 FREEZE 0.000
1445 0 1.8036 WEAKEN 0.512
1446 0 1.5856 FREEZE 0.000
1447 0 2.0876 WEAKEN 0.372
1448 0 1.5729 FREEZE 0.000
1449 0 2.4135 FREEZE 0.000
1450 0 1.9601 WEAKEN 0.482
1451 0 2.1999 FREEZE 0.000
1452 0 1.4113 WEAKEN 0.741
1453 0 1.9729 WEAKEN 0.472
1454 0 2.0606 FREEZE 0.000
1455 0 1.9920 WEAKEN 0.830
1456 1 2.6682 FREEZE 0.000
1457 0 2.0949 WEAKEN 0.564
1458 0 1.6941 WEAKEN 0.454
1459 0 1.6695 WEAKEN 0.973
1460 0 1.6423 WEAKEN 0.733
1461 0 1.7511 WEAKEN 0.119
1462 0 1.8650 WEAKEN 0.572
1463 0 1.6493 WEAKEN 0.235
1464 0 1.5655 WEAKEN 0.630
1465 0 2.2487 FREEZE 0.000
1466 0 1.7770 WEAKEN 0.455
1467 0 1.6720 WEAKEN 0.952
1468 0 1.5302 WEAKEN 0.574
1469 0 1.8499 FREEZE 0.000
1470 0 1.5550 WEAKEN 0.649
1471 0 2.0058 WEAKEN 0.717
1472 1 7.6538 FREEZE 0.000
1473 0 2.4601 WEAKEN 0.378
1474 0 2.2116 WEAKEN 0.090
1475 0 1.7236 FREEZE 0.000
1476 0 2.2096 WEAKEN 0.668
1477 0 1.6741 WEAKEN 0.124
1478 0 1.6642 WEAKEN 0.501
1479 1 2.4351 FREEZE 0.000
1480 0 2.1780 FREEZE 0.000
1481 0 1.8301 FREEZE 0.000
1482 0 1.6350 WEAKEN 0.529
1483 1 2.3089 SCAR 0.000
1484 0 1.4419 WEAKEN 0.609
1485 0 2.3951 FREEZE 0.000
1486 0 1.8586 WEAKEN 0.651
1487 0 1.7860 WEAKEN 0.479
1488 0 1.8469 WEAKEN 0.882
1489 0 1.7467 WEAKEN 0.447
1490 0 1.3920 WEAKEN 0.577
1491 0 1.8749 WEAKEN 0.028
1492 1 2.4986 SCAR 0.000
1493 0 1.3817 WEAKEN 0.657
1494 0 1.3487 PASS 1.000
1495 0 1.6048 WEAKEN 0.494
1496 0 1.9881 WEAKEN 0.422
1497 0 1.6854 WEAKEN 0.403
1498 0 1.5472 WEAKEN 0.645
1499 1 8.2504 FREEZE 0.000
1500 0 1.9540 WEAKEN 0.257
1501 0 1.8041 PASS 1.000
1502 0 1.4098 WEAKEN 0.883
1503 0 1.3563 PASS 1.000
1504 0 1.6498 WEAKEN 0.175
1505 0 1.6510 WEAKEN 0.746
1506 0 1.5828 PASS 1.000
1507 0 1.9459 WEAKEN 0.211
1508 0 1.8256 FREEZE 0.000
1509 0 1.4614 WEAKEN 0.985
1510 0 2.1574 FREEZE 0.000
1511 1 2.4751 SILENCE 0.000
1512 0 1.7133 WEAKEN 0.601
1513 0 1.5074 WEAKEN 0.248
1514 0 2.4464 FREEZE 0.000
1515 0 1.5754 WEAKEN 0.702
1516 1 6.6900 SILENCE 0.000
1517 0 1.5218 WEAKEN 0.560
1518 0 2.1274 WEAKEN 0.098
1519 0 1.7768 WEAKEN 0.719
1520 0 2.0870 WEAKEN 0.240
1521 0 1.9082 FREEZE 0.000
1522 0 1.7549 FREEZE 0.000
1523 1 2.2196 FREEZE 0.000
1524 1 2.4836 SCAR 0.000
1525 0 1.6472 WEAKEN 0.463
1526 0 1.4129 WEAKEN 0.544
1527 0 1.3663 WEAKEN 0.975
1528 0 1.3160 WEAKEN 0.870
1529 0 1.8127 WEAKEN 0.674
1530 0 1.8323 WEAKEN 0.449
1531 0 1.8592 WEAKEN 0.169
1532 0 1.6872 WEAKEN 0.546
1533 0 1.7972 WEAKEN 0.887
1534 0 1.7243 FREEZE 0.000
1535 0 1.6785 WEAKEN 0.638
1536 0 1.6898 WEAKEN 0.570
1537 0 1.7873 WEAKEN 0.555
1538 0 1.6413 WEAKEN 0.289
1539 0 2.2500 FREEZE 0.000
1540 0 2.0829 FREEZE 0.000
1541 0 2.3049 WEAKEN 0.639
1542 1 2.5201 SCAR 0.000
1543 0 1.8275 WEAKEN 0.913
1544 0 2.0430 WEAKEN 0.257
1545 0 2.4909 WEAKEN 0.167
1546 0 2.0759 WEAKEN 0.785
1547 0 1.8325 FREEZE 0.000
1548 0 1.7537 WEAKEN 0.215
1549 0 2.2845 WEAKEN 0.122
1550 0 1.5873 WEAKEN 0.112
1551 1 2.6241 FREEZE 0.000
1552 0 1.2862 WEAKEN 0.616
1553 0 1.5261 WEAKEN 0.664
1554 0 1.5856 WEAKEN 0.606
1555 0 1.4336 WEAKEN 0.864
1556 0 1.3608 WEAKEN 0.767
1557 0 2.4797 WEAKEN 0.264
1558 0 1.7159 WEAKEN 0.653
1559 0 1.6391 WEAKEN 0.755
1560 0 1.6961 WEAKEN 0.571
1561 0 2.0624 WEAKEN 0.313
1562 0 1.3795 WEAKEN 0.738
1563 0 2.1829 FREEZE 0.000
1564 0 1.6075 WEAKEN 0.522
1565 0 2.0553 WEAKEN 0.273
1566 0 1.9738 WEAKEN 0.768
1567 0 2.2680 WEAKEN 0.187
1568 0 2.1017 WEAKEN 0.270
1569 0 2.2666 WEAKEN 0.264
1570 0 2.0237 FREEZE 0.000
1571 0 2.1558 FREEZE 0.000
1572 0 1.4371 WEAKEN 0.601
1573 0 2.0535 FREEZE 0.000
1574 0 1.6883 WEAKEN 0.766
1575 0 1.8869 FREEZE 0.000
1576 0 1.8519 WEAKEN 0.081
1577 0 1.6701 WEAKEN 0.750
1578 0 1.4761 WEAKEN 0.906
1579 0 2.4940 FREEZE 0.000
1580 0 1.5528 WEAKEN 0.707
1581 0 1.2937 WEAKEN 0.792
1582 0 2.0407 FREEZE 0.000
1583 0 2.2033 FREEZE 0.000
1584 0 1.4354 WEAKEN 0.066
1585 0 2.1946 SILENCE 0.000
1586 0 1.5840 WEAKEN 0.898
1587 0 1.6631 WEAKEN 0.924
1588 0 2.4122 FREEZE 0.000
1589 0 1.4528 WEAKEN 0.309
1590 0 1.9894 WEAKEN 0.473
1591 0 1.8023 WEAKEN 0.508
1592 0 1.8364 WEAKEN 0.370
1593 0 2.0227 WEAKEN 0.103
1594 1 5.0390 FREEZE 0.000
1595 0 1.7723 WEAKEN 0.174
1596 1 2.6464 SCAR 0.000
1597 0 1.6381 FREEZE 0.000
1598 0 2.1561 WEAKEN 0.049
1599 0 1.7906 WEAKEN 0.550
1600 0 1.5879 WEAKEN 0.599
1601 0 1.8107 WEAKEN 0.548
1602 0 1.8427 WEAKEN 0.260
1603 0 1.8522 WEAKEN 0.665
1604 1 2.3044 SCAR 0.000
1605 0 2.1255 FREEZE 0.000
1606 0 2.1498 FREEZE 0.000
1607 0 1.9441 WEAKEN 0.435
1608 0 2.1402 FREEZE 0.000
1609 0 2.0209 FREEZE 0.000
1610 0 2.1688 FREEZE 0.000
1611 0 1.6246 FREEZE 0.000
1612 0 1.9980 WEAKEN 0.052
1613 0 1.6118 WEAKEN 0.433
1614 0 1.8977 WEAKEN 0.829
1615 0 1.4507 WEAKEN 0.528
1616 0 1.4943 WEAKEN 0.922
1617 0 1.8936 WEAKEN 0.664
1618 0 1.8618 WEAKEN 0.726
1619 0 2.3157 WEAKEN 0.730
1620 0 1.7114 WEAKEN 0.410
1621 0 1.4802 FREEZE 0.000
1622 1 2.3720 SCAR 0.000
1623 0 1.4746 WEAKEN 0.236
1624 0 2.4457 FREEZE 0.000
1625 0 2.1001 WEAKEN 0.084
1626 0 1.7624 WEAKEN 0.723
1627 0 1.5429 WEAKEN 0.697
1628 0 1.9657 WEAKEN 0.600
1629 0 2.0408 WEAKEN 0.173
1630 0 2.1941 WEAKEN 0.045
1631 1 2.2246 FREEZE 0.000
1632 0 1.9679 WEAKEN 0.225
1633 0 1.6482 WEAKEN 0.628
1634 0 1.3287 WEAKEN 0.942
1635 0 1.4728 PASS 1.000
1636 0 1.7317 WEAKEN 0.305
1637 0 2.2524 WEAKEN 0.202
1638 0 1.5387 WEAKEN 0.659
1639 0 2.0068 FREEZE 0.000
1640 1 2.4190 SILENCE 0.000
1641 1 2.5826 SCAR 0.000
1642 0 1.9265 WEAKEN 0.245
1643 0 2.0018 WEAKEN 0.181
1644 0 1.9880 WEAKEN 0.347
1645 0 1.8797 WEAKEN 0.496
1646 0 1.7419 WEAKEN 0.872
1647 0 1.9174 WEAKEN 0.106
1648 0 1.5436 WEAKEN 0.645
1649 0 1.2932 WEAKEN 0.840
1650 0 1.6864 WEAKEN 0.508
1651 0 2.0555 WEAKEN 0.099
1652 0 2.1761 FREEZE 0.000
1653 0 2.2407 WEAKEN 0.157
1654 0 1.6276 WEAKEN 0.462
1655 0 1.7014 WEAKEN 0.121
1656 0 1.8254 FREEZE 0.000
1657 0 1.7204 WEAKEN 0.695
1658 0 1.5168 WEAKEN 0.762
1659 0 1.5935 WEAKEN 0.427
1660 1 7.7163 FREEZE 0.000
1661 0 1.4578 WEAKEN 0.567
1662 0 1.6974 WEAKEN 0.481
1663 0 1.8256 WEAKEN 0.507
1664 0 1.7592 WEAKEN 0.136
1665 0 1.5019 WEAKEN 0.153
1666 1 2.2685 FREEZE 0.000
1667 0 1.8840 WEAKEN 0.571
1668 0 1.7031 WEAKEN 0.678
1669 0 2.4498 FREEZE 0.000
1670 0 1.7395 WEAKEN 0.780
1671 1 2.4903 FREEZE 0.000
1672 0 1.4238 PASS 1.000
1673 0 1.8763 WEAKEN 0.330
1674 0 2.4599 FREEZE 0.000
1675 0 1.9445 WEAKEN 0.067
1676 0 1.9501 WEAKEN 0.635
1677 0 1.5004 WEAKEN 0.939
1678 0 2.0105 WEAKEN 0.454
1679 0 1.4447 WEAKEN 0.175
1680 0 2.0512 WEAKEN 0.329
1681 0 1.6756 WEAKEN 0.330
1682 0 1.6974 PASS 1.000
1683 0 1.6286 WEAKEN 0.452
1684 0 1.6174 WEAKEN 0.520
1685 0 2.1821 WEAKEN 0.093
1686 0 1.3856 WEAKEN 0.381
1687 0 1.5308 WEAKEN 0.306
1688 0 2.3720 WEAKEN 0.259
1689 0 1.6081 WEAKEN 0.531
1690 0 1.8008 FREEZE 0.000
1691 0 2.0780 FREEZE 0.000
1692 0 2.4470 WEAKEN 0.315
1693 0 1.7496 WEAKEN 0.654
1694 0 2.1495 WEAKEN 0.034
1695 0 1.7865 WEAKEN 0.345
1696 0 1.6547 WEAKEN 0.059
1697 0 1.7933 WEAKEN 0.932
1698 1 2.5960 FREEZE 0.000
1699 1 2.4964 SILENCE 0.000
1700 0 1.6039 WEAKEN 0.393
1701 0 1.3618 WEAKEN 0.255
1702 0 1.7094 WEAKEN 0.412
1703 0 1.4791 WEAKEN 0.703
1704 0 1.5696 FREEZE 0.000
1705 0 1.6204 WEAKEN 0.809
1706 0 1.6860 WEAKEN 0.277
1707 0 1.7689 WEAKEN 0.463
1708 0 1.4381 WEAKEN 0.491
1709 1 2.4353 SCAR 0.000
1710 1 7.9395 FREEZE 0.000
1711 0 1.9553 WEAKEN 0.120
1712 1 7.7457 FREEZE 0.000
1713 0 2.2430 WEAKEN 0.206
1714 0 1.8408 WEAKEN 0.095
1715 0 1.5491 WEAKEN 0.209
1716 0 1.4285 WEAKEN 0.546
1717 0 1.2507 WEAKEN 0.626
1718 0 1.7757 WEAKEN 0.495
1719 0 2.0673 FREEZE 0.000
1720 0 1.5863 WEAKEN 0.713
1721 0 2.0919 WEAKEN 0.149
1722 0 1.6552 WEAKEN 0.357
1723 1 2.3428 SCAR 0.000
1724 0 2.0246 WEAKEN 0.581
1725 0 1.5766 WEAKEN 0.401
1726 0 1.9513 FREEZE 0.000
1727 0 2.1163 WEAKEN 0.861
1728 1 2.6160 SCAR 0.000
1729 0 1.2991 WEAKEN 0.321
1730 0 1.7793 WEAKEN 0.164
1731 0 1.4739 WEAKEN 0.783
1732 0 1.8744 WEAKEN 0.247
1733 0 1.8255 WEAKEN 0.566
1734 0 2.0737 FREEZE 0.000
1735 0 2.1773 FREEZE 0.000
1736 0 1.4183 PASS 1.000
1737 0 1.1067 WEAKEN 0.928
1738 0 1.4370 WEAKEN 0.525
1739 0 1.4110 WEAKEN 0.595
1740 0 1.9682 WEAKEN 0.121
1741 0 1.9867 WEAKEN 0.771
1742 0 1.9103 WEAKEN 0.289
1743 0 1.5221 PASS 1.000
1744 0 1.5234 WEAKEN 0.361
1745 0 1.2956 WEAKEN 0.443
1746 0 1.2533 WEAKEN 0.641
1747 0 1.5884 WEAKEN 0.591
1748 0 1.2452 WEAKEN 0.428
1749 1 7.7911 FREEZE 0.000
1750 0 1.9155 WEAKEN 0.036
1751 0 1.4879 WEAKEN 0.302
1752 0 2.1327 WEAKEN 0.199
1753 0 1.5965 PASS 1.000
1754 0 2.4178 WEAKEN 0.331
1755 0 2.1950 SILENCE 0.000
1756 1 6.7282 SILENCE 0.000
1757 0 1.9770 WEAKEN 0.486
1758 0 1.6203 PASS 1.000
1759 0 1.4398 WEAKEN 0.684
1760 0 1.4365 WEAKEN 0.446
1761 0 1.6651 WEAKEN 0.553
1762 0 1.5102 WEAKEN 0.690
1763 1 2.3557 FREEZE 0.000
1764 0 2.1753 WEAKEN 0.215
1765 0 2.2217 FREEZE 0.000
1766 0 1.8481 WEAKEN 0.921
1767 0 2.0066 FREEZE 0.000
1768 1 7.0161 FREEZE 0.000
1769 0 2.2338 FREEZE 0.000
1770 0 1.9667 WEAKEN 0.542
1771 0 1.6648 WEAKEN 0.966
1772 0 2.2983 FREEZE 0.000
1773 0 1.4623 WEAKEN 0.894
1774 0 1.9041 WEAKEN 0.072
1775 1 6.8133 SILENCE 0.000
1776 0 1.3474 WEAKEN 0.622
1777 0 2.1783 WEAKEN 0.006
1778 0 1.7871 FREEZE 0.000
1779 0 1.2599 WEAKEN 0.770
1780 0 1.9557 WEAKEN 0.847
1781 0 2.0629 WEAKEN 0.511
1782 0 2.0723 FREEZE 0.000
1783 0 1.6115 FREEZE 0.000
1784 0 1.7440 FREEZE 0.000
1785 0 1.7313 WEAKEN 0.101
1786 0 2.0335 FREEZE 0.000
1787 0 1.9439 WEAKEN 0.300
1788 0 1.7814 WEAKEN 0.027
1789 0 1.6370 WEAKEN 0.518
1790 0 2.0863 FREEZE 0.000
1791 0 1.9778 WEAKEN 0.027
1792 0 1.5623 WEAKEN 0.017
1793 0 1.9818 WEAKEN 0.192
1794 0 1.7566 WEAKEN 0.388
1795 0 2.0892 WEAKEN 0.348
1796 0 1.8526 WEAKEN 0.741
1797 0 1.8680 FREEZE 0.000
1798 0 2.2800 FREEZE 0.000
1799 0 1.8228 WEAKEN 0.201
1800 0 1.9987 WEAKEN 0.502
1801 0 1.8907 FREEZE 0.000
1802 0 1.9019 PASS 1.000
1803 1 2.1845 FREEZE 0.000
1804 0 1.2655 WEAKEN 0.539
1805 0 1.8284 WEAKEN 0.860
1806 0 2.1501 FREEZE 0.000
1807 1 2.4131 SCAR 0.000
1808 0 1.5473 WEAKEN 0.225
1809 0 1.6080 WEAKEN 0.597
1810 0 2.4089 WEAKEN 0.460
1811 0 1.8872 WEAKEN 0.401
1812 0 1.3688 WEAKEN 0.530
1813 0 2.2939 WEAKEN 0.560
1814 0 1.7221 WEAKEN 0.335
1815 0 1.8751 FREEZE 0.000
1816 0 1.9846 WEAKEN 0.394
1817 0 1.8332 WEAKEN 0.740
1818 0 2.0323 FREEZE 0.000
1819 1 2.4614 FREEZE 0.000
1820 0 1.6907 FREEZE 0.000
1821 0 1.7287 WEAKEN 0.034
1822 0 1.6521 WEAKEN 0.299
1823 0 1.9278 WEAKEN 0.480
1824 0 1.5103 WEAKEN 0.749
1825 0 1.6712 WEAKEN 0.769
1826 0 1.6099 PASS 1.000
1827 0 1.5557 FREEZE 0.000
1828 0 1.9347 FREEZE 0.000
1829 1 2.3902 SCAR 0.000
1830 0 1.7563 WEAKEN 0.612
1831 0 1.6942 WEAKEN 0.317
1832 0 1.8047 FREEZE 0.000
1833 1 2.4192 FREEZE 0.000
1834 0 1.5175 WEAKEN 0.289
1835 0 1.4489 WEAKEN 0.689
1836 0 1.7610 WEAKEN 0.397
1837 0 1.8288 WEAKEN 0.605
1838 0 2.2986 WEAKEN 0.004
1839 0 1.9685 WEAKEN 0.329
1840 0 1.8033 WEAKEN 0.740
1841 0 2.0226 FREEZE 0.000
1842 0 1.5316 WEAKEN 0.398
1843 0 1.5201 WEAKEN 0.810
1844 0 1.9522 FREEZE 0.000
1845 0 1.2503 WEAKEN 0.633
1846 0 1.5013 WEAKEN 0.573
1847 0 2.0430 FREEZE 0.000
1848 0 1.4789 WEAKEN 0.426
1849 0 1.8219 WEAKEN 0.082
1850 0 1.6565 WEAKEN 0.329
1851 0 2.5508 FREEZE 0.000
1852 0 1.4100 WEAKEN 0.984
1853 0 1.4036 WEAKEN 0.403
1854 0 1.8037 FREEZE 0.000
1855 0 1.7938 WEAKEN 0.223
1856 0 1.6027 WEAKEN 0.429
1857 0 1.7196 FREEZE 0.000
1858 0 1.4111 WEAKEN 0.544
1859 0 1.6699 WEAKEN 0.565
1860 0 1.6195 WEAKEN 0.262
1861 0 1.5163 WEAKEN 0.058
1862 0 1.5272 WEAKEN 0.314
1863 0 1.9553 WEAKEN 0.572
1864 0 1.6873 WEAKEN 0.374
1865 0 2.1005 WEAKEN 0.030
1866 0 1.3578 WEAKEN 0.348
1867 0 1.8752 FREEZE 0.000
1868 0 1.7401 WEAKEN 0.095
1869 1 7.5636 FREEZE 0.000
1870 0 2.0296 FREEZE 0.000
1871 0 1.5471 WEAKEN 0.652
1872 0 1.4955 WEAKEN 0.838
1873 0 2.2178 FREEZE 0.000
1874 0 2.1881 WEAKEN 0.532
1875 0 1.5071 WEAKEN 0.817
1876 0 1.7050 WEAKEN 0.959
1877 0 1.9921 FREEZE 0.000
1878 0 1.3267 WEAKEN 0.305
1879 0 1.4213 WEAKEN 0.484
1880 0 1.4730 WEAKEN 0.588
1881 0 1.5740 WEAKEN 0.955
1882 0 2.3384 FREEZE 0.000
1883 0 1.5938 WEAKEN 0.720
1884 0 1.4537 WEAKEN 0.419
1885 0 1.7993 WEAKEN 0.288
1886 0 1.5275 WEAKEN 0.581
1887 0 1.6638 WEAKEN 0.653
1888 0 1.6028 WEAKEN 1.000
1889 0 1.5484 PASS 1.000
1890 0 1.7339 WEAKEN 0.163
1891 0 1.4972 WEAKEN 0.710
1892 0 1.3967 WEAKEN 0.664
1893 0 1.5939 WEAKEN 0.083
1894 0 1.5862 WEAKEN 0.528
1895 1 2.5174 FREEZE 0.000
1896 0 2.1633 SILENCE 0.000
1897 1 2.4091 FREEZE 0.000
1898 0 1.4360 WEAKEN 0.621
1899 0 1.6925 WEAKEN 0.073
1900 0 2.2258 FREEZE 0.000
1901 0 2.1361 WEAKEN 0.259
1902 0 1.3640 WEAKEN 0.683
1903 0 1.6432 WEAKEN 0.457
1904 0 1.7534 WEAKEN 0.021
1905 0 1.3399 WEAKEN 0.869
1906 0 1.6235 WEAKEN 0.166
1907 1 2.3925 FREEZE 0.000
1908 0 1.9568 WEAKEN 0.412
1909 1 2.3137 FREEZE 0.000
1910 0 1.9921 WEAKEN 0.710
1911 0 1.6903 WEAKEN 0.091
1912 1 2.5870 FREEZE 0.000
1913 1 2.4746 FREEZE 0.000
1914 0 1.6296 WEAKEN 0.928
1915 0 1.6259 WEAKEN 0.204
1916 0 1.4659 WEAKEN 0.455
1917 0 1.7960 WEAKEN 0.386
1918 0 1.3553 PASS 1.000
1919 0 1.7249 WEAKEN 0.462
1920 0 1.3323 WEAKEN 0.770
1921 0 1.8765 WEAKEN 0.930
1922 0 1.2662 WEAKEN 0.929
1923 0 1.4577 WEAKEN 0.497
1924 0 1.9774 FREEZE 0.000
1925 0 1.9880 WEAKEN 0.340
1926 1 6.8522 SILENCE 0.000
1927 0 2.2375 FREEZE 0.000
1928 0 1.7142 WEAKEN 0.660
1929 1 2.6040 SCAR 0.000
1930 1 2.5398 FREEZE 0.000
1931 0 1.7508 WEAKEN 0.341
1932 0 2.1321 WEAKEN 0.059
1933 0 1.6681 WEAKEN 0.591
1934 0 1.5050 FREEZE 0.000
1935 0 2.0048 FREEZE 0.000
1936 0 1.3160 PASS 1.000
1937 0 1.4941 FREEZE 0.000
1938 0 1.8818 WEAKEN 0.086
1939 0 1.2769 WEAKEN 0.624
1940 0 1.1895 WEAKEN 0.250
1941 0 1.8959 WEAKEN 0.006
1942 0 2.0885 FREEZE 0.000
1943 0 2.1173 FREEZE 0.000
1944 0 1.6228 WEAKEN 0.450
1945 0 1.9562 FREEZE 0.000
1946 0 1.6450 WEAKEN 0.874
1947 0 1.7043 FREEZE 0.000
1948 0 2.0640 WEAKEN 0.234
1949 0 1.8493 WEAKEN 0.661
1950 1 2.3008 FREEZE 0.000
1951 0 1.4510 WEAKEN 0.841
1952 0 2.1022 FREEZE 0.000
1953 0 1.7572 WEAKEN 0.635
1954 0 1.7083 WEAKEN 0.720
1955 0 1.2640 WEAKEN 0.454
1956 0 1.4430 WEAKEN 0.640
1957 0 1.4317 PASS 1.000
1958 0 1.5140 WEAKEN 0.876
1959 0 2.2754 WEAKEN 0.039
1960 0 1.6086 WEAKEN 0.084
1961 0 1.3615 WEAKEN 0.539
1962 0 2.3697 FREEZE 0.000
1963 0 1.7547 FREEZE 0.000
1964 0 1.6976 WEAKEN 0.561
1965 0 1.8226 WEAKEN 0.773
1966 0 1.7581 FREEZE 0.000
1967 0 1.4728 WEAKEN 0.766
1968 1 2.2601 SCAR 0.000
1969 1 2.4324 FREEZE 0.000
1970 0 1.1126 WEAKEN 0.906
1971 0 1.5018 WEAKEN 0.356
1972 0 1.7368 WEAKEN 0.179
1973 0 1.5444 WEAKEN 0.595
1974 0 1.4637 WEAKEN 0.630
1975 0 1.5115 WEAKEN 0.686
1976 0 1.9096 FREEZE 0.000
1977 0 1.9658 FREEZE 0.000
1978 0 2.0017 WEAKEN 0.748
1979 1 2.4625 SILENCE 0.000
1980 0 1.9646 WEAKEN 0.398
1981 0 1.7345 WEAKEN 0.790
1982 0 1.5827 WEAKEN 0.375
1983 0 1.4854 WEAKEN 0.775
1984 1 2.6435 SCAR 0.000
1985 0 1.6852 WEAKEN 0.779
1986 0 1.4714 FREEZE 0.000
1987 0 1.3984 WEAKEN 0.090
1988 0 1.5389 WEAKEN 0.612
1989 0 1.9308 WEAKEN 0.026
1990 0 1.7308 WEAKEN 0.698
1991 1 7.5607 SILENCE 0.000
1992 0 2.0138 WEAKEN 0.103
1993 0 1.7766 WEAKEN 0.009
1994 0 1.5494 WEAKEN 0.805
1995 0 1.7809 WEAKEN 0.784
1996 0 1.8942 FREEZE 0.000
1997 0 2.1039 FREEZE 0.000
1998 0 1.5595 FREEZE 0.000
1999 0 1.8617 FREEZE 0.000
2000 1 7.3966 FREEZE 0.000
2001 0 1.8874 WEAKEN 0.123
2002 1 2.6239 SCAR 0.000
2003 1 2.7716 SCAR 0.000
2004 0 1.9476 FREEZE 0.000
2005 0 1.9393 WEAKEN 0.637
2006 1 2.4301 FREEZE 0.000
2007 0 2.3206 FREEZE 0.000
2008 0 2.2336 WEAKEN 0.445
2009 0 1.3089 WEAKEN 0.344
2010 0 2.4364 FREEZE 0.000
2011 0 1.9596 WEAKEN 0.848
2012 0 1.0880 WEAKEN 0.462
2013 0 2.0451 FREEZE 0.000
2014 0 1.8509 FREEZE 0.000
2015 0 1.3584 WEAKEN 0.420
2016 0 1.6300 WEAKEN 0.163
2017 0 1.8056 WEAKEN 0.681
2018 0 1.6188 PASS 1.000
2019 0 1.5326 WEAKEN 0.563
2020 0 2.3242 WEAKEN 0.237
2021 0 1.8010 WEAKEN 0.027
2022 0 1.9505 WEAKEN 0.442
2023 0 1.7203 WEAKEN 0.256
2024 0 1.6861 WEAKEN 0.381
2025 0 1.4060 FREEZE 0.000
2026 0 1.9631 FREEZE 0.000
2027 0 1.9105 WEAKEN 0.511
2028 0 2.1694 WEAKEN 0.294
2029 0 1.5568 WEAKEN 0.434
2030 0 1.6262 WEAKEN 0.985
2031 1 2.7585 FREEZE 0.000
2032 0 1.7399 WEAKEN 0.343
2033 0 2.2098 WEAKEN 0.073
2034 0 1.9840 WEAKEN 0.149
2035 0 1.9463 WEAKEN 0.410
2036 0 1.8316 WEAKEN 0.596
2037 0 1.4342 WEAKEN 0.942
2038 0 2.0786 WEAKEN 0.522
2039 0 1.2503 WEAKEN 0.361
2040 0 1.3316 WEAKEN 0.625
2041 0 1.0719 PASS 1.000
2042 0 1.8882 WEAKEN 0.227
2043 0 2.1520 SCAR 0.000
2044 0 1.5529 WEAKEN 0.654
2045 1 2.5010 FREEZE 0.000
2046 0 1.5375 WEAKEN 0.537
2047 0 1.8595 WEAKEN 0.928
2048 0 1.3415 WEAKEN 0.574
2049 0 1.8231 FREEZE 0.000
2050 1 2.2232 FREEZE 0.000
2051 0 2.3275 WEAKEN 0.353
2052 0 1.5015 WEAKEN 0.746
2053 0 1.5459 WEAKEN 0.216
2054 0 2.1736 FREEZE 0.000
2055 0 1.4111 WEAKEN 0.943
2056 0 1.7932 WEAKEN 0.647
2057 0 1.1557 WEAKEN 0.779
2058 0 1.5558 WEAKEN 0.487
2059 0 1.7991 FREEZE 0.000
2060 0 2.2755 FREEZE 0.000
2061 0 2.0116 FREEZE 0.000
2062 1 2.3678 FREEZE 0.000
2063 0 2.2982 FREEZE 0.000
2064 0 1.4382 WEAKEN 0.571
2065 0 1.5557 WEAKEN 0.737
2066 0 2.0324 WEAKEN 0.480
2067 1 2.3627 FREEZE 0.000
2068 0 1.3753 WEAKEN 0.449
2069 1 2.2031 SILENCE 0.000
2070 0 1.6141 WEAKEN 0.265
2071 0 2.1188 WEAKEN 0.343
2072 0 2.3540 WEAKEN 0.141
2073 0 2.0065 WEAKEN 0.548
2074 0 1.2203 WEAKEN 0.745
2075 0 1.5896 FREEZE 0.000
2076 0 1.6412 WEAKEN 0.641
2077 0 1.4105 WEAKEN 0.271
2078 0 1.4690 WEAKEN 0.925
2079 0 1.5611 WEAKEN 0.252
2080 0 2.0698 FREEZE 0.000
2081 0 1.9401 WEAKEN 0.425
2082 0 1.4575 WEAKEN 0.409
2083 0 1.7408 WEAKEN 0.016
2084 0 1.6281 WEAKEN 0.723
2085 0 2.1715 WEAKEN 0.139
2086 0 1.6425 WEAKEN 0.398
2087 0 1.8275 WEAKEN 0.498
2088 0 1.7821 WEAKEN 0.241
2089 0 1.8559 FREEZE 0.000
2090 0 1.7864 WEAKEN 0.062
2091 0 1.9204 WEAKEN 0.124
2092 1 2.1949 SCAR 0.000
2093 0 1.7059 WEAKEN 0.580
2094 0 1.8507 WEAKEN 0.140
2095 0 1.5827 WEAKEN 0.367
2096 0 1.5204 WEAKEN 0.266
2097 0 1.4479 WEAKEN 0.537
2098 0 1.0656 WEAKEN 0.933
2099 0 1.5945 WEAKEN 0.270
2100 0 1.5276 WEAKEN 0.224
2101 0 1.9670 WEAKEN 0.217
2102 0 2.2001 FREEZE 0.000
2103 0 1.6025 WEAKEN 0.762
2104 0 1.4430 WEAKEN 0.538
2105 0 2.2753 WEAKEN 0.128
2106 0 1.7209 WEAKEN 0.967
2107 1 7.5969 FREEZE 0.000
2108 0 1.4620 WEAKEN 0.399
2109 0 1.2903 WEAKEN 0.627
2110 0 1.5828 WEAKEN 0.168
2111 0 1.4410 WEAKEN 0.035
2112 0 1.4368 WEAKEN 0.699
2113 0 1.6061 PASS 1.000
2114 1 2.1548 FREEZE 0.000
2115 0 1.9424 WEAKEN 0.035
2116 0 1.1694 WEAKEN 0.644
2117 0 1.5420 PASS 1.000
2118 0 1.7408 WEAKEN 0.257
2119 1 2.5043 FREEZE 0.000
2120 1 2.2725 SCAR 0.000
2121 0 2.2290 FREEZE 0.000
2122 0 1.6239 WEAKEN 0.430
2123 1 2.5097 FREEZE 0.000
2124 0 2.1283 FREEZE 0.000
2125 0 2.0287 WEAKEN 0.323
2126 0 1.5585 WEAKEN 0.968
2127 0 1.7854 WEAKEN 0.608
2128 0 0.9979 PASS 1.000
2129 0 1.8526 WEAKEN 0.201
2130 0 1.3590 WEAKEN 0.229
2131 0 1.5393 FREEZE 0.000
2132 0 1.6750 WEAKEN 0.541
2133 0 2.1456 WEAKEN 0.008
2134 0 1.6042 WEAKEN 0.773
2135 0 1.9676 WEAKEN 0.282
2136 0 2.4591 FREEZE 0.000
2137 0 1.9817 FREEZE 0.000
2138 0 1.8937 WEAKEN 0.088
2139 0 1.7170 WEAKEN 0.640
2140 0 1.9402 WEAKEN 0.906
2141 0 1.3947 WEAKEN 0.624
2142 0 1.0218 WEAKEN 0.542
2143 0 1.5188 FREEZE 0.000
2144 0 1.4688 WEAKEN 0.739
2145 0 1.9588 WEAKEN 0.469
2146 0 1.9905 SILENCE 0.000
2147 0 1.3111 WEAKEN 0.449
2148 0 1.3223 WEAKEN 0.835
2149 0 1.6821 WEAKEN 0.813
2150 0 1.7999 WEAKEN 0.638
2151 0 1.6948 WEAKEN 0.729
2152 0 1.8083 FREEZE 0.000
2153 0 2.0875 WEAKEN 0.235
2154 0 1.9286 WEAKEN 0.302
2155 0 1.7335 WEAKEN 0.523
2156 0 1.6249 WEAKEN 0.183
2157 0 1.4232 WEAKEN 0.753
2158 0 2.1589 FREEZE 0.000
2159 0 1.9286 FREEZE 0.000
2160 0 1.7455 WEAKEN 0.280
2161 0 2.4060 WEAKEN 0.397
2162 0 2.1382 FREEZE 0.000
2163 0 1.5455 WEAKEN 0.363
2164 0 1.3633 WEAKEN 0.815
2165 0 1.7568 FREEZE 0.000
2166 0 1.4021 WEAKEN 0.505
2167 0 1.8969 WEAKEN 0.160
2168 0 1.6103 WEAKEN 0.305
2169 0 1.6725 WEAKEN 0.005
2170 1 2.4450 FREEZE 0.000
2171 0 1.3556 WEAKEN 0.767
2172 0 1.7415 WEAKEN 0.260
2173 0 1.7483 FREEZE 0.000
2174 1 7.9053 FREEZE 0.000
2175 0 2.1229 WEAKEN 0.107
2176 0 1.8598 WEAKEN 0.767
2177 0 1.9882 WEAKEN 0.529
2178 0 1.4437 WEAKEN 0.737
2179 0 2.1500 WEAKEN 0.434
2180 0 1.3155 WEAKEN 0.430
2181 0 1.6767 WEAKEN 0.795
2182 0 2.1453 WEAKEN 0.147
2183 0 1.6330 WEAKEN 0.088
2184 0 1.2471 WEAKEN 0.547
2185 0 1.4766 WEAKEN 0.732
2186 0 1.6032 WEAKEN 0.160
2187 0 1.3413 PASS 1.000
2188 0 1.3660 WEAKEN 0.235
2189 0 1.4987 WEAKEN 0.893
2190 1 2.4244 FREEZE 0.000
2191 0 1.3269 WEAKEN 0.791
2192 0 2.2055 WEAKEN 0.055
2193 0 1.5321 WEAKEN 0.848
2194 0 1.7316 FREEZE 0.000
2195 1 7.3512 FREEZE 0.000
2196 0 1.5821 WEAKEN 0.338
2197 0 1.7854 WEAKEN 0.660
2198 0 1.8872 WEAKEN 0.096
2199 0 2.1870 WEAKEN 0.685
2200 0 1.9358 WEAKEN 0.344
2201 0 1.5033 WEAKEN 0.040
2202 0 1.3728 WEAKEN 0.880
2203 0 1.7233 WEAKEN 0.786
2204 0 1.8550 WEAKEN 0.376
2205 0 1.5994 WEAKEN 0.587
2206 0 1.7571 WEAKEN 0.245
2207 0 1.8611 FREEZE 0.000
2208 1 2.5343 SCAR 0.000
2209 0 2.0852 FREEZE 0.000
2210 0 2.0118 WEAKEN 0.047
2211 0 1.6422 WEAKEN 0.772
2212 0 1.7557 WEAKEN 0.369
2213 0 1.5815 WEAKEN 0.559
2214 0 1.2383 WEAKEN 0.752
2215 0 1.8537 WEAKEN 0.152
2216 0 1.7016 WEAKEN 0.345
2217 1 2.1557 FREEZE 0.000
2218 0 1.5839 WEAKEN 0.979
2219 0 1.4140 WEAKEN 0.448
2220 0 1.2433 FREEZE 0.000
2221 1 2.3879 FREEZE 0.000
2222 0 1.4933 WEAKEN 0.438
2223 0 2.1176 WEAKEN 0.058
2224 0 1.5265 WEAKEN 0.369
2225 0 1.6538 WEAKEN 0.100
2226 0 1.7369 WEAKEN 0.915
2227 0 1.3514 PASS 1.000
2228 0 1.8614 WEAKEN 0.100
2229 0 1.7748 WEAKEN 0.281
2230 0 2.2334 WEAKEN 0.373
2231 0 2.1595 FREEZE 0.000
2232 0 1.6059 WEAKEN 0.786
2233 0 1.5525 WEAKEN 0.763
2234 0 2.0785 WEAKEN 0.769
2235 0 1.3212 WEAKEN 0.918
2236 1 2.2271 FREEZE 0.000
2237 0 1.6481 WEAKEN 0.563
2238 0 1.5240 WEAKEN 0.195
2239 0 0.9798 WEAKEN 0.940
2240 1 2.3724 SILENCE 0.000
2241 0 2.7710 WEAKEN 0.103
2242 0 2.1062 WEAKEN 0.700
2243 0 2.6118 WEAKEN 0.424
2244 0 1.9363 WEAKEN 0.287
2245 0 1.5086 WEAKEN 0.974
2246 0 1.7180 WEAKEN 0.214
2247 0 0.8674 WEAKEN 0.660
2248 0 1.7000 WEAKEN 0.263
2249 0 1.8829 FREEZE 0.000
2250 0 1.9479 WEAKEN 0.006
2251 0 1.7293 FREEZE 0.000
2252 0 2.0190 WEAKEN 0.031
2253 0 2.1030 WEAKEN 0.564
2254 1 2.2314 FREEZE 0.000
2255 0 1.3027 WEAKEN 0.682
2256 0 1.7442 WEAKEN 0.367
2257 0 1.5500 WEAKEN 0.508
2258 0 1.8640 FREEZE 0.000
2259 0 1.7948 WEAKEN 0.486
2260 0 1.7636 WEAKEN 0.638
2261 0 1.3030 WEAKEN 0.750
2262 0 1.6416 WEAKEN 0.633
2263 0 1.2905 WEAKEN 0.719
2264 0 2.3285 FREEZE 0.000
2265 0 1.5522 WEAKEN 0.884
2266 0 1.5018 WEAKEN 0.360
2267 0 1.6391 WEAKEN 0.359
2268 1 2.0890 FREEZE 0.000
2269 0 1.4579 WEAKEN 0.878
2270 0 1.4067 WEAKEN 0.870
2271 0 1.6353 WEAKEN 0.522
2272 1 2.4295 SCAR 0.000
2273 0 1.7719 WEAKEN 0.292
2274 0 2.0795 FREEZE 0.000
2275 0 1.9955 WEAKEN 0.274
2276 0 1.2846 WEAKEN 0.135
2277 0 1.3154 WEAKEN 0.900
2278 0 1.8669 WEAKEN 0.205
2279 0 1.7181 WEAKEN 0.521
2280 0 1.6426 WEAKEN 0.601
2281 0 1.6753 FREEZE 0.000
2282 0 1.7229 WEAKEN 0.150
2283 0 1.6274 WEAKEN 0.131
2284 1 2.7949 SILENCE 0.000
2285 0 1.7418 FREEZE 0.000
2286 1 2.3129 SCAR 0.000
2287 0 1.8640 WEAKEN 0.870
2288 0 1.6154 WEAKEN 0.453
2289 0 1.4693 WEAKEN 0.691
2290 0 2.3602 FREEZE 0.000
2291 0 1.6663 WEAKEN 0.141
2292 0 1.4979 PASS 1.000
2293 0 1.5245 WEAKEN 0.538
2294 0 1.8965 WEAKEN 0.379
2295 0 1.2705 WEAKEN 0.383
2296 0 1.6210 WEAKEN 0.882
2297 0 1.7040 WEAKEN 0.887
2298 0 1.4801 WEAKEN 0.017
2299 0 1.0606 WEAKEN 0.969
2300 0 1.5169 WEAKEN 0.323
2301 0 1.3469 WEAKEN 0.383
2302 0 1.5557 WEAKEN 0.402
2303 0 1.6622 WEAKEN 0.579
2304 0 2.0119 WEAKEN 0.100
2305 0 1.3931 WEAKEN 0.833
2306 0 1.9677 WEAKEN 0.348
2307 0 2.2385 FREEZE 0.000
2308 0 1.1187 WEAKEN 0.706
2309 0 1.5855 PASS 1.000
2310 0 1.5512 WEAKEN 0.026
2311 0 2.1226 WEAKEN 0.393
2312 0 2.1710 FREEZE 0.000
2313 0 1.9328 FREEZE 0.000
2314 0 1.3906 WEAKEN 0.662
2315 0 1.6830 WEAKEN 0.389
2316 0 2.1265 FREEZE 0.000
2317 0 1.7301 WEAKEN 0.286
2318 0 1.5712 WEAKEN 0.924
2319 0 1.7502 WEAKEN 0.438
2320 0 1.5363 WEAKEN 0.700
2321 0 1.6074 WEAKEN 0.649
2322 0 1.4879 WEAKEN 0.387
2323 0 0.9221 WEAKEN 0.281
2324 0 0.9317 WEAKEN 0.501
2325 0 1.7210 FREEZE 0.000
2326 0 1.8475 FREEZE 0.000
2327 0 1.8096 WEAKEN 0.209
2328 0 1.3144 WEAKEN 0.585
2329 0 1.2290 WEAKEN 0.839
2330 0 1.9850 FREEZE 0.000
2331 0 1.4105 WEAKEN 0.483
2332 1 2.2160 FREEZE 0.000
2333 0 1.3988 WEAKEN 0.721
2334 0 1.3400 WEAKEN 0.643
2335 0 2.3199 WEAKEN 0.365
2336 0 2.0070 WEAKEN 0.336
2337 0 1.6561 WEAKEN 0.143
2338 0 1.4364 FREEZE 0.000
2339 0 1.4391 WEAKEN 0.235
2340 0 1.3824 WEAKEN 0.474
2341 0 2.0387 WEAKEN 0.414
2342 0 1.5342 WEAKEN 0.238
2343 0 1.9412 WEAKEN 0.181
2344 0 1.5878 FREEZE 0.000
2345 0 2.0405 FREEZE 0.000
2346 0 1.4597 FREEZE 0.000
2347 0 1.4005 WEAKEN 0.786
2348 0 1.5726 WEAKEN 0.854
2349 0 2.0341 FREEZE 0.000
2350 0 1.3722 WEAKEN 0.635
2351 0 2.1648 FREEZE 0.000
2352 0 1.8585 WEAKEN 0.384
2353 0 1.5520 WEAKEN 0.066
2354 0 1.6472 FREEZE 0.000
2355 0 1.2687 FREEZE 0.000
2356 0 1.2372 WEAKEN 0.464
2357 0 1.3043 WEAKEN 0.944
2358 0 1.2458 WEAKEN 0.955
2359 0 1.7292 WEAKEN 0.714
2360 0 1.5345 WEAKEN 0.034
2361 0 1.3782 WEAKEN 0.726
2362 0 1.2370 WEAKEN 0.402
2363 0 1.2226 WEAKEN 0.876
2364 1 2.2879 SILENCE 0.000
2365 0 1.6899 FREEZE 0.000
2366 0 1.5266 WEAKEN 0.989
2367 1 2.4137 FREEZE 0.000
2368 0 2.0358 FREEZE 0.000
2369 0 2.1853 WEAKEN 0.002
2370 0 1.8315 WEAKEN 0.498
2371 0 1.2809 WEAKEN 0.485
2372 1 2.4055 FREEZE 0.000
2373 0 1.7187 WEAKEN 0.587
2374 0 2.3872 FREEZE 0.000
2375 0 2.0294 FREEZE 0.000
2376 0 1.3382 WEAKEN 0.008
2377 0 1.9293 WEAKEN 0.290
2378 0 1.6919 WEAKEN 0.903
2379 0 2.5417 WEAKEN 0.214
2380 0 2.0974 SILENCE 0.000
2381 0 1.9879 WEAKEN 0.198
2382 0 1.7370 WEAKEN 0.592
2383 0 1.6623 WEAKEN 0.677
2384 0 1.5699 WEAKEN 0.752
2385 1 6.8159 SILENCE 0.000
2386 0 1.6322 PASS 1.000
2387 0 1.1584 WEAKEN 0.727
2388 1 2.3277 SCAR 0.000
2389 0 1.4562 PASS 1.000
2390 0 1.6001 WEAKEN 0.930
2391 0 1.9219 FREEZE 0.000
2392 0 1.8859 WEAKEN 0.068
2393 0 1.8872 WEAKEN 0.113
2394 0 1.8621 FREEZE 0.000
2395 0 1.3681 WEAKEN 0.372
2396 1 2.7226 SCAR 0.000
2397 0 1.2096 PASS 1.000
2398 0 1.7702 WEAKEN 0.924
2399 0 1.6145 WEAKEN 0.442
2400 0 1.3915 WEAKEN 0.063
2401 0 1.4046 WEAKEN 0.776
2402 0 1.3573 WEAKEN 0.328
2403 0 1.5412 WEAKEN 0.473
2404 0 1.7394 WEAKEN 0.423
2405 0 1.4619 WEAKEN 0.423
2406 0 1.2937 WEAKEN 0.358
2407 0 1.9714 WEAKEN 0.646
2408 0 1.5752 WEAKEN 0.359
2409 0 1.8419 WEAKEN 0.176
2410 0 2.0572 FREEZE 0.000
2411 0 1.5274 WEAKEN 0.763
2412 0 1.8360 WEAKEN 0.394
2413 0 1.3178 WEAKEN 0.570
2414 0 1.6006 WEAKEN 0.335
2415 0 1.8571 WEAKEN 0.782
2416 0 1.1923 WEAKEN 0.841
2417 0 1.5239 WEAKEN 0.524
2418 0 1.9564 FREEZE 0.000
2419 0 2.0791 WEAKEN 0.322
2420 0 1.5156 WEAKEN 0.624
2421 0 2.2292 FREEZE 0.000
2422 0 1.4873 WEAKEN 0.298
2423 0 1.1318 WEAKEN 0.335
2424 0 1.2527 WEAKEN 0.738
2425 0 1.1155 WEAKEN 0.561
2426 0 1.5104 PASS 1.000
2427 0 2.1878 FREEZE 0.000
2428 1 2.2128 FREEZE 0.000
2429 0 1.9149 FREEZE 0.000
2430 0 1.7475 WEAKEN 0.874
2431 1 6.7574 FREEZE 0.000
2432 0 1.5627 WEAKEN 0.752
2433 0 1.5416 WEAKEN 0.545
2434 0 1.5664 FREEZE 0.000
2435 0 1.6573 WEAKEN 0.118
2436 0 1.6542 WEAKEN 0.125
2437 0 1.9950 FREEZE 0.000
2438 0 2.0181 WEAKEN 0.834
2439 0 1.9747 FREEZE 0.000
2440 0 1.4619 WEAKEN 0.383
2441 0 1.5530 WEAKEN 0.360
2442 0 1.6942 FREEZE 0.000
2443 0 1.8429 WEAKEN 0.381
2444 0 1.4754 WEAKEN 0.234
2445 0 2.0253 PASS 1.000
2446 0 1.8007 PASS 1.000
2447 0 2.0276 FREEZE 0.000
2448 1 2.6228 SCAR 0.000
2449 0 2.0628 FREEZE 0.000
2450 1 2.5952 SCAR 0.000
2451 0 2.1048 WEAKEN 0.302
2452 0 2.1347 WEAKEN 0.313
2453 0 1.4199 WEAKEN 0.714
2454 0 1.3555 WEAKEN 0.893
2455 0 1.7411 WEAKEN 0.688
2456 0 1.2061 WEAKEN 0.766
2457 0 1.2994 WEAKEN 0.262
2458 0 2.4442 SCAR 0.000
2459 0 1.4288 WEAKEN 0.361
2460 0 1.2487 WEAKEN 0.481
2461 0 1.3888 WEAKEN 0.785
2462 0 1.3379 WEAKEN 0.532
2463 0 1.6739 WEAKEN 0.444
2464 0 1.4138 WEAKEN 0.162
2465 0 1.9418 WEAKEN 0.218
2466 0 1.4628 WEAKEN 0.944
2467 0 1.4813 WEAKEN 0.201
2468 0 1.7568 WEAKEN 0.212
2469 0 1.1322 WEAKEN 0.862
2470 0 1.6124 WEAKEN 0.555
2471 0 1.8972 FREEZE 0.000
2472 0 1.5468 WEAKEN 0.810
2473 0 1.8236 WEAKEN 0.351
2474 0 1.4163 PASS 1.000
2475 0 1.0994 WEAKEN 0.591
2476 0 1.5728 WEAKEN 0.757
2477 0 2.1750 WEAKEN 0.348
2478 0 1.7780 WEAKEN 0.545
2479 0 1.1909 WEAKEN 0.840
2480 0 1.6621 WEAKEN 0.052
2481 0 1.8915 WEAKEN 0.342
2482 0 1.5764 WEAKEN 0.499
2483 0 1.9173 FREEZE 0.000
2484 0 1.5019 WEAKEN 0.689
2485 1 2.3619 FREEZE 0.000
2486 0 1.9834 WEAKEN 0.717
2487 0 1.5135 WEAKEN 0.693
2488 0 1.9515 WEAKEN 0.715
2489 0 1.5066 WEAKEN 0.152
2490 1 2.3300 FREEZE 0.000
2491 0 1.4237 WEAKEN 0.510
2492 0 1.5715 WEAKEN 0.278
2493 0 1.6044 FREEZE 0.000
2494 0 1.9221 FREEZE 0.000
2495 0 1.2208 WEAKEN 0.786
2496 0 1.4099 WEAKEN 0.799
2497 0 2.0602 FREEZE 0.000
2498 0 1.5525 WEAKEN 0.986
2499 0 1.5298 PASS 1.000
2500 0 1.5135 WEAKEN 0.239
2501 0 1.5628 PASS 1.000
2502 0 1.3716 WEAKEN 0.430
2503 0 1.6482 WEAKEN 0.100
2504 0 1.4302 WEAKEN 0.599
2505 0 1.3366 PASS 1.000
2506 0 1.7083 WEAKEN 0.766
2507 0 2.4417 FREEZE 0.000
2508 0 2.1834 FREEZE 0.000
2509 0 2.1798 FREEZE 0.000
2510 0 1.8614 FREEZE 0.000
2511 0 1.7531 WEAKEN 0.376
2512 0 1.9132 FREEZE 0.000
2513 0 1.7238 WEAKEN 0.554
2514 0 1.8032 WEAKEN 0.184
2515 0 1.7662 FREEZE 0.000
2516 0 1.9965 WEAKEN 0.838
2517 0 1.6552 WEAKEN 0.458
2518 0 1.5313 SCAR 0.000
2519 0 2.4270 FREEZE 0.000
2520 0 2.0552 FREEZE 0.000
2521 0 1.5225 WEAKEN 0.543
2522 0 1.4274 PASS 1.000
2523 0 1.5128 FREEZE 0.000
2524 0 1.3855 WEAKEN 0.982
2525 0 1.7898 WEAKEN 0.074
2526 0 1.4370 PASS 1.000
2527 0 1.0386 PASS 1.000
2528 0 1.7342 WEAKEN 0.924
2529 1 2.4070 FREEZE 0.000
2530 0 1.7995 SCAR 0.000
2531 0 1.8711 WEAKEN 0.284
2532 0 2.0208 WEAKEN 0.274
2533 0 1.5722 WEAKEN 0.363
2534 0 1.7626 WEAKEN 0.030
2535 0 1.7541 WEAKEN 0.685
2536 0 1.6790 WEAKEN 0.537
2537 0 1.7259 WEAKEN 0.546
2538 0 1.5449 PASS 1.000
2539 0 2.0748 WEAKEN 0.443
2540 0 1.2665 WEAKEN 0.517
2541 0 1.5913 FREEZE 0.000
2542 0 1.6311 WEAKEN 0.500
2543 0 1.6887 WEAKEN 0.139
2544 0 1.9633 FREEZE 0.000
2545 0 1.6334 WEAKEN 0.012
2546 0 1.5957 FREEZE 0.000
2547 0 1.4812 WEAKEN 0.791
2548 0 1.7894 FREEZE 0.000
2549 0 1.8199 WEAKEN 0.047
2550 0 2.1343 WEAKEN 0.249
2551 0 2.2187 FREEZE 0.000
2552 0 1.6715 WEAKEN 0.368
2553 0 1.5222 WEAKEN 0.505
2554 0 2.1829 FREEZE 0.000
2555 1 2.6771 FREEZE 0.000
2556 0 1.6036 PASS 1.000
2557 0 1.1319 WEAKEN 0.461
2558 0 1.8461 WEAKEN 0.904
2559 0 2.3285 FREEZE 0.000
2560 0 2.1719 FREEZE 0.000
2561 0 1.8207 WEAKEN 0.336
2562 0 1.5732 WEAKEN 0.411
2563 0 2.2493 WEAKEN 0.210
2564 0 1.2092 WEAKEN 0.809
2565 0 1.6978 WEAKEN 0.312
2566 0 1.5492 FREEZE 0.000
2567 0 1.6403 WEAKEN 0.691
2568 0 2.0499 FREEZE 0.000
2569 0 1.5602 WEAKEN 0.666
2570 0 1.9124 WEAKEN 0.526
2571 0 1.5419 FREEZE 0.000
2572 0 1.3114 WEAKEN 0.404
2573 0 2.5036 FREEZE 0.000
2574 1 2.4313 SILENCE 0.000
2575 1 2.5435 SCAR 0.000
2576 0 1.2910 WEAKEN 0.298
2577 0 1.6878 WEAKEN 0.687
2578 0 1.6251 WEAKEN 0.350
2579 0 1.9650 WEAKEN 0.385
2580 0 1.4429 WEAKEN 0.077
2581 0 1.4736 WEAKEN 0.208
2582 0 2.0733 WEAKEN 0.282
2583 0 1.2560 WEAKEN 0.276
2584 0 2.0085 SCAR 0.000
2585 0 1.4536 WEAKEN 0.230
2586 1 2.2019 FREEZE 0.000
2587 0 1.9372 FREEZE 0.000
2588 0 1.9586 WEAKEN 0.027
2589 1 2.4729 FREEZE 0.000
2590 0 1.9174 FREEZE 0.000
2591 0 1.7101 WEAKEN 0.889
2592 0 2.0669 FREEZE 0.000
2593 0 1.3293 PASS 1.000
2594 0 1.8349 FREEZE 0.000
2595 0 1.8768 FREEZE 0.000
2596 0 1.7289 WEAKEN 0.294
2597 0 1.6405 WEAKEN 0.256
2598 0 1.5191 WEAKEN 0.206
2599 0 1.5863 WEAKEN 0.331
2600 0 1.4960 WEAKEN 0.633
2601 0 1.6272 WEAKEN 0.579
2602 0 2.3303 FREEZE 0.000
2603 0 1.3515 WEAKEN 0.495
2604 0 2.4690 FREEZE 0.000
2605 0 1.6073 WEAKEN 0.730
2606 0 1.7777 FREEZE 0.000
2607 0 1.5519 WEAKEN 0.473
2608 0 2.0089 WEAKEN 0.058
2609 0 1.6398 WEAKEN 0.622
2610 1 2.3460 FREEZE 0.000
2611 0 1.8997 WEAKEN 0.327
2612 0 2.0117 FREEZE 0.000
2613 0 1.3565 WEAKEN 0.253
2614 0 1.8547 WEAKEN 0.081
2615 0 2.0007 FREEZE 0.000
2616 0 1.7362 FREEZE 0.000
2617 0 1.6041 WEAKEN 0.962
2618 0 1.2260 WEAKEN 0.994
2619 0 1.8239 FREEZE 0.000
2620 0 1.0353 WEAKEN 0.807
2621 0 1.2186 WEAKEN 0.572
2622 0 1.8221 WEAKEN 0.778
2623 0 1.3984 WEAKEN 0.503
2624 0 2.4037 FREEZE 0.000
2625 0 1.4718 WEAKEN 0.979
2626 0 1.7655 WEAKEN 0.228
2627 0 1.8482 WEAKEN 0.409
2628 0 1.2536 PASS 1.000
2629 0 1.6856 WEAKEN 0.346
2630 0 1.2065 WEAKEN 0.495
2631 0 1.8124 WEAKEN 0.765
2632 0 1.3616 WEAKEN 0.511
2633 0 1.4556 WEAKEN 0.764
2634 0 1.4495 WEAKEN 0.715
2635 0 1.9875 WEAKEN 0.698
2636 0 1.6988 WEAKEN 0.900
2637 1 2.5816 FREEZE 0.000
2638 0 1.8183 WEAKEN 0.040
2639 1 8.1847 FREEZE 0.000
2640 0 2.0409 WEAKEN 0.144
2641 0 1.7657 WEAKEN 0.759
2642 0 1.2297 WEAKEN 0.735
2643 0 1.5911 WEAKEN 0.958
2644 0 2.3937 WEAKEN 0.018
2645 0 1.3819 PASS 1.000
2646 0 1.5871 WEAKEN 0.636
2647 1 2.3065 FREEZE 0.000
2648 0 1.4954 WEAKEN 0.294
2649 0 1.7087 WEAKEN 0.066
2650 0 1.3152 FREEZE 0.000
2651 0 2.5902 FREEZE 0.000
2652 0 2.0036 WEAKEN 0.327
2653 0 1.1992 WEAKEN 0.664
2654 1 2.3181 SCAR 0.000
2655 0 1.7611 WEAKEN 0.799
2656 0 1.5180 PASS 1.000
2657 0 1.4614 WEAKEN 0.976
2658 0 1.7160 PASS 1.000
2659 1 7.8087 FREEZE 0.000
2660 0 1.6137 WEAKEN 0.058
2661 1 2.4693 SCAR 0.000
2662 0 1.5495 WEAKEN 0.609
2663 0 1.4703 WEAKEN 0.464
2664 0 1.6607 WEAKEN 0.650
2665 0 1.3953 WEAKEN 0.761
2666 0 1.8830 WEAKEN 0.008
2667 1 2.4316 FREEZE 0.000
2668 1 2.3962 DARK 0.000
2669 0 1.9146 WEAKEN 0.333
2670 0 2.2023 FREEZE 0.000
2671 0 1.3626 WEAKEN 0.509
2672 0 2.4803 FREEZE 0.000
2673 0 1.9449 FREEZE 0.000
2674 0 1.9480 WEAKEN 0.052
2675 0 1.2468 WEAKEN 0.682
2676 0 1.1802 WEAKEN 0.116
2677 0 1.8406 WEAKEN 0.596
2678 0 1.6598 WEAKEN 0.123
2679 0 2.2012 FREEZE 0.000
2680 0 1.3608 WEAKEN 0.390
2681 0 1.3355 WEAKEN 0.524
2682 0 1.5278 WEAKEN 0.755
2683 0 1.7590 WEAKEN 0.552
2684 0 1.4498 WEAKEN 0.666
2685 0 1.7274 FREEZE 0.000
2686 0 1.7734 FREEZE 0.000
2687 0 1.3837 WEAKEN 0.957
2688 0 1.6909 WEAKEN 0.800
2689 0 1.3743 WEAKEN 0.611
2690 0 1.7430 WEAKEN 0.864
2691 0 1.6064 WEAKEN 0.792
2692 0 2.1188 WEAKEN 0.158
2693 0 1.8156 WEAKEN 0.193
2694 0 1.4954 WEAKEN 0.569
2695 0 1.5617 WEAKEN 0.162
2696 0 1.5536 WEAKEN 0.095
2697 0 1.8235 WEAKEN 0.281
2698 0 1.4508 WEAKEN 0.512
2699 0 1.3413 WEAKEN 0.478
2700 0 1.4785 WEAKEN 0.994
2701 0 2.2113 FREEZE 0.000
2702 0 1.8293 FREEZE 0.000
2703 0 1.4880 WEAKEN 0.111
2704 0 2.0661 WEAKEN 0.245
2705 0 1.2402 WEAKEN 0.714
2706 0 1.8211 FREEZE 0.000
2707 1 2.3329 FREEZE 0.000
2708 0 1.7865 WEAKEN 0.587
2709 0 1.3948 WEAKEN 0.541
2710 1 2.6334 SCAR 0.000
2711 1 2.3356 FREEZE 0.000
2712 0 1.2953 WEAKEN 0.143
2713 0 1.7337 WEAKEN 0.003
2714 1 2.2441 FREEZE 0.000
2715 0 1.9908 WEAKEN 0.033
2716 0 1.5607 WEAKEN 0.439
2717 0 1.8522 WEAKEN 0.286
2718 0 1.0970 WEAKEN 0.970
2719 0 2.1391 WEAKEN 0.735
2720 0 1.6462 WEAKEN 0.459
2721 0 1.5669 WEAKEN 0.778
2722 1 2.3615 FREEZE 0.000
2723 0 1.5640 WEAKEN 0.479
2724 0 1.7841 PASS 1.000
2725 0 1.5882 WEAKEN 0.791
2726 0 2.1194 FREEZE 0.000
2727 0 1.4532 WEAKEN 0.385
2728 0 1.0871 WEAKEN 0.270
2729 1 2.2450 SCAR 0.000
2730 0 1.3982 WEAKEN 0.361
2731 0 1.8756 WEAKEN 0.034
2732 0 1.6131 WEAKEN 0.485
2733 0 1.2967 WEAKEN 0.713
2734 0 1.9357 WEAKEN 0.137
2735 0 1.3299 WEAKEN 0.998
2736 0 1.6823 WEAKEN 0.393
2737 0 1.5875 WEAKEN 0.875
2738 1 2.3069 FREEZE 0.000
2739 0 1.8763 WEAKEN 0.848
2740 0 1.8403 FREEZE 0.000
2741 0 1.8698 WEAKEN 0.303
2742 0 1.6273 FREEZE 0.000
2743 0 1.5151 WEAKEN 0.852
2744 0 1.7087 WEAKEN 0.559
2745 0 1.3957 WEAKEN 0.500
2746 0 1.4907 WEAKEN 0.554
2747 0 1.4181 WEAKEN 0.861
2748 0 1.9332 WEAKEN 0.194
2749 0 1.8006 WEAKEN 0.270
2750 0 1.9800 FREEZE 0.000
2751 0 1.6984 WEAKEN 0.412
2752 0 1.7910 WEAKEN 0.525
2753 0 1.6954 WEAKEN 0.660
2754 0 2.1963 WEAKEN 0.121
2755 1 2.4562 FREEZE 0.000
2756 0 1.4528 WEAKEN 0.527
2757 0 1.3020 WEAKEN 0.489
2758 0 1.1529 WEAKEN 0.563
2759 0 1.0261 WEAKEN 0.508
2760 0 1.6896 WEAKEN 0.861
2761 0 2.0408 FREEZE 0.000
2762 0 1.4924 PASS 1.000
2763 1 2.5314 SCAR 0.000
2764 1 2.2379 SILENCE 0.000
2765 1 7.3955 FREEZE 0.000
2766 0 1.9259 WEAKEN 0.406
2767 0 1.5412 FREEZE 0.000
2768 0 1.5892 FREEZE 0.000
2769 0 1.5058 WEAKEN 0.303
2770 0 1.1433 WEAKEN 0.784
2771 0 2.1461 FREEZE 0.000
2772 0 2.5034 FREEZE 0.000
2773 0 1.3245 WEAKEN 0.732
2774 0 2.4891 WEAKEN 0.128
2775 0 1.3937 WEAKEN 0.940
2776 0 1.6709 WEAKEN 0.357
2777 0 1.9285 FREEZE 0.000
2778 1 2.6923 FREEZE 0.000
2779 0 2.1255 WEAKEN 0.113
2780 0 1.5281 WEAKEN 0.191
2781 0 1.3135 WEAKEN 0.622
2782 0 1.6050 WEAKEN 0.717
2783 0 1.7262 FREEZE 0.000
2784 0 1.4217 WEAKEN 0.793
2785 0 1.5245 WEAKEN 0.729
2786 1 2.2630 FREEZE 0.000
2787 0 1.5441 WEAKEN 0.385
2788 0 1.4492 WEAKEN 0.502
2789 0 1.6389 WEAKEN 0.010
2790 0 1.6901 FREEZE 0.000
2791 0 1.3239 WEAKEN 0.698
2792 0 1.4292 WEAKEN 0.302
2793 0 1.5235 WEAKEN 0.674
2794 0 1.9545 WEAKEN 0.030
2795 0 1.8320 WEAKEN 0.167
2796 1 2.3653 SCAR 0.000
2797 0 1.4906 WEAKEN 0.638
2798 0 1.8753 WEAKEN 0.357
2799 0 2.2065 FREEZE 0.000
2800 0 1.8305 WEAKEN 0.874
2801 0 1.9954 WEAKEN 0.027
2802 0 1.8244 WEAKEN 0.155
2803 0 1.2732 WEAKEN 0.924
2804 0 2.2116 WEAKEN 0.163
2805 0 1.3696 WEAKEN 0.667
2806 0 1.3607 PASS 1.000
2807 0 1.3926 WEAKEN 0.998
2808 0 1.2388 FREEZE 0.000
2809 0 2.3968 FREEZE 0.000
2810 0 1.6203 FREEZE 0.000
2811 0 1.0990 WEAKEN 0.743
2812 0 1.8883 WEAKEN 0.579
2813 0 1.9274 WEAKEN 0.106
2814 0 2.0279 WEAKEN 0.124
2815 1 2.2478 FREEZE 0.000
2816 0 1.5344 WEAKEN 0.644
2817 0 1.4799 FREEZE 0.000
2818 0 1.4574 WEAKEN 0.377
2819 0 1.2879 WEAKEN 0.943
2820 0 2.3952 FREEZE 0.000
2821 0 1.4027 WEAKEN 0.636
2822 0 2.0699 FREEZE 0.000
2823 0 1.2796 WEAKEN 0.882
2824 0 1.8605 WEAKEN 0.170
2825 1 8.3657 FREEZE 0.000
2826 0 1.4335 WEAKEN 0.488
2827 0 2.0990 WEAKEN 0.248
2828 0 2.5281 FREEZE 0.000
2829 0 1.7658 WEAKEN 0.211
2830 0 2.1579 FREEZE 0.000
2831 0 1.4778 WEAKEN 0.260
2832 0 2.0308 WEAKEN 0.632
2833 0 1.5884 WEAKEN 0.226
2834 0 1.2229 WEAKEN 0.502
2835 0 1.5647 WEAKEN 0.677
2836 0 1.5159 WEAKEN 0.406
2837 0 1.5339 WEAKEN 0.256
2838 0 2.3985 FREEZE 0.000
2839 0 2.0190 FREEZE 0.000
2840 0 2.5616 FREEZE 0.000
2841 0 1.4959 WEAKEN 0.724
2842 0 1.6153 WEAKEN 0.408
2843 0 1.1775 WEAKEN 0.793
2844 0 1.8130 WEAKEN 0.130
2845 0 1.5603 WEAKEN 0.843
2846 0 1.3589 WEAKEN 0.427
2847 0 1.9214 WEAKEN 0.137
2848 0 2.6264 FREEZE 0.000
2849 0 1.7085 WEAKEN 0.311
2850 0 1.3148 PASS 1.000
2851 0 1.4590 WEAKEN 0.899
2852 1 2.6686 FREEZE 0.000
2853 0 0.9949 WEAKEN 0.797
2854 0 1.1031 WEAKEN 0.658
2855 1 7.4316 FREEZE 0.000
2856 0 1.1136 PASS 1.000
2857 0 1.5225 WEAKEN 0.383
2858 1 2.1717 FREEZE 0.000
2859 1 7.6830 FREEZE 0.000
2860 0 1.6265 WEAKEN 0.156
2861 0 1.9432 WEAKEN 0.249
2862 0 1.2914 WEAKEN 0.739
2863 0 1.6884 WEAKEN 0.553
2864 0 1.1438 WEAKEN 0.437
2865 0 1.5793 WEAKEN 0.861
2866 1 8.0010 FREEZE 0.000
2867 0 1.6814 WEAKEN 0.515
2868 0 1.9814 WEAKEN 0.199
2869 0 1.5913 WEAKEN 0.652
2870 0 1.6193 WEAKEN 0.268
2871 0 2.4947 WEAKEN 0.103
2872 0 1.9036 WEAKEN 0.330
2873 0 1.6100 WEAKEN 0.449
2874 0 1.3888 WEAKEN 0.569
2875 0 1.3063 WEAKEN 0.594
2876 0 1.7303 WEAKEN 0.271
2877 0 1.2399 PASS 1.000
2878 0 2.1364 FREEZE 0.000
2879 0 2.2304 FREEZE 0.000
2880 0 1.5342 WEAKEN 0.760
2881 0 1.7002 WEAKEN 0.410
2882 0 1.6299 WEAKEN 0.185
2883 0 1.7103 WEAKEN 0.122
2884 0 1.7241 WEAKEN 0.666
2885 0 1.5799 WEAKEN 0.568
2886 0 1.5257 WEAKEN 0.290
2887 0 1.6326 WEAKEN 0.411
2888 0 1.4876 PASS 1.000
2889 0 1.6764 WEAKEN 0.665
2890 1 2.3560 FREEZE 0.000
2891 0 1.8332 FREEZE 0.000
2892 0 1.5175 WEAKEN 0.829
2893 0 1.6898 WEAKEN 0.638
2894 0 1.8102 WEAKEN 0.296
2895 0 1.3469 WEAKEN 0.722
2896 1 7.7052 FREEZE 0.000
2897 0 1.6275 WEAKEN 0.742
2898 0 1.5940 WEAKEN 0.411
2899 0 1.4063 WEAKEN 0.912
2900 0 1.6193 WEAKEN 0.752
2901 0 1.4123 WEAKEN 0.755
2902 1 2.2345 SCAR 0.000
2903 0 1.9936 WEAKEN 0.524
2904 0 1.3118 WEAKEN 0.506
2905 0 1.9480 FREEZE 0.000
2906 1 2.5623 SCAR 0.000
2907 0 1.7055 WEAKEN 0.440
2908 1 2.8205 FREEZE 0.000
2909 0 1.8734 WEAKEN 0.067
2910 0 1.5994 WEAKEN 0.309
2911 1 7.1435 FREEZE 0.000
2912 0 2.1571 FREEZE 0.000
2913 0 1.4540 WEAKEN 0.659
2914 0 1.5480 WEAKEN 0.861
2915 0 2.1057 WEAKEN 0.255
2916 0 1.9618 FREEZE 0.000
2917 0 2.1698 FREEZE 0.000
2918 0 1.8515 FREEZE 0.000
2919 0 1.1186 WEAKEN 0.533
2920 0 1.3007 FREEZE 0.000
2921 0 2.0030 WEAKEN 0.497
2922 0 1.2793 WEAKEN 0.888
2923 0 1.4402 WEAKEN 0.775
2924 0 1.8882 WEAKEN 0.233
2925 0 1.2440 PASS 1.000
2926 0 1.2565 PASS 1.000
2927 0 2.1767 FREEZE 0.000
2928 0 1.4458 WEAKEN 0.214
2929 0 1.7247 WEAKEN 0.205
2930 1 2.3052 FREEZE 0.000
2931 0 1.4223 WEAKEN 0.625
2932 0 1.1923 WEAKEN 0.792
2933 0 1.3742 WEAKEN 0.903
2934 0 1.3147 WEAKEN 0.654
2935 1 2.2851 SILENCE 0.000
2936 0 1.4647 FREEZE 0.000
2937 0 2.0957 FREEZE 0.000
2938 1 7.7018 FREEZE 0.000
2939 1 2.5142 SCAR 0.000
2940 0 1.8535 WEAKEN 0.270
2941 0 1.2758 PASS 1.000
2942 0 1.6214 WEAKEN 0.504
2943 0 1.6108 WEAKEN 0.390
2944 0 1.3052 PASS 1.000
2945 0 1.8711 WEAKEN 0.312
2946 0 1.5482 WEAKEN 0.203
2947 0 1.8178 WEAKEN 0.650
2948 1 2.1156 FREEZE 0.000
2949 0 1.3567 WEAKEN 0.050
2950 0 1.8169 WEAKEN 0.610
2951 0 1.6934 FREEZE 0.000
2952 0 1.3871 WEAKEN 0.588
2953 0 1.8880 WEAKEN 0.212
2954 0 1.0968 WEAKEN 0.800
2955 0 1.7932 FREEZE 0.000
2956 0 1.2124 WEAKEN 0.694
2957 0 1.7890 FREEZE 0.000
2958 0 1.2644 WEAKEN 0.082
2959 0 1.3748 WEAKEN 0.665
2960 1 7.6748 FREEZE 0.000
2961 0 1.5723 WEAKEN 0.421
2962 0 1.4737 WEAKEN 0.390
2963 0 2.1429 FREEZE 0.000
2964 0 1.7273 WEAKEN 0.253
2965 0 2.5201 FREEZE 0.000
2966 0 1.1609 WEAKEN 0.370
2967 0 2.2248 WEAKEN 0.064
2968 0 1.7105 WEAKEN 0.527
2969 0 1.5440 WEAKEN 0.669
2970 0 1.6987 WEAKEN 0.079
2971 0 2.1907 FREEZE 0.000
2972 0 1.6520 WEAKEN 0.327
2973 0 1.5689 WEAKEN 0.154
2974 0 1.2968 WEAKEN 0.873
2975 0 2.0613 FREEZE 0.000
2976 0 1.5899 WEAKEN 0.599
2977 0 1.6487 WEAKEN 0.513
2978 0 0.9195 WEAKEN 0.522
2979 0 1.3546 FREEZE 0.000
2980 0 1.6030 WEAKEN 0.298
2981 0 1.4792 WEAKEN 0.610
2982 0 1.7002 FREEZE 0.000
2983 0 1.5525 WEAKEN 0.333
2984 0 1.5244 WEAKEN 0.975
2985 0 1.7484 FREEZE 0.000
2986 0 2.0831 WEAKEN 0.139
2987 0 1.5502 WEAKEN 0.062
2988 0 1.3790 WEAKEN 0.370
2989 0 1.7399 WEAKEN 0.438
2990 0 1.8288 FREEZE 0.000
2991 0 1.7850 WEAKEN 0.366
2992 0 1.3564 WEAKEN 0.711
2993 0 1.7054 WEAKEN 0.562
2994 1 2.6201 SCAR 0.000
2995 1 2.3635 FREEZE 0.000
2996 0 1.5077 WEAKEN 0.402
2997 0 2.0566 FREEZE 0.000
2998 0 1.5572 FREEZE 0.000
2999 0 1.9480 FREEZE 0.000
3000 0 1.5878 WEAKEN 0.662
3001 0 1.4969 WEAKEN 0.710
3002 0 1.9047 WEAKEN 0.419
3003 0 1.5931 WEAKEN 0.912
3004 0 1.8373 FREEZE 0.000
3005 0 1.6222 PASS 1.000
3006 0 1.4947 WEAKEN 0.313
3007 0 1.8722 WEAKEN 0.891
3008 1 2.3255 FREEZE 0.000
3009 0 1.6455 WEAKEN 0.417
3010 1 2.4388 FREEZE 0.000
3011 0 1.9753 WEAKEN 0.018
3012 0 1.3745 PASS 1.000
3013 1 2.3324 SCAR 0.000
3014 0 1.9291 WEAKEN 0.426
3015 0 1.8036 WEAKEN 0.024
3016 0 1.2871 WEAKEN 0.864
3017 0 1.2722 WEAKEN 0.555
3018 0 1.1848 WEAKEN 0.543
3019 1 7.3025 FREEZE 0.000
3020 0 1.3489 WEAKEN 0.788
3021 0 1.1351 PASS 1.000
3022 0 1.6207 WEAKEN 0.582
3023 0 0.7891 WEAKEN 0.608
3024 0 1.6886 WEAKEN 0.632
3025 0 1.5833 WEAKEN 0.642
3026 0 1.7780 FREEZE 0.000
3027 0 1.1931 WEAKEN 0.517
3028 0 1.5823 WEAKEN 0.036
3029 0 2.2418 FREEZE 0.000
3030 0 1.7390 WEAKEN 0.741
3031 0 1.6553 WEAKEN 0.709
3032 0 1.1818 WEAKEN 0.303
3033 0 1.6358 WEAKEN 0.474
3034 1 2.1919 FREEZE 0.000
3035 1 2.7825 FREEZE 0.000
3036 0 1.3960 WEAKEN 0.605
3037 0 1.3964 WEAKEN 0.116
3038 0 1.7708 WEAKEN 0.565
3039 0 1.7297 WEAKEN 0.092
3040 0 1.0909 WEAKEN 0.926
3041 0 1.4423 WEAKEN 0.748
3042 1 2.3420 FREEZE 0.000
3043 0 1.8857 WEAKEN 0.655
3044 0 1.3716 WEAKEN 0.181
3045 0 1.9531 FREEZE 0.000
3046 0 1.3313 WEAKEN 0.841
3047 0 1.1779 WEAKEN 0.908
3048 0 1.4184 WEAKEN 0.601
3049 1 2.3586 SCAR 0.000
3050 0 1.4147 WEAKEN 0.157
3051 0 2.0229 SILENCE 0.000
3052 0 1.7610 PASS 1.000
3053 0 1.9495 WEAKEN 0.513
3054 0 2.4174 WEAKEN 0.325
3055 0 1.8128 WEAKEN 0.252
3056 0 1.9473 WEAKEN 0.139
3057 0 1.6232 WEAKEN 0.349
3058 0 1.2899 WEAKEN 0.828
3059 0 1.5376 WEAKEN 0.764
3060 0 1.4420 WEAKEN 0.834
3061 0 1.5664 WEAKEN 0.781
3062 0 1.2052 WEAKEN 0.747
3063 0 1.5292 WEAKEN 0.901
3064 0 1.2923 PASS 1.000
3065 0 0.9585 WEAKEN 0.745
3066 0 1.7315 FREEZE 0.000
3067 0 1.4923 WEAKEN 0.671
3068 0 1.7247 WEAKEN 0.659
3069 1 2.3820 SCAR 0.000
3070 0 1.5354 WEAKEN 0.106
3071 0 1.5907 WEAKEN 0.271
3072 0 1.7580 WEAKEN 0.290
3073 0 1.6034 WEAKEN 0.705
3074 0 1.3202 WEAKEN 0.790
3075 0 2.0641 WEAKEN 0.166
3076 0 1.4836 WEAKEN 0.936
3077 1 3.3636 FREEZE 0.000
3078 0 1.6121 WEAKEN 0.427
3079 1 2.3979 SCAR 0.000
3080 0 2.1176 FREEZE 0.000
3081 0 2.3077 WEAKEN 0.260
3082 0 2.0838 FREEZE 0.000
3083 0 1.8553 WEAKEN 0.646
3084 1 7.8830 FREEZE 0.000
3085 0 1.6346 WEAKEN 0.369
3086 1 2.3683 SCAR 0.000
3087 0 1.2663 WEAKEN 0.587
3088 0 1.7746 WEAKEN 0.560
3089 1 2.2835 FREEZE 0.000
3090 1 7.4527 FREEZE 0.000
3091 0 1.5414 WEAKEN 0.480
3092 0 1.8081 WEAKEN 0.205
3093 0 1.7478 FREEZE 0.000
3094 0 1.4972 WEAKEN 0.145
3095 0 1.9651 FREEZE 0.000
3096 0 1.7877 FREEZE 0.000
3097 0 1.9092 FREEZE 0.000
3098 0 1.6364 WEAKEN 0.210
3099 0 1.8679 WEAKEN 0.207
3100 1 2.5543 SCAR 0.000
3101 0 1.4385 WEAKEN 0.070
3102 0 1.5567 WEAKEN 0.760
3103 0 1.3029 WEAKEN 0.565
3104 0 1.8422 WEAKEN 0.565
3105 0 1.4576 WEAKEN 0.752
3106 1 2.1530 SILENCE 0.000
3107 0 1.1721 WEAKEN 0.801
3108 0 1.3515 WEAKEN 0.433
3109 0 1.1762 PASS 1.000
3110 0 2.0004 FREEZE 0.000
3111 0 1.5584 WEAKEN 0.962
3112 0 1.1798 WEAKEN 0.585
3113 0 1.4397 WEAKEN 0.241
3114 0 1.6594 WEAKEN 0.734
3115 0 2.1344 WEAKEN 0.186
3116 0 1.7103 WEAKEN 0.292
3117 0 1.8768 WEAKEN 0.707
3118 0 1.7105 WEAKEN 0.477
3119 0 1.3043 WEAKEN 0.829
3120 0 1.2821 WEAKEN 0.474
3121 0 1.6802 FREEZE 0.000
3122 0 1.9129 WEAKEN 0.301
3123 0 1.7305 FREEZE 0.000
3124 0 1.5354 WEAKEN 0.686
3125 1 2.1724 SILENCE 0.000
3126 1 2.2253 FREEZE 0.000
3127 0 1.8132 WEAKEN 0.423
3128 0 1.3132 PASS 1.000
3129 0 1.1609 WEAKEN 0.820
3130 0 1.4232 WEAKEN 0.063
3131 0 1.6221 FREEZE 0.000
3132 0 1.2350 WEAKEN 0.808
3133 0 1.9353 FREEZE 0.000
3134 0 1.8949 FREEZE 0.000
3135 0 1.4967 WEAKEN 0.312
3136 0 1.3627 WEAKEN 0.859
3137 0 1.6791 WEAKEN 0.891
3138 0 1.2939 WEAKEN 0.602
3139 0 1.3388 WEAKEN 0.857
3140 0 1.8649 WEAKEN 0.343
3141 0 1.6453 WEAKEN 0.550
3142 0 1.3688 PASS 1.000
3143 0 2.6071 WEAKEN 0.079
3144 0 2.0511 WEAKEN 0.601
3145 0 2.1070 WEAKEN 0.349
3146 0 1.1861 WEAKEN 0.820
3147 0 1.5622 WEAKEN 0.440
3148 1 2.3489 SCAR 0.000
3149 0 1.6226 WEAKEN 0.476
3150 0 1.7625 FREEZE 0.000
3151 0 1.1754 PASS 1.000
3152 0 1.2613 WEAKEN 0.097
3153 0 1.6087 WEAKEN 0.262
3154 0 1.3029 WEAKEN 0.549
3155 0 1.8244 WEAKEN 0.289
3156 0 1.5025 WEAKEN 0.533
3157 0 1.2589 WEAKEN 0.882
3158 0 1.6796 WEAKEN 0.456
3159 0 1.3995 WEAKEN 0.042
3160 0 1.7900 FREEZE 0.000
3161 0 1.9932 FREEZE 0.000
3162 0 1.6216 WEAKEN 0.824
3163 1 2.2074 FREEZE 0.000
3164 0 1.3830 WEAKEN 0.146
3165 0 1.7511 WEAKEN 0.990
3166 0 1.7549 WEAKEN 0.446
3167 0 1.4927 WEAKEN 0.632
3168 0 1.8571 WEAKEN 0.650
3169 0 1.2049 WEAKEN 0.187
3170 0 1.4193 WEAKEN 0.449
3171 0 1.9798 WEAKEN 0.000
3172 0 1.5178 WEAKEN 0.150
3173 0 2.3637 WEAKEN 0.053
3174 0 1.9338 WEAKEN 0.137
3175 0 1.3919 WEAKEN 0.313
3176 0 2.0012 FREEZE 0.000
3177 0 2.1009 WEAKEN 0.113
3178 0 1.3302 WEAKEN 0.138
3179 1 2.3471 FREEZE 0.000
3180 0 1.4041 WEAKEN 0.278
3181 0 1.2300 FREEZE 0.000
3182 1 2.3910 SILENCE 0.000
3183 0 1.4530 WEAKEN 0.552
3184 0 2.0999 WEAKEN 0.291
3185 0 1.3871 WEAKEN 0.795
3186 0 1.1757 WEAKEN 0.672
3187 0 1.7724 WEAKEN 0.919
3188 0 1.3202 WEAKEN 0.460
3189 1 8.3253 FREEZE 0.000
3190 0 1.5719 WEAKEN 0.451
3191 0 1.2522 WEAKEN 0.706
3192 0 1.3987 WEAKEN 0.606
3193 0 1.5706 WEAKEN 0.591
3194 0 1.2405 WEAKEN 0.349
3195 0 1.3686 WEAKEN 0.981
3196 0 1.3312 PASS 1.000
3197 0 1.6691 WEAKEN 0.155
3198 0 1.1010 WEAKEN 0.765
3199 0 1.3693 WEAKEN 0.607
3200 0 1.1983 WEAKEN 0.031
3201 0 1.0840 WEAKEN 0.351
3202 1 2.3901 SCAR 0.000
3203 1 2.3522 FREEZE 0.000
3204 1 2.4583 SCAR 0.000
3205 0 1.9402 WEAKEN 0.627
3206 1 2.1772 SILENCE 0.000
3207 0 1.5672 WEAKEN 0.395
3208 0 1.8202 WEAKEN 0.366
3209 0 1.3271 WEAKEN 0.480
3210 0 1.5654 WEAKEN 0.476
3211 0 1.7440 FREEZE 0.000
3212 0 2.1914 FREEZE 0.000
3213 0 1.7742 WEAKEN 0.571
3214 0 1.2008 PASS 1.000
3215 1 6.8189 SILENCE 0.000
3216 0 1.4483 WEAKEN 0.661
3217 0 1.5923 WEAKEN 0.693
3218 0 1.6278 WEAKEN 0.661
3219 0 1.4591 WEAKEN 0.451
3220 0 1.4537 FREEZE 0.000
3221 0 1.6064 WEAKEN 0.003
3222 0 1.6422 WEAKEN 0.991
3223 0 1.7092 FREEZE 0.000
3224 0 2.0152 WEAKEN 0.137
3225 0 1.6892 WEAKEN 0.141
3226 0 1.3159 WEAKEN 0.510
3227 0 1.4487 WEAKEN 0.675
3228 0 1.1917 WEAKEN 0.961
3229 0 1.4074 WEAKEN 0.264
3230 0 1.5398 WEAKEN 0.300
3231 0 1.4376 WEAKEN 0.449
3232 0 1.6311 WEAKEN 0.897
3233 0 1.7830 WEAKEN 0.034
3234 0 1.4553 WEAKEN 0.632
3235 0 1.9299 FREEZE 0.000
3236 0 1.6751 WEAKEN 0.664
3237 0 2.3696 FREEZE 0.000
3238 0 2.4527 WEAKEN 0.168
3239 0 1.3866 WEAKEN 0.492
3240 0 1.8557 FREEZE 0.000
3241 0 1.7949 WEAKEN 0.038
3242 0 1.4668 WEAKEN 0.427
3243 0 1.4356 WEAKEN 0.327
3244 0 1.9266 FREEZE 0.000
3245 0 1.9217 WEAKEN 0.105
3246 0 2.0997 WEAKEN 0.414
3247 0 1.4304 WEAKEN 0.139
3248 0 1.6973 WEAKEN 0.331
3249 0 1.6912 WEAKEN 0.672
3250 0 1.0644 WEAKEN 0.372
3251 0 1.7805 FREEZE 0.000
3252 0 1.7308 FREEZE 0.000
3253 0 1.7770 WEAKEN 0.255
3254 0 1.2283 PASS 1.000
3255 0 1.2037 WEAKEN 0.671
3256 0 1.7406 WEAKEN 0.811
3257 0 1.3668 WEAKEN 0.508
3258 0 1.9370 WEAKEN 0.363
3259 0 1.5527 WEAKEN 0.904
3260 0 1.4921 WEAKEN 0.809
3261 0 1.5764 WEAKEN 0.673
3262 0 1.4318 WEAKEN 0.042
3263 0 1.5723 FREEZE 0.000
3264 0 1.3840 WEAKEN 0.206
3265 0 1.9432 WEAKEN 0.477
3266 0 2.0314 FREEZE 0.000
3267 0 2.1751 FREEZE 0.000
3268 0 1.2788 WEAKEN 0.388
3269 0 1.4654 WEAKEN 0.675
3270 0 1.4594 WEAKEN 0.415
3271 0 2.0175 WEAKEN 0.231
3272 0 1.6501 WEAKEN 0.157
3273 0 2.0847 FREEZE 0.000
3274 0 1.5499 WEAKEN 0.441
3275 1 2.5516 SCAR 0.000
3276 0 1.6297 WEAKEN 0.317
3277 0 1.8321 WEAKEN 0.238
3278 0 2.0402 WEAKEN 0.113
3279 0 1.8179 WEAKEN 0.579
3280 0 1.4898 WEAKEN 0.724
3281 0 1.5228 WEAKEN 0.647
3282 0 1.4696 FREEZE 0.000
3283 0 1.5071 WEAKEN 0.505
3284 0 1.2728 WEAKEN 0.553
3285 1 7.2319 FREEZE 0.000
3286 0 1.4080 WEAKEN 0.784
3287 0 1.7199 WEAKEN 0.168
3288 0 1.7756 WEAKEN 0.427
3289 0 1.3844 WEAKEN 0.385
3290 0 1.4617 WEAKEN 0.775
3291 0 1.8069 FREEZE 0.000
3292 0 1.6020 WEAKEN 0.201
3293 0 2.2531 WEAKEN 0.070
3294 0 1.5857 WEAKEN 0.583
3295 0 1.6714 WEAKEN 0.076
3296 1 2.3628 FREEZE 0.000
3297 0 1.4464 WEAKEN 0.672
3298 0 1.1280 WEAKEN 0.748
3299 0 1.4684 WEAKEN 0.297
3300 0 0.9399 WEAKEN 0.544
3301 0 1.9492 FREEZE 0.000
3302 0 1.9031 FREEZE 0.000
3303 0 1.7831 FREEZE 0.000
3304 0 1.2641 WEAKEN 0.758
3305 0 1.2615 WEAKEN 0.639
3306 0 2.0961 FREEZE 0.000
3307 0 1.7818 FREEZE 0.000
3308 0 1.4395 WEAKEN 0.916
3309 0 1.9530 FREEZE 0.000
3310 0 1.7774 WEAKEN 0.130
3311 0 1.6781 WEAKEN 0.516
3312 0 1.4323 WEAKEN 0.210
3313 0 1.4934 WEAKEN 0.601
3314 0 1.8792 WEAKEN 0.226
3315 0 1.6098 WEAKEN 0.820
3316 0 1.7230 FREEZE 0.000
3317 0 1.5895 WEAKEN 0.258
3318 0 1.3475 WEAKEN 0.933
3319 0 1.7879 WEAKEN 0.652
3320 0 1.4073 WEAKEN 0.544
3321 0 1.4423 WEAKEN 0.920
3322 0 1.4491 WEAKEN 0.599
3323 0 1.4664 WEAKEN 0.055
3324 0 2.3419 WEAKEN 0.081
3325 0 1.5572 WEAKEN 0.499
3326 0 1.9122 WEAKEN 0.537
3327 0 1.6892 FREEZE 0.000
3328 0 1.4901 WEAKEN 0.252
3329 0 1.7933 WEAKEN 0.692
3330 0 1.6481 WEAKEN 0.588
3331 0 1.5618 WEAKEN 0.562
3332 0 1.3073 FREEZE 0.000
3333 0 1.5185 FREEZE 0.000
3334 0 1.5682 WEAKEN 0.499
3335 0 1.2872 WEAKEN 0.529
3336 0 1.4818 WEAKEN 0.459
3337 0 1.4125 WEAKEN 0.094
3338 0 1.8934 PASS 1.000
3339 0 1.7112 WEAKEN 0.206
3340 0 1.3270 WEAKEN 0.492
3341 1 8.4386 FREEZE 0.000
3342 0 1.3385 WEAKEN 0.920
3343 0 1.5808 FREEZE 0.000
3344 0 1.1189 WEAKEN 0.535
3345 1 2.1548 FREEZE 0.000
3346 1 2.5744 FREEZE 0.000
3347 0 1.7101 WEAKEN 0.247
3348 1 8.3468 FREEZE 0.000
3349 0 1.2835 WEAKEN 0.677
3350 0 2.0082 WEAKEN 0.544
3351 1 2.2395 FREEZE 0.000
3352 0 1.5568 WEAKEN 0.870
3353 0 2.0271 FREEZE 0.000
3354 0 1.2446 WEAKEN 0.732
3355 0 1.6833 FREEZE 0.000
3356 0 2.1042 FREEZE 0.000
3357 0 1.1058 WEAKEN 0.905
3358 0 1.8081 WEAKEN 0.394
3359 0 1.6033 WEAKEN 0.784
3360 0 1.4086 PASS 1.000
3361 0 1.5345 PASS 1.000
3362 1 2.1480 FREEZE 0.000
3363 0 1.0828 WEAKEN 0.433
3364 0 1.6086 WEAKEN 0.447
3365 0 1.1048 WEAKEN 0.833
3366 0 1.7752 FREEZE 0.000
3367 0 1.4093 WEAKEN 0.878
3368 0 1.5971 WEAKEN 0.492
3369 0 1.4717 WEAKEN 0.635
3370 0 1.4129 WEAKEN 0.603
3371 0 1.4866 FREEZE 0.000
3372 0 2.2182 WEAKEN 0.364
3373 1 2.5104 FREEZE 0.000
3374 0 2.1181 WEAKEN 0.051
3375 1 2.7484 FREEZE 0.000
3376 0 1.7318 WEAKEN 0.805
3377 1 6.8855 FREEZE 0.000
3378 0 1.9454 FREEZE 0.000
3379 0 1.7263 WEAKEN 0.240
3380 0 2.0800 WEAKEN 0.087
3381 0 1.3564 FREEZE 0.000
3382 0 1.6949 WEAKEN 0.713
3383 0 2.1880 FREEZE 0.000
3384 0 1.1441 WEAKEN 0.583
3385 0 1.8326 FREEZE 0.000
3386 0 1.5406 WEAKEN 0.815
3387 0 1.2443 WEAKEN 0.258
3388 0 1.3076 WEAKEN 0.584
3389 0 1.1318 WEAKEN 0.799
3390 0 2.0626 FREEZE 0.000
3391 0 1.6203 WEAKEN 0.772
3392 0 1.1550 WEAKEN 0.941
3393 0 1.5913 WEAKEN 0.229
3394 0 1.2767 WEAKEN 0.875
3395 0 1.3282 WEAKEN 0.379
3396 0 1.8355 WEAKEN 0.146
3397 0 1.2484 WEAKEN 0.373
3398 1 2.3711 FREEZE 0.000
3399 0 1.4899 WEAKEN 0.388
3400 0 1.3597 WEAKEN 0.389
3401 0 1.3543 WEAKEN 0.497
3402 0 1.6144 WEAKEN 0.891
3403 0 1.8118 FREEZE 0.000
3404 0 1.6192 FREEZE 0.000
3405 0 1.2975 WEAKEN 0.618
3406 0 2.0961 FREEZE 0.000
3407 0 1.9238 WEAKEN 0.091
3408 0 2.0754 WEAKEN 0.320
3409 0 1.2609 WEAKEN 0.494
3410 0 1.1748 WEAKEN 0.340
3411 0 1.8915 FREEZE 0.000
3412 1 2.1568 FREEZE 0.000
3413 0 1.6240 WEAKEN 0.346
3414 0 1.6829 WEAKEN 0.780
3415 0 1.8908 WEAKEN 0.136
3416 0 1.4122 WEAKEN 0.593
3417 0 1.8173 WEAKEN 0.266
3418 0 1.1606 WEAKEN 0.434
3419 0 1.3338 WEAKEN 0.939
3420 0 1.1622 WEAKEN 0.474
3421 0 1.7152 WEAKEN 0.267
3422 0 1.7813 WEAKEN 0.469
3423 0 1.9803 WEAKEN 0.252
3424 0 1.8895 WEAKEN 0.611
3425 0 1.3042 WEAKEN 0.969
3426 0 1.6578 WEAKEN 0.132
3427 0 1.7775 WEAKEN 0.766
3428 0 1.2528 WEAKEN 0.667
3429 1 2.2175 FREEZE 0.000
3430 0 1.7604 FREEZE 0.000
3431 0 1.3714 WEAKEN 0.423
3432 0 2.1239 WEAKEN 0.092
3433 0 1.6234 FREEZE 0.000
3434 0 1.9461 FREEZE 0.000
3435 0 1.3034 WEAKEN 0.564
3436 0 2.1019 FREEZE 0.000
3437 0 1.3576 WEAKEN 0.614
3438 1 6.7891 SILENCE 0.000
3439 0 1.7963 WEAKEN 0.116
3440 0 1.3546 WEAKEN 0.694
3441 0 1.7256 WEAKEN 0.851
3442 0 1.9130 FREEZE 0.000
3443 0 1.7668 WEAKEN 0.397
3444 0 1.5782 WEAKEN 0.879
3445 0 1.6310 WEAKEN 0.730
3446 0 1.5105 WEAKEN 0.281
3447 0 1.3196 WEAKEN 0.214
3448 0 1.3876 FREEZE 0.000
3449 0 1.4885 WEAKEN 0.538
3450 0 1.2110 WEAKEN 0.607
3451 1 2.1172 SCAR 0.000
3452 0 1.6891 WEAKEN 0.442
3453 0 1.4668 WEAKEN 0.474
3454 0 1.9825 WEAKEN 0.605
3455 0 1.7208 FREEZE 0.000
3456 1 2.3910 FREEZE 0.000
3457 0 2.1044 FREEZE 0.000
3458 0 1.8125 FREEZE 0.000
3459 0 2.4336 WEAKEN 0.184
3460 0 1.0392 WEAKEN 0.583
3461 1 2.1428 FREEZE 0.000
3462 0 1.4465 WEAKEN 0.483
3463 0 2.1718 FREEZE 0.000
3464 0 1.4370 WEAKEN 0.747
3465 0 1.8657 WEAKEN 0.470
3466 0 1.8190 FREEZE 0.000
3467 0 1.2037 WEAKEN 0.992
3468 0 1.2833 WEAKEN 0.530
3469 1 2.1906 FREEZE 0.000
3470 0 1.1897 WEAKEN 0.719
3471 0 1.7641 WEAKEN 0.764
3472 0 1.5501 WEAKEN 0.215
3473 0 2.0885 WEAKEN 0.195
3474 0 1.1583 WEAKEN 0.628
3475 0 1.5925 WEAKEN 0.912
3476 0 1.4404 WEAKEN 0.398
3477 0 1.2872 WEAKEN 0.610
3478 0 0.8488 WEAKEN 0.545
3479 0 1.2565 WEAKEN 0.201
3480 0 1.5361 PASS 1.000
3481 0 1.5759 FREEZE 0.000
3482 0 1.2431 WEAKEN 0.807
3483 0 2.1262 SILENCE 0.000
3484 1 2.5661 FREEZE 0.000
3485 0 1.4818 WEAKEN 0.411
3486 0 1.2895 WEAKEN 0.805
3487 0 1.5024 PASS 1.000
3488 0 1.4437 WEAKEN 0.295
3489 0 1.6606 WEAKEN 0.051
3490 0 1.2882 WEAKEN 0.365
3491 0 1.9332 FREEZE 0.000
3492 0 1.7558 FREEZE 0.000
3493 0 1.3857 WEAKEN 0.636
3494 0 1.6833 WEAKEN 0.107
3495 0 1.1555 WEAKEN 0.910
3496 0 1.3246 PASS 1.000
3497 1 5.1484 FREEZE 0.000
3498 0 1.4589 WEAKEN 0.523
3499 0 2.0247 WEAKEN 0.063
3500 0 1.7963 WEAKEN 0.030
3501 0 1.8102 WEAKEN 0.174
3502 0 2.1168 WEAKEN 0.516
3503 0 2.0018 WEAKEN 0.262
3504 0 1.7356 WEAKEN 0.212
3505 1 2.1346 FREEZE 0.000
3506 0 1.5450 WEAKEN 0.547
3507 0 1.9290 FREEZE 0.000
3508 0 1.4745 WEAKEN 0.724
3509 0 1.4488 PASS 1.000
3510 0 1.4532 PASS 1.000
3511 0 1.3176 WEAKEN 0.315
3512 0 1.9960 WEAKEN 0.742
3513 0 1.3762 WEAKEN 0.435
3514 0 1.4803 WEAKEN 0.311
3515 0 2.0303 WEAKEN 0.226
3516 0 1.9333 WEAKEN 0.143
3517 0 1.7032 WEAKEN 0.017
3518 0 1.7607 WEAKEN 0.416
3519 0 1.6397 WEAKEN 0.319
3520 0 1.4168 WEAKEN 0.633
3521 0 1.5886 WEAKEN 0.429
3522 0 1.6295 WEAKEN 0.643
3523 0 1.8378 WEAKEN 0.429
3524 0 1.4027 WEAKEN 0.372
3525 0 1.4958 WEAKEN 0.559
3526 0 1.2152 PASS 1.000
3527 0 1.1804 WEAKEN 0.606
3528 0 1.8077 WEAKEN 0.818
3529 0 1.8318 FREEZE 0.000
3530 0 1.5652 FREEZE 0.000
3531 0 2.0640 WEAKEN 0.184
3532 1 2.3129 FREEZE 0.000
3533 0 1.5623 WEAKEN 0.619
3534 0 1.3261 WEAKEN 0.757
3535 0 1.6521 WEAKEN 0.614
3536 0 1.8518 WEAKEN 0.044
3537 0 1.4210 WEAKEN 0.328
3538 0 1.8885 WEAKEN 0.383
3539 0 1.2716 WEAKEN 0.269
3540 0 2.0834 WEAKEN 0.599
3541 0 1.7945 WEAKEN 0.160
3542 0 2.3889 FREEZE 0.000
3543 0 1.5289 WEAKEN 0.169
3544 0 2.1488 FREEZE 0.000
3545 0 1.4821 FREEZE 0.000
3546 0 1.2791 FREEZE 0.000
3547 0 1.2984 WEAKEN 0.715
3548 0 1.5737 WEAKEN 0.035
3549 0 1.5832 FREEZE 0.000
3550 1 2.1645 FREEZE 0.000
3551 0 1.1358 WEAKEN 0.913
3552 1 2.1100 FREEZE 0.000
3553 0 1.1922 WEAKEN 0.178
3554 0 1.6561 WEAKEN 0.908
3555 0 2.0495 WEAKEN 0.282
3556 0 1.7554 WEAKEN 0.480
3557 0 1.9136 WEAKEN 0.060
3558 0 1.9522 WEAKEN 0.559
3559 0 1.5920 WEAKEN 0.734
3560 0 1.3311 WEAKEN 0.517
3561 0 2.0475 WEAKEN 0.066
3562 0 2.1432 FREEZE 0.000
3563 0 1.1947 WEAKEN 0.677
3564 0 1.3460 WEAKEN 0.097
3565 0 1.3649 WEAKEN 0.300
3566 1 2.5264 SCAR 0.000
3567 0 1.8320 WEAKEN 0.190
3568 0 1.4805 WEAKEN 0.531
3569 0 1.5455 WEAKEN 0.434
3570 0 2.0593 FREEZE 0.000
3571 0 1.3992 WEAKEN 0.416
3572 0 1.4504 WEAKEN 0.934
3573 0 1.4411 WEAKEN 0.597
3574 0 1.8207 WEAKEN 0.148
3575 0 1.6515 WEAKEN 0.485
3576 0 1.4788 WEAKEN 0.503
3577 0 1.3545 PASS 1.000
3578 1 2.0468 SILENCE 0.000
3579 0 1.6506 WEAKEN 0.584
3580 0 1.4461 WEAKEN 0.086
3581 0 1.7990 WEAKEN 0.582
3582 0 1.3449 PASS 1.000
3583 1 2.0948 FREEZE 0.000
3584 0 1.6491 WEAKEN 0.463
3585 1 2.5477 FREEZE 0.000
3586 0 1.4819 WEAKEN 0.323
3587 0 1.5816 WEAKEN 0.564
3588 0 1.4081 WEAKEN 0.801
3589 0 1.2069 WEAKEN 0.676
3590 0 1.8776 WEAKEN 0.417
3591 0 1.5151 WEAKEN 0.418
3592 0 1.7471 WEAKEN 0.257
3593 0 1.6628 WEAKEN 0.855
3594 0 1.8670 WEAKEN 0.655
3595 0 1.6864 WEAKEN 0.847
3596 0 1.3868 WEAKEN 0.031
3597 0 1.5394 WEAKEN 0.574
3598 0 1.8342 WEAKEN 0.846
3599 0 0.9878 WEAKEN 0.775
3600 0 1.4331 WEAKEN 0.565
3601 0 1.6322 WEAKEN 0.034
3602 0 1.2745 WEAKEN 0.701
3603 0 1.5862 PASS 1.000
3604 0 1.8963 FREEZE 0.000
3605 1 2.3011 FREEZE 0.000
3606 0 1.7997 WEAKEN 0.324
3607 0 1.0683 WEAKEN 0.437
3608 0 1.3631 WEAKEN 0.610
3609 0 1.5845 WEAKEN 0.994
3610 0 1.5904 WEAKEN 0.797
3611 0 2.0533 WEAKEN 0.894
3612 0 1.8328 WEAKEN 0.213
3613 0 1.4441 WEAKEN 0.400
3614 0 1.6934 PASS 1.000
3615 0 1.4311 WEAKEN 0.569
3616 0 1.1688 WEAKEN 0.280
3617 0 2.1751 WEAKEN 0.009
3618 0 2.2224 FREEZE 0.000
3619 0 1.8497 FREEZE 0.000
3620 1 2.2660 FREEZE 0.000
3621 0 2.2009 FREEZE 0.000
3622 0 1.2545 WEAKEN 0.573
3623 0 1.7033 WEAKEN 0.624
3624 0 2.1866 WEAKEN 0.053
3625 1 2.0762 SCAR 0.000
3626 0 1.2881 WEAKEN 0.845
3627 1 2.4790 FREEZE 0.000
3628 0 1.5822 WEAKEN 0.918
3629 0 2.0477 FREEZE 0.000
3630 0 1.4334 WEAKEN 0.927
3631 0 1.2929 WEAKEN 0.713
3632 0 1.4660 WEAKEN 0.534
3633 0 1.3069 WEAKEN 0.386
3634 0 1.7887 FREEZE 0.000
3635 0 1.2877 WEAKEN 0.926
3636 0 1.8495 WEAKEN 0.222
3637 0 1.6095 WEAKEN 0.218
3638 0 2.0607 WEAKEN 0.212
3639 0 1.3325 WEAKEN 0.574
3640 0 1.6430 WEAKEN 0.428
3641 0 1.6125 WEAKEN 0.616
3642 0 1.3561 WEAKEN 0.652
3643 0 1.7945 WEAKEN 0.599
3644 0 1.7662 WEAKEN 0.280
3645 0 1.9098 FREEZE 0.000
3646 0 1.2667 WEAKEN 0.660
3647 0 1.4646 WEAKEN 0.485
3648 0 2.1866 FREEZE 0.000
3649 1 2.3506 FREEZE 0.000
3650 0 1.6362 WEAKEN 0.257
3651 0 2.0381 FREEZE 0.000
3652 0 1.3845 WEAKEN 0.884
3653 0 1.4058 WEAKEN 0.346
3654 0 1.3509 FREEZE 0.000
3655 0 1.6959 WEAKEN 0.535
3656 0 1.5444 FREEZE 0.000
3657 0 1.7652 WEAKEN 0.120
3658 0 1.0756 WEAKEN 0.501
3659 0 1.6534 WEAKEN 0.236
3660 0 2.0337 WEAKEN 0.255
3661 0 1.7319 WEAKEN 0.232
3662 1 2.3433 SCAR 0.000
3663 0 2.0551 SILENCE 0.000
3664 0 1.1039 WEAKEN 0.562
3665 0 1.5291 WEAKEN 0.301
3666 0 1.6256 WEAKEN 0.288
3667 0 1.1749 WEAKEN 0.635
3668 0 1.4100 WEAKEN 0.504
3669 0 1.3974 WEAKEN 0.552
3670 0 1.4786 PASS 1.000
3671 0 1.7020 WEAKEN 0.045
3672 0 0.9776 WEAKEN 0.691
3673 0 2.4286 WEAKEN 0.176
3674 0 1.6570 WEAKEN 0.418
3675 0 1.6589 WEAKEN 0.632
3676 0 1.6548 FREEZE 0.000
3677 0 1.6142 WEAKEN 0.132
3678 0 1.3956 PASS 1.000
3679 0 1.3694 WEAKEN 0.148
3680 0 1.1665 WEAKEN 0.782
3681 0 1.7397 WEAKEN 0.568
3682 0 1.3810 PASS 1.000
3683 0 1.2514 WEAKEN 0.641
3684 0 1.8234 WEAKEN 0.136
3685 0 1.2498 WEAKEN 0.116
3686 0 1.4037 WEAKEN 0.219
3687 0 1.4196 WEAKEN 0.823
3688 0 1.3836 WEAKEN 0.100
3689 0 1.8635 WEAKEN 0.424
3690 0 1.1348 WEAKEN 0.669
3691 0 2.2595 FREEZE 0.000
3692 0 1.0940 WEAKEN 0.897
3693 0 1.3506 PASS 1.000
3694 0 1.3140 PASS 1.000
3695 0 1.9680 WEAKEN 0.826
3696 0 1.2583 WEAKEN 0.361
3697 0 2.1248 WEAKEN 0.137
3698 0 1.3522 WEAKEN 0.522
3699 0 1.2816 WEAKEN 0.434
3700 1 8.1680 FREEZE 0.000
3701 0 1.8245 WEAKEN 0.110
3702 0 1.5425 WEAKEN 0.601
3703 0 1.9858 FREEZE 0.000
3704 0 1.8773 WEAKEN 0.662
3705 0 1.5660 FREEZE 0.000
3706 0 1.8093 WEAKEN 0.293
3707 0 1.1092 WEAKEN 0.575
3708 0 1.1322 WEAKEN 0.995
3709 0 1.9723 WEAKEN 0.112
3710 0 1.8969 WEAKEN 0.146
3711 0 1.5080 WEAKEN 0.353
3712 0 1.4980 WEAKEN 0.542
3713 0 2.1404 FREEZE 0.000
3714 0 1.1379 WEAKEN 0.290
3715 1 8.1552 FREEZE 0.000
3716 0 1.9212 WEAKEN 0.108
3717 0 1.9388 WEAKEN 0.263
3718 0 1.5154 FREEZE 0.000
3719 0 2.1253 WEAKEN 0.728
3720 0 1.9294 FREEZE 0.000
3721 0 1.3033 WEAKEN 0.326
3722 1 2.5011 SCAR 0.000
3723 0 1.6957 FREEZE 0.000
3724 0 1.4142 WEAKEN 0.515
3725 0 1.5590 PASS 1.000
3726 0 1.5197 FREEZE 0.000
3727 0 2.0818 FREEZE 0.000
3728 0 1.7682 WEAKEN 0.628
3729 0 1.1435 WEAKEN 0.663
3730 0 1.6876 WEAKEN 0.332
3731 0 1.4665 WEAKEN 0.512
3732 0 1.9040 FREEZE 0.000
3733 0 1.9996 FREEZE 0.000
3734 0 1.5299 WEAKEN 0.676
3735 0 1.3991 WEAKEN 0.804
3736 0 1.7282 WEAKEN 0.341
3737 0 1.2721 WEAKEN 0.521
3738 0 1.4696 WEAKEN 0.926
3739 1 2.3955 FREEZE 0.000
3740 0 1.5800 PASS 1.000
3741 0 1.2386 WEAKEN 0.748
3742 0 1.7739 WEAKEN 0.552
3743 0 1.5513 WEAKEN 0.433
3744 0 1.2756 WEAKEN 0.687
3745 0 1.5113 WEAKEN 0.061
3746 0 1.4469 WEAKEN 0.200
3747 0 1.5279 WEAKEN 0.503
3748 0 1.5338 WEAKEN 0.402
3749 0 1.7041 WEAKEN 0.370
3750 0 1.4195 WEAKEN 0.333
3751 0 1.7766 FREEZE 0.000
3752 0 1.5130 WEAKEN 0.227
3753 0 1.3021 WEAKEN 0.483
3754 0 1.8814 WEAKEN 0.087
3755 0 1.6485 WEAKEN 0.969
3756 0 1.8697 WEAKEN 0.234
3757 0 1.9644 WEAKEN 0.571
3758 0 1.3423 WEAKEN 0.404
3759 0 1.4397 PASS 1.000
3760 0 1.3813 WEAKEN 0.506
3761 0 1.6625 WEAKEN 0.452
3762 0 1.3076 WEAKEN 0.720
3763 0 1.0039 WEAKEN 0.815
3764 0 1.1799 WEAKEN 0.852
3765 0 1.6410 WEAKEN 0.176
3766 0 1.0702 WEAKEN 0.901
3767 0 1.1443 WEAKEN 0.950
3768 0 1.5405 WEAKEN 0.589
3769 0 1.8131 WEAKEN 0.628
3770 0 1.7020 WEAKEN 0.904
3771 0 1.1358 WEAKEN 0.484
3772 0 1.6490 WEAKEN 0.721
3773 0 1.3057 WEAKEN 0.465
3774 0 1.6857 WEAKEN 0.411
3775 0 1.8695 FREEZE 0.000
3776 1 2.2652 SCAR 0.000
3777 0 2.0501 FREEZE 0.000
3778 1 2.2764 FREEZE 0.000
3779 0 1.5879 WEAKEN 0.223
3780 0 1.0169 WEAKEN 0.938
3781 0 1.8817 WEAKEN 0.357
3782 0 1.9489 WEAKEN 0.111
3783 0 1.1239 WEAKEN 0.679
3784 0 1.3937 WEAKEN 0.907
3785 0 1.5427 PASS 1.000
3786 0 1.8829 WEAKEN 0.032
3787 0 1.6541 WEAKEN 0.734
3788 0 0.9690 WEAKEN 0.745
3789 0 1.4835 FREEZE 0.000
3790 1 2.3262 FREEZE 0.000
3791 0 1.6250 WEAKEN 0.600
3792 0 1.7237 WEAKEN 0.345
3793 0 1.5231 WEAKEN 0.065
3794 0 1.2990 WEAKEN 0.871
3795 0 2.1688 WEAKEN 0.083
3796 0 1.3521 WEAKEN 0.523
3797 1 2.4578 SCAR 0.000
3798 0 1.8679 WEAKEN 0.097
3799 0 1.5715 FREEZE 0.000
3800 1 7.7190 FREEZE 0.000
3801 0 1.3334 WEAKEN 0.755
3802 0 0.9426 WEAKEN 0.629
3803 0 1.5122 PASS 1.000
3804 0 1.1076 WEAKEN 0.371
3805 0 1.1391 WEAKEN 0.869
3806 0 1.2062 WEAKEN 0.868
3807 0 1.3200 WEAKEN 0.226
3808 1 2.1533 SILENCE 0.000
3809 0 2.2604 FREEZE 0.000
3810 1 2.2073 FREEZE 0.000
3811 1 2.2641 FREEZE 0.000
3812 0 1.6902 WEAKEN 0.783
3813 0 1.4040 WEAKEN 0.713
3814 0 1.9531 WEAKEN 0.169
3815 0 1.4018 WEAKEN 0.145
3816 0 1.0900 FREEZE 0.000
3817 0 1.3834 WEAKEN 0.081
3818 0 1.1089 WEAKEN 0.271
3819 0 1.3472 PASS 1.000
3820 0 1.4094 WEAKEN 0.790
3821 0 1.3890 PASS 1.000
3822 0 1.3494 WEAKEN 0.897
3823 0 1.2253 PASS 1.000
3824 0 2.2672 WEAKEN 0.104
3825 0 1.8673 FREEZE 0.000
3826 0 1.2049 WEAKEN 0.347
3827 1 2.1522 FREEZE 0.000
3828 0 1.6009 WEAKEN 0.456
3829 0 1.3353 WEAKEN 0.741
3830 0 1.4798 WEAKEN 0.956
3831 0 2.1160 FREEZE 0.000
3832 0 1.6654 WEAKEN 0.363
3833 0 1.2440 WEAKEN 0.015
3834 0 1.4996 PASS 1.000
3835 1 2.2918 FREEZE 0.000
3836 0 1.1454 WEAKEN 0.477
3837 0 1.2495 WEAKEN 0.392
3838 0 2.1996 WEAKEN 0.177
3839 0 1.3122 WEAKEN 0.336
3840 0 1.8601 WEAKEN 0.390
3841 1 2.2737 FREEZE 0.000
3842 0 1.6478 FREEZE 0.000
3843 0 1.2368 WEAKEN 0.406
3844 0 1.3098 WEAKEN 0.862
3845 0 1.3409 PASS 1.000
3846 0 2.4044 FREEZE 0.000
3847 0 1.5677 WEAKEN 0.484
3848 0 1.2534 WEAKEN 0.615
3849 1 2.2295 FREEZE 0.000
3850 0 1.7734 FREEZE 0.000
3851 0 1.4726 WEAKEN 0.721
3852 0 1.3366 WEAKEN 0.445
3853 0 1.2712 WEAKEN 0.766
3854 0 1.7758 WEAKEN 0.807
3855 0 1.7868 WEAKEN 0.254
3856 0 1.1891 WEAKEN 0.737
3857 0 1.9744 WEAKEN 0.085
3858 0 2.1327 WEAKEN 0.057
3859 1 2.1761 FREEZE 0.000
3860 0 1.7615 WEAKEN 0.441
3861 0 1.6917 WEAKEN 0.002
3862 0 1.1518 WEAKEN 0.195
3863 0 1.7500 FREEZE 0.000
3864 0 1.7786 FREEZE 0.000
3865 1 2.4008 FREEZE 0.000
3866 0 1.7846 WEAKEN 0.456
3867 0 1.3020 FREEZE 0.000
3868 0 1.6694 WEAKEN 0.516
3869 0 1.7590 WEAKEN 0.797
3870 1 2.3164 FREEZE 0.000
3871 0 2.1890 FREEZE 0.000
3872 0 1.4285 WEAKEN 0.691
3873 0 1.4551 WEAKEN 0.154
3874 0 1.4856 WEAKEN 0.350
3875 0 1.7150 WEAKEN 0.595
3876 0 1.6785 WEAKEN 0.710
3877 0 1.1734 WEAKEN 0.333
3878 0 1.4824 FREEZE 0.000
3879 0 1.2237 WEAKEN 0.733
3880 0 1.0575 WEAKEN 0.870
3881 0 1.3724 WEAKEN 0.171
3882 0 1.6953 WEAKEN 0.551
3883 0 0.9507 WEAKEN 0.741
3884 0 1.5539 WEAKEN 0.262
3885 0 1.7391 WEAKEN 0.450
3886 0 0.8728 WEAKEN 0.300
3887 0 1.4084 WEAKEN 0.457
3888 0 1.7677 SCAR 0.000
3889 0 2.0358 WEAKEN 0.193
3890 0 1.0178 WEAKEN 0.948
3891 0 2.0123 WEAKEN 0.549
3892 0 1.8847 WEAKEN 0.388
3893 0 2.1340 FREEZE 0.000
3894 0 2.2051 WEAKEN 0.128
3895 0 2.5665 FREEZE 0.000
3896 0 1.8099 FREEZE 0.000
3897 0 1.5580 FREEZE 0.000
3898 0 1.2010 WEAKEN 0.974
3899 0 1.0440 WEAKEN 0.711
3900 0 2.3051 FREEZE 0.000
3901 0 1.1570 WEAKEN 0.843
3902 1 2.1851 FREEZE 0.000
3903 0 1.8381 WEAKEN 0.108
3904 1 4.2918 FREEZE 0.000
3905 0 2.0514 WEAKEN 0.071
3906 0 1.0779 WEAKEN 0.694
3907 1 2.1150 SILENCE 0.000
3908 0 0.8110 WEAKEN 0.377
3909 0 2.0182 FREEZE 0.000
3910 0 1.3406 WEAKEN 0.684
3911 0 1.4304 WEAKEN 0.905
3912 0 1.8382 WEAKEN 0.271
3913 0 1.8264 FREEZE 0.000
3914 0 1.7523 WEAKEN 0.301
3915 1 2.0591 FREEZE 0.000
3916 0 1.4614 WEAKEN 0.274
3917 0 1.0845 WEAKEN 0.573
3918 0 0.8684 WEAKEN 0.549
3919 0 1.2768 WEAKEN 0.364
3920 0 1.4628 WEAKEN 0.198
3921 0 1.7530 WEAKEN 0.215
3922 0 1.4188 WEAKEN 0.339
3923 0 1.7529 WEAKEN 0.322
3924 0 1.3232 WEAKEN 0.712
3925 1 2.3645 SCAR 0.000
3926 0 1.6962 WEAKEN 0.521
3927 0 1.5167 PASS 1.000
3928 0 1.4689 WEAKEN 0.254
3929 0 1.5159 PASS 1.000
3930 0 2.2205 FREEZE 0.000
3931 0 1.1541 WEAKEN 0.501
3932 0 1.6843 WEAKEN 0.179
3933 0 1.6641 WEAKEN 0.604
3934 0 0.7598 WEAKEN 0.689
3935 0 1.6697 FREEZE 0.000
3936 0 1.8731 WEAKEN 0.030
3937 0 1.9679 WEAKEN 0.292
3938 0 1.3688 WEAKEN 0.677
3939 0 1.7961 WEAKEN 0.043
3940 0 1.1946 WEAKEN 0.472
3941 0 1.6952 WEAKEN 0.609
3942 0 1.2088 WEAKEN 0.387
3943 0 1.0940 WEAKEN 0.788
3944 0 1.5855 WEAKEN 0.087
3945 0 1.6980 WEAKEN 0.004
3946 0 1.3126 FREEZE 0.000
3947 0 1.2054 WEAKEN 0.526
3948 0 1.4167 WEAKEN 0.814
3949 0 1.1129 WEAKEN 0.730
3950 0 1.3233 WEAKEN 0.392
3951 1 2.5711 SCAR 0.000
3952 0 1.2282 WEAKEN 0.468
3953 0 1.6887 FREEZE 0.000
3954 0 1.5563 WEAKEN 0.597
3955 0 1.5675 WEAKEN 0.379
3956 0 1.1986 WEAKEN 0.756
3957 0 1.4258 FREEZE 0.000
3958 0 1.6376 WEAKEN 0.410
3959 0 2.3033 WEAKEN 0.446
3960 0 1.6812 WEAKEN 0.176
3961 0 1.5702 WEAKEN 0.979
3962 1 2.0531 SILENCE 0.000
3963 1 2.3612 SCAR 0.000
3964 0 2.2081 FREEZE 0.000
3965 0 1.1786 WEAKEN 0.469
3966 0 2.2806 FREEZE 0.000
3967 0 1.5131 WEAKEN 0.909
3968 0 1.7031 WEAKEN 0.766
3969 0 2.3676 WEAKEN 0.316
3970 0 1.4657 WEAKEN 0.369
3971 0 1.6702 WEAKEN 0.301
3972 1 2.2851 FREEZE 0.000
3973 0 1.6978 FREEZE 0.000
3974 0 1.8495 WEAKEN 0.283
3975 0 1.8338 WEAKEN 0.347
3976 0 2.0740 FREEZE 0.000
3977 0 1.8543 WEAKEN 0.241
3978 0 1.0503 WEAKEN 0.108
3979 0 1.5689 WEAKEN 0.792
3980 1 2.1285 FREEZE 0.000
3981 0 2.1347 WEAKEN 0.374
3982 0 1.6504 WEAKEN 0.122
3983 0 1.8015 WEAKEN 0.126
3984 0 1.3821 PASS 1.000
3985 1 2.2792 FREEZE 0.000
3986 0 1.3975 WEAKEN 0.308
3987 0 1.4160 WEAKEN 0.895
3988 0 1.8779 WEAKEN 0.371
3989 0 1.6985 WEAKEN 0.185
3990 0 1.2546 WEAKEN 0.989
3991 0 1.9954 WEAKEN 0.057
3992 0 1.5096 WEAKEN 0.429
3993 0 1.6333 WEAKEN 0.015
3994 0 1.2983 WEAKEN 0.530
3995 0 1.0437 WEAKEN 0.796
3996 0 2.0987 WEAKEN 0.309
3997 0 1.4671 FREEZE 0.000
3998 0 1.8917 WEAKEN 0.189
3999 0 1.2287 WEAKEN 0.692
4000 0 2.4393 FREEZE 0.000
4001 0 1.3065 PASS 1.000
4002 0 1.0759 WEAKEN 0.907
4003 1 7.6983 FREEZE 0.000
4004 0 1.5867 WEAKEN 0.760
4005 1 2.4057 SCAR 0.000
4006 0 1.9021 FREEZE 0.000
4007 0 1.8157 FREEZE 0.000
4008 0 2.3068 WEAKEN 0.050
4009 0 1.4008 WEAKEN 0.814
4010 0 1.6374 WEAKEN 0.166
4011 0 1.5110 WEAKEN 0.140
4012 0 1.5173 FREEZE 0.000
4013 0 1.3556 WEAKEN 0.646
4014 0 1.5614 WEAKEN 0.960
4015 0 1.4428 WEAKEN 0.651
4016 0 0.9154 WEAKEN 0.899
4017 0 1.4752 WEAKEN 0.181
4018 0 1.5985 WEAKEN 0.799
4019 0 1.1513 WEAKEN 0.783
4020 0 1.0036 WEAKEN 0.769
4021 0 1.8397 FREEZE 0.000
4022 0 1.3765 WEAKEN 0.344
4023 0 1.6317 WEAKEN 0.364
4024 0 2.3314 FREEZE 0.000
4025 1 2.3008 FREEZE 0.000
4026 0 1.3790 WEAKEN 0.815
4027 0 1.3783 WEAKEN 0.327
4028 0 1.0398 WEAKEN 0.240
4029 0 1.5786 WEAKEN 0.705
4030 0 0.9851 WEAKEN 0.442
4031 0 1.2692 WEAKEN 0.789
4032 0 1.5391 FREEZE 0.000
4033 0 1.3305 WEAKEN 0.581
4034 0 1.5020 PASS 1.000
4035 0 1.1759 WEAKEN 0.574
4036 0 1.7298 WEAKEN 0.579
4037 0 1.3927 WEAKEN 0.376
4038 0 2.5800 FREEZE 0.000
4039 0 1.9900 WEAKEN 0.584
4040 0 1.4980 WEAKEN 0.567
4041 0 1.7039 FREEZE 0.000
4042 0 1.3037 WEAKEN 0.848
4043 0 1.5004 WEAKEN 0.406
4044 1 2.3716 FREEZE 0.000
4045 0 2.1043 WEAKEN 0.221
4046 0 2.2751 WEAKEN 0.099
4047 0 1.7155 WEAKEN 0.762
4048 1 2.3574 SCAR 0.000
4049 0 2.3415 FREEZE 0.000
4050 1 2.4986 SCAR 0.000
4051 0 1.1762 WEAKEN 0.579
4052 0 1.3710 WEAKEN 0.180
4053 0 1.0554 WEAKEN 0.743
4054 0 1.2393 WEAKEN 0.974
4055 0 1.5034 WEAKEN 0.893
4056 0 2.1876 FREEZE 0.000
4057 0 1.3204 WEAKEN 0.268
4058 0 1.4472 PASS 1.000
4059 0 1.3173 WEAKEN 0.330
4060 0 1.4633 WEAKEN 0.624
4061 0 2.0679 WEAKEN 0.342
4062 1 7.4991 FREEZE 0.000
4063 0 1.5111 WEAKEN 0.745
4064 0 1.5932 PASS 1.000
4065 1 2.1763 FREEZE 0.000
4066 0 1.1832 WEAKEN 0.429
4067 0 1.2727 FREEZE 0.000
4068 0 1.6360 WEAKEN 0.206
4069 0 1.4068 FREEZE 0.000
4070 0 1.4056 WEAKEN 0.224
4071 0 2.1910 FREEZE 0.000
4072 0 1.3293 WEAKEN 0.572
4073 0 1.2667 WEAKEN 0.660
4074 0 1.4676 WEAKEN 0.806
4075 0 1.5813 WEAKEN 0.176
4076 0 1.2753 PASS 1.000
4077 0 1.3687 WEAKEN 0.665
4078 0 1.2883 WEAKEN 0.918
4079 0 1.3627 WEAKEN 0.404
4080 0 1.7083 WEAKEN 0.359
4081 0 1.5553 FREEZE 0.000
4082 0 1.8443 WEAKEN 0.782
4083 1 2.0697 SCAR 0.000
4084 0 1.4748 WEAKEN 0.864
4085 1 2.2652 FREEZE 0.000
4086 0 1.5836 WEAKEN 0.635
4087 0 1.6407 FREEZE 0.000
4088 0 2.2800 FREEZE 0.000
4089 0 1.8949 WEAKEN 0.274
4090 0 1.7180 WEAKEN 0.302
4091 0 1.4663 WEAKEN 0.741
4092 0 1.5410 WEAKEN 0.256
4093 0 1.1504 WEAKEN 0.344
4094 0 1.4325 WEAKEN 0.448
4095 1 2.2473 FREEZE 0.000
4096 0 2.0105 WEAKEN 0.482
4097 0 1.4208 WEAKEN 0.360
4098 0 1.4335 WEAKEN 0.818
4099 0 1.1724 WEAKEN 0.607
4100 0 1.4949 WEAKEN 0.650
4101 0 1.0717 WEAKEN 0.593
4102 0 1.2005 PASS 1.000
4103 1 2.1141 FREEZE 0.000
4104 0 1.1897 WEAKEN 0.275
4105 0 1.1889 WEAKEN 0.625
4106 0 1.3485 WEAKEN 0.565
4107 0 1.3864 WEAKEN 0.484
4108 0 1.8252 WEAKEN 0.444
4109 0 1.7604 WEAKEN 0.047
4110 0 2.0005 FREEZE 0.000
4111 0 1.3852 WEAKEN 0.704
4112 0 1.6741 WEAKEN 0.188
4113 0 1.3472 WEAKEN 0.997
4114 0 1.3768 WEAKEN 0.258
4115 0 1.4172 WEAKEN 0.991
4116 0 1.6244 WEAKEN 0.007
4117 0 1.0752 WEAKEN 0.970
4118 0 1.2333 WEAKEN 0.667
4119 0 1.5079 WEAKEN 0.821
4120 0 1.3086 WEAKEN 0.097
4121 0 1.3200 PASS 1.000
4122 1 2.4067 FREEZE 0.000
4123 0 1.6063 WEAKEN 0.393
4124 0 1.4375 WEAKEN 0.311
4125 0 1.1909 WEAKEN 0.369
4126 0 2.2156 WEAKEN 0.037
4127 0 2.6536 WEAKEN 0.014
4128 1 2.4444 FREEZE 0.000
4129 0 1.6789 WEAKEN 0.240
4130 0 1.2535 WEAKEN 0.648
4131 1 2.2139 FREEZE 0.000
4132 0 1.0438 WEAKEN 0.694
4133 0 1.4732 WEAKEN 0.159
4134 0 1.1578 WEAKEN 0.608
4135 0 1.9773 WEAKEN 0.116
4136 1 2.1017 FREEZE 0.000
4137 0 1.1480 WEAKEN 0.546
4138 0 1.2125 WEAKEN 0.871
4139 0 1.2863 WEAKEN 0.787
4140 0 1.5071 WEAKEN 0.225
4141 0 1.3271 WEAKEN 0.771
4142 0 1.4077 WEAKEN 0.796
4143 0 1.3415 WEAKEN 0.391
4144 0 1.2239 WEAKEN 0.867
4145 0 1.2655 WEAKEN 0.653
4146 0 1.5760 WEAKEN 0.408
4147 0 1.8999 FREEZE 0.000
4148 0 2.0549 WEAKEN 0.237
4149 0 2.0632 SCAR 0.000
4150 0 1.7857 WEAKEN 0.151
4151 0 1.4050 WEAKEN 0.099
4152 0 1.4567 WEAKEN 0.790
4153 1 7.4046 FREEZE 0.000
4154 0 1.4103 WEAKEN 0.658
4155 1 2.2746 FREEZE 0.000
4156 0 1.0627 WEAKEN 0.873
4157 0 1.1573 WEAKEN 0.158
4158 0 2.0704 FREEZE 0.000
4159 0 1.7420 WEAKEN 0.089
4160 0 1.2747 WEAKEN 0.386
4161 0 1.3307 WEAKEN 0.254
4162 0 2.0793 FREEZE 0.000
4163 0 1.2118 WEAKEN 0.339
4164 0 2.0448 WEAKEN 0.331
4165 0 1.4382 WEAKEN 0.141
4166 0 1.0798 WEAKEN 0.505
4167 0 1.5282 WEAKEN 0.615
4168 0 1.5182 PASS 1.000
4169 1 2.3381 SCAR 0.000
4170 0 1.8324 WEAKEN 0.673
4171 0 1.3522 WEAKEN 0.567
4172 0 1.4194 WEAKEN 0.824
4173 0 1.6179 WEAKEN 0.112
4174 0 2.4074 SILENCE 0.000
4175 0 1.0151 WEAKEN 0.695
4176 1 2.2275 FREEZE 0.000
4177 0 1.4588 WEAKEN 0.943
4178 0 1.1781 WEAKEN 0.602
4179 0 1.6087 WEAKEN 0.828
4180 0 1.8683 WEAKEN 0.092
4181 0 1.8197 FREEZE 0.000
4182 0 2.2578 FREEZE 0.000
4183 0 1.2653 FREEZE 0.000
4184 0 2.1391 WEAKEN 0.531
4185 0 1.8027 WEAKEN 0.277
4186 0 1.3716 WEAKEN 0.424
4187 0 1.8243 WEAKEN 0.373
4188 0 1.5884 WEAKEN 0.659
4189 0 1.3550 WEAKEN 0.581
4190 0 1.1984 WEAKEN 0.834
4191 1 2.2471 FREEZE 0.000
4192 0 2.1090 FREEZE 0.000
4193 0 1.2336 WEAKEN 0.677
4194 0 1.6516 FREEZE 0.000
4195 0 1.1223 WEAKEN 0.355
4196 0 1.9543 PASS 1.000
4197 0 1.3906 WEAKEN 0.462
4198 0 1.5098 PASS 1.000
4199 0 1.1748 WEAKEN 0.954
4200 0 1.3809 WEAKEN 0.555
4201 0 1.5463 WEAKEN 0.655
4202 0 1.2856 WEAKEN 0.676
4203 0 2.1159 WEAKEN 0.943
4204 0 1.6342 WEAKEN 0.668
4205 0 1.8162 WEAKEN 0.577
4206 0 1.3182 WEAKEN 0.762
4207 0 1.4509 WEAKEN 0.537
4208 0 1.3772 WEAKEN 0.516
4209 0 1.0088 WEAKEN 0.358
4210 0 1.3451 WEAKEN 0.033
4211 0 1.6965 WEAKEN 0.716
4212 0 1.9064 WEAKEN 0.123
4213 0 2.3193 SILENCE 0.000
4214 0 1.6439 WEAKEN 0.249
4215 0 1.5095 WEAKEN 0.668
4216 0 1.4980 WEAKEN 0.022
4217 0 1.3173 WEAKEN 0.563
4218 0 1.7613 WEAKEN 0.426
4219 0 1.9393 WEAKEN 0.036
4220 0 1.4334 WEAKEN 0.790
4221 0 1.6738 WEAKEN 0.301
4222 0 2.0906 WEAKEN 0.361
4223 0 1.4631 WEAKEN 0.430
4224 0 1.2964 WEAKEN 0.608
4225 0 1.2380 WEAKEN 0.879
4226 0 1.4305 WEAKEN 0.415
4227 0 1.5522 WEAKEN 0.338
4228 0 1.5811 WEAKEN 0.311
4229 0 1.6720 PASS 1.000
4230 0 2.2665 FREEZE 0.000
4231 0 1.7412 WEAKEN 0.618
4232 0 1.1114 PASS 1.000
4233 1 2.0959 FREEZE 0.000
4234 1 7.7174 FREEZE 0.000
4235 0 1.8274 WEAKEN 0.054
4236 0 1.9115 WEAKEN 0.199
4237 0 1.4335 WEAKEN 0.631
4238 0 1.9405 WEAKEN 0.196
4239 0 1.3922 WEAKEN 0.806
4240 0 1.5756 WEAKEN 0.519
4241 0 1.7916 FREEZE 0.000
4242 0 2.0148 FREEZE 0.000
4243 0 1.6853 WEAKEN 0.826
4244 0 1.8695 WEAKEN 0.502
4245 0 1.5268 WEAKEN 0.731
4246 0 1.2932 WEAKEN 0.866
4247 0 1.4086 FREEZE 0.000
4248 0 1.7950 FREEZE 0.000
4249 0 1.3980 WEAKEN 0.594
4250 0 0.8413 PASS 1.000
4251 0 1.3063 WEAKEN 0.881
4252 0 1.6379 WEAKEN 0.255
4253 0 2.1738 WEAKEN 0.255
4254 0 1.1446 WEAKEN 0.474
4255 1 2.3268 SCAR 0.000
4256 0 1.6524 WEAKEN 0.078
4257 0 1.1405 WEAKEN 0.621
4258 0 1.4870 WEAKEN 0.345
4259 0 2.3498 WEAKEN 0.215
4260 0 1.3217 WEAKEN 0.741
4261 0 1.5013 WEAKEN 0.802
4262 0 1.5353 WEAKEN 0.116
4263 0 1.8500 WEAKEN 0.426
4264 0 1.2505 WEAKEN 0.244
4265 0 1.8906 FREEZE 0.000
4266 0 1.9454 WEAKEN 0.504
4267 0 1.7078 FREEZE 0.000
4268 0 1.9479 FREEZE 0.000
4269 0 1.5736 FREEZE 0.000
4270 0 1.4919 WEAKEN 0.362
4271 0 1.8586 FREEZE 0.000
4272 0 1.3813 FREEZE 0.000
4273 1 2.2645 SCAR 0.000
4274 0 1.8140 WEAKEN 0.324
4275 0 1.1747 WEAKEN 0.825
4276 0 1.2592 WEAKEN 0.315
4277 0 1.7125 WEAKEN 0.307
4278 0 1.1767 WEAKEN 0.878
4279 1 2.2152 SCAR 0.000
4280 0 1.1109 WEAKEN 0.813
4281 0 2.2090 FREEZE 0.000
4282 0 1.3792 FREEZE 0.000
4283 1 7.3823 WEAKEN 0.028
4284 0 1.0442 WEAKEN 0.384
4285 0 1.7653 FREEZE 0.000
4286 0 1.3828 WEAKEN 0.398
4287 1 2.1197 FREEZE 0.000
4288 0 1.4462 WEAKEN 0.555
4289 0 1.7623 WEAKEN 0.000
4290 0 1.3252 WEAKEN 0.675
4291 0 2.0062 FREEZE 0.000
4292 0 1.9688 WEAKEN 0.171
4293 1 2.5913 SILENCE 0.000
4294 0 1.8768 WEAKEN 0.614
4295 0 1.1530 WEAKEN 0.858
4296 0 1.7590 WEAKEN 0.310
4297 0 1.5524 WEAKEN 0.752
4298 0 1.9169 FREEZE 0.000
4299 0 1.6192 WEAKEN 0.387
4300 0 1.2655 WEAKEN 0.674
4301 0 1.3456 WEAKEN 0.399
4302 0 1.4598 SILENCE 0.000
4303 0 1.7508 WEAKEN 0.632
4304 0 1.3012 WEAKEN 0.607
4305 0 1.1134 WEAKEN 0.758
4306 0 1.4623 WEAKEN 0.349
4307 0 1.7720 WEAKEN 0.508
4308 0 1.6375 WEAKEN 0.716
4309 0 1.3830 WEAKEN 0.805
4310 0 1.2249 WEAKEN 0.904
4311 0 1.7183 FREEZE 0.000
4312 0 1.7632 WEAKEN 0.163
4313 0 1.7213 FREEZE 0.000
4314 0 1.1374 WEAKEN 0.710
4315 0 1.7206 WEAKEN 0.392
4316 0 1.0394 WEAKEN 0.840
4317 0 1.4631 WEAKEN 0.654
4318 0 1.2006 WEAKEN 0.980
4319 0 1.7070 WEAKEN 0.698
4320 0 1.5195 PASS 1.000
4321 0 1.7399 WEAKEN 0.617
4322 0 1.8255 WEAKEN 0.276
4323 0 2.0341 WEAKEN 0.493
4324 0 1.6255 WEAKEN 0.303
4325 0 1.8907 WEAKEN 0.688
4326 0 1.4434 WEAKEN 0.819
4327 0 1.3881 WEAKEN 0.254
4328 0 1.3973 FREEZE 0.000
4329 0 1.4681 WEAKEN 0.499
4330 0 2.1591 FREEZE 0.000
4331 0 1.3191 PASS 1.000
4332 0 1.3066 WEAKEN 0.305
4333 0 1.2992 WEAKEN 0.248
4334 0 1.8062 WEAKEN 0.352
4335 0 1.6263 WEAKEN 0.003
4336 0 1.8301 FREEZE 0.000
4337 0 1.8655 FREEZE 0.000
4338 0 1.4462 WEAKEN 0.208
4339 0 0.7763 WEAKEN 0.643
4340 0 1.1030 WEAKEN 0.622
4341 0 1.6429 WEAKEN 0.501
4342 0 2.3100 FREEZE 0.000
4343 1 6.7152 SILENCE 0.000
4344 0 2.0235 FREEZE 0.000
4345 0 1.3107 WEAKEN 0.731
4346 0 1.3708 WEAKEN 0.114
4347 0 2.1155 WEAKEN 0.535
4348 0 1.2402 WEAKEN 0.752
4349 0 1.8288 FREEZE 0.000
4350 0 1.8485 FREEZE 0.000
4351 0 1.4935 WEAKEN 0.136
4352 1 1.9874 FREEZE 0.000
4353 0 2.1186 FREEZE 0.000
4354 0 2.1773 WEAKEN 0.373
4355 0 1.6929 WEAKEN 0.183
4356 0 1.2216 WEAKEN 0.507
4357 0 1.3542 WEAKEN 0.814
4358 0 1.4144 PASS 1.000
4359 0 2.3930 FREEZE 0.000
4360 0 1.7916 WEAKEN 0.569
4361 0 1.8005 FREEZE 0.000
4362 0 1.2164 WEAKEN 0.337
4363 0 1.0514 WEAKEN 0.047
4364 0 1.4878 WEAKEN 0.287
4365 0 1.4378 WEAKEN 0.130
4366 0 1.5037 WEAKEN 0.394
4367 0 2.1022 FREEZE 0.000
4368 0 1.3363 WEAKEN 0.377
4369 1 2.2882 FREEZE 0.000
4370 0 1.1910 WEAKEN 0.823
4371 0 1.4051 WEAKEN 0.403
4372 0 1.8289 WEAKEN 0.148
4373 0 1.6501 WEAKEN 0.207
4374 0 1.2262 WEAKEN 0.508
4375 0 1.6897 WEAKEN 0.473
4376 0 1.4766 WEAKEN 0.314
4377 0 1.9190 FREEZE 0.000
4378 0 1.2452 WEAKEN 0.694
4379 0 1.3344 WEAKEN 0.511
4380 0 2.0176 WEAKEN 0.105
4381 0 2.0810 WEAKEN 0.029
4382 0 1.3119 WEAKEN 0.820
4383 0 1.5518 WEAKEN 0.436
4384 0 1.6303 WEAKEN 0.402
4385 0 1.5934 WEAKEN 0.779
4386 0 1.2874 WEAKEN 0.609
4387 0 1.4460 WEAKEN 0.769
4388 0 1.8159 WEAKEN 0.717
4389 0 1.7900 PASS 1.000
4390 0 1.3458 WEAKEN 0.567
4391 0 1.4712 PASS 1.000
4392 0 2.0465 WEAKEN 0.448
4393 0 1.8167 FREEZE 0.000
4394 0 1.5209 PASS 1.000
4395 0 1.3316 WEAKEN 0.761
4396 0 1.4892 WEAKEN 0.013
4397 0 1.5731 WEAKEN 0.866
4398 0 1.8983 WEAKEN 0.340
4399 0 1.5387 WEAKEN 0.263
4400 0 1.2915 WEAKEN 0.815
4401 0 1.4208 PASS 1.000
4402 0 1.2046 WEAKEN 0.471
4403 0 1.9426 WEAKEN 0.586
4404 0 1.5618 WEAKEN 0.801
4405 0 1.2771 WEAKEN 0.503
4406 0 1.6137 WEAKEN 0.887
4407 0 2.0046 WEAKEN 0.717
4408 0 1.2630 WEAKEN 0.645
4409 0 1.7310 FREEZE 0.000
4410 0 1.6201 WEAKEN 0.952
4411 0 1.8788 WEAKEN 0.011
4412 0 2.0179 WEAKEN 0.166
4413 0 1.7249 WEAKEN 0.247
4414 0 1.7527 WEAKEN 0.202
4415 0 2.0305 FREEZE 0.000
4416 0 1.5095 WEAKEN 0.704
4417 0 1.8946 WEAKEN 0.281
4418 0 1.7678 WEAKEN 0.595
4419 0 1.1366 WEAKEN 0.919
4420 1 1.9576 FREEZE 0.000
4421 0 1.2713 PASS 1.000
4422 0 1.2719 WEAKEN 0.751
4423 0 1.5976 WEAKEN 0.434
4424 0 1.3892 WEAKEN 0.385
4425 0 1.5508 FREEZE 0.000
4426 0 2.3008 WEAKEN 0.258
4427 0 0.7693 WEAKEN 0.474
4428 0 1.1202 WEAKEN 0.506
4429 0 2.2609 FREEZE 0.000
4430 0 1.5418 WEAKEN 0.523
4431 0 1.2556 WEAKEN 0.562
4432 1 2.1565 SCAR 0.000
4433 0 2.0242 FREEZE 0.000
4434 0 1.7030 WEAKEN 0.444
4435 0 1.9574 FREEZE 0.000
4436 1 2.1444 FREEZE 0.000
4437 0 1.8564 FREEZE 0.000
4438 1 2.3984 FREEZE 0.000
4439 0 1.2712 WEAKEN 0.705
4440 0 1.2847 WEAKEN 0.139
4441 0 1.4907 FREEZE 0.000
4442 0 1.4144 WEAKEN 0.563
4443 0 1.2361 WEAKEN 0.446
4444 0 1.4308 WEAKEN 0.818
4445 0 1.2160 WEAKEN 0.750
4446 1 2.1061 FREEZE 0.000
4447 0 1.6987 FREEZE 0.000
4448 0 1.0332 WEAKEN 0.385
4449 0 1.1907 WEAKEN 0.894
4450 0 1.1618 WEAKEN 0.759
4451 0 1.4883 WEAKEN 0.344
4452 0 1.1662 WEAKEN 0.559
4453 0 2.0047 FREEZE 0.000
4454 0 1.8558 FREEZE 0.000
4455 0 1.9454 FREEZE 0.000
4456 0 1.5149 WEAKEN 0.346
4457 0 1.7025 FREEZE 0.000
4458 0 1.4484 WEAKEN 0.218
4459 0 0.9733 WEAKEN 0.880
4460 0 1.3502 WEAKEN 0.418
4461 0 1.4635 WEAKEN 0.849
4462 0 1.5717 FREEZE 0.000
4463 0 1.3407 WEAKEN 0.306
4464 0 1.6315 FREEZE 0.000
4465 0 1.5787 WEAKEN 0.778
4466 0 1.1797 WEAKEN 0.672
4467 0 1.1945 WEAKEN 0.175
4468 0 1.7131 PASS 1.000
4469 1 2.2681 FREEZE 0.000
4470 0 1.0395 WEAKEN 0.949
4471 0 2.2497 FREEZE 0.000
4472 0 1.8129 WEAKEN 0.105
4473 0 1.1875 WEAKEN 0.444
4474 0 1.9353 WEAKEN 0.058
4475 0 1.7137 WEAKEN 0.238
4476 0 1.7600 WEAKEN 0.622
4477 0 1.4776 WEAKEN 0.762
4478 0 1.7845 FREEZE 0.000
4479 0 1.1669 WEAKEN 0.486
4480 0 1.3209 WEAKEN 0.944
4481 0 1.6848 WEAKEN 0.505
4482 0 1.3566 WEAKEN 0.457
4483 0 1.7846 WEAKEN 0.056
4484 1 2.3932 SCAR 0.000
4485 0 2.0169 WEAKEN 0.119
4486 0 1.5300 WEAKEN 0.217
4487 0 1.1993 WEAKEN 0.117
4488 0 1.4501 WEAKEN 0.288
4489 0 1.6683 FREEZE 0.000
4490 1 3.4172 FREEZE 0.000
4491 0 1.3976 PASS 1.000
4492 0 1.5127 WEAKEN 0.383
4493 0 1.6085 PASS 1.000
4494 0 1.4111 WEAKEN 0.762
4495 0 2.0371 FREEZE 0.000
4496 0 1.2401 WEAKEN 0.445
4497 0 1.7979 FREEZE 0.000
4498 0 1.1735 WEAKEN 0.588
4499 1 2.0900 FREEZE 0.000
4500 0 1.5998 WEAKEN 0.760
4501 0 2.2735 FREEZE 0.000
4502 0 1.5758 WEAKEN 0.112
4503 0 1.6790 WEAKEN 0.114
4504 0 1.2592 WEAKEN 0.751
4505 0 1.5509 WEAKEN 0.528
4506 0 0.9997 PASS 1.000
4507 0 1.1626 WEAKEN 0.352
4508 0 1.4920 FREEZE 0.000
4509 0 1.1355 PASS 1.000
4510 0 1.3789 WEAKEN 0.697
4511 0 1.4075 WEAKEN 0.126
4512 0 1.3424 PASS 1.000
4513 0 1.6462 PASS 1.000
4514 0 1.2099 WEAKEN 0.395
4515 0 1.5408 WEAKEN 0.520
4516 0 1.6469 WEAKEN 0.335
4517 0 1.9739 WEAKEN 0.576
4518 0 1.5947 WEAKEN 0.429
4519 0 1.2994 PASS 1.000
4520 0 2.0960 FREEZE 0.000
4521 0 1.9294 WEAKEN 0.557
4522 0 1.6536 WEAKEN 0.561
4523 0 1.0913 WEAKEN 0.450
4524 0 1.7114 WEAKEN 0.275
4525 0 1.6848 WEAKEN 0.245
4526 0 0.9437 PASS 1.000
4527 0 2.2977 FREEZE 0.000
4528 0 1.2946 WEAKEN 0.336
4529 0 1.7349 SILENCE 0.000
4530 0 1.0260 WEAKEN 0.730
4531 0 1.6153 WEAKEN 0.073
4532 0 2.1188 FREEZE 0.000
4533 0 1.3764 WEAKEN 0.502
4534 0 1.2368 WEAKEN 0.914
4535 0 1.3772 WEAKEN 0.461
4536 0 1.4760 WEAKEN 0.566
4537 0 1.6474 WEAKEN 0.488
4538 0 1.6930 WEAKEN 0.780
4539 0 1.4357 WEAKEN 0.376
4540 0 1.5469 WEAKEN 0.552
4541 0 1.5500 WEAKEN 0.964
4542 0 1.6056 WEAKEN 0.369
4543 0 1.2116 WEAKEN 0.737
4544 0 1.3169 WEAKEN 0.711
4545 0 1.1385 WEAKEN 0.456
4546 0 1.3827 WEAKEN 0.457
4547 0 1.2414 WEAKEN 0.478
4548 0 1.9614 WEAKEN 0.576
4549 0 1.5077 WEAKEN 0.224
4550 0 1.4384 WEAKEN 0.315
4551 0 1.8989 WEAKEN 0.527
4552 0 1.7863 FREEZE 0.000
4553 0 1.9364 FREEZE 0.000
4554 0 2.0196 WEAKEN 0.043
4555 0 1.1645 WEAKEN 0.490
4556 0 1.8303 WEAKEN 0.316
4557 0 1.2182 PASS 1.000
4558 0 2.1211 FREEZE 0.000
4559 0 1.7223 WEAKEN 0.231
4560 0 1.4828 WEAKEN 0.725
4561 0 1.3522 WEAKEN 0.734
4562 0 1.9270 WEAKEN 0.272
4563 0 1.8578 FREEZE 0.000
4564 0 1.8809 WEAKEN 0.436
4565 0 1.1929 WEAKEN 0.674
4566 0 1.6960 FREEZE 0.000
4567 1 2.2406 SCAR 0.000
4568 0 0.8826 PASS 1.000
4569 0 1.8869 WEAKEN 0.774
4570 0 1.4896 WEAKEN 0.672
4571 0 1.6862 WEAKEN 0.176
4572 0 1.9514 WEAKEN 0.047
4573 0 1.3338 WEAKEN 0.204
4574 0 1.7116 FREEZE 0.000
4575 0 1.2582 WEAKEN 0.589
4576 1 2.2354 FREEZE 0.000
4577 0 1.8560 WEAKEN 0.720
4578 0 2.2057 WEAKEN 0.246
4579 0 1.5347 WEAKEN 0.617
4580 0 2.3970 FREEZE 0.000
4581 1 2.5042 FREEZE 0.000
4582 0 1.5602 WEAKEN 0.234
4583 0 1.3541 WEAKEN 0.064
4584 0 1.9436 WEAKEN 0.045
4585 1 1.9276 FREEZE 0.000
4586 0 1.5351 WEAKEN 0.158
4587 0 1.5191 WEAKEN 0.047
4588 0 1.2636 WEAKEN 0.522
4589 0 1.8488 WEAKEN 0.059
4590 0 1.6112 WEAKEN 0.189
4591 0 1.6151 WEAKEN 0.076
4592 0 1.1636 WEAKEN 0.905
4593 0 1.2911 WEAKEN 0.957
4594 0 2.1943 FREEZE 0.000
4595 0 1.3447 WEAKEN 0.359
4596 0 1.7781 WEAKEN 0.830
4597 0 1.4427 WEAKEN 0.569
4598 0 1.4023 WEAKEN 0.995
4599 0 1.7310 FREEZE 0.000
4600 0 2.3151 FREEZE 0.000
4601 0 1.6766 WEAKEN 0.330
4602 0 1.5940 WEAKEN 0.469
4603 0 1.4795 WEAKEN 0.529
4604 0 1.3581 WEAKEN 0.819
4605 0 1.1890 WEAKEN 0.511
4606 0 1.6293 WEAKEN 0.090
4607 0 1.1241 WEAKEN 0.842
4608 0 2.0274 WEAKEN 0.398
4609 0 1.8489 SILENCE 0.000
4610 0 1.4356 WEAKEN 0.281
4611 0 1.5953 WEAKEN 0.376
4612 0 1.4397 WEAKEN 0.900
4613 0 2.0012 WEAKEN 0.865
4614 0 1.9776 WEAKEN 0.119
4615 1 7.1741 WEAKEN 0.015
4616 0 1.4362 WEAKEN 0.587
4617 0 1.6029 WEAKEN 0.130
4618 0 1.0898 PASS 1.000
4619 0 1.6028 WEAKEN 0.284
4620 1 7.8260 FREEZE 0.000
4621 0 1.2560 WEAKEN 0.432
4622 1 3.8613 FREEZE 0.000
4623 0 1.4924 WEAKEN 0.670
4624 0 1.6955 WEAKEN 0.565
4625 0 1.5442 FREEZE 0.000
4626 0 1.4287 WEAKEN 0.314
4627 0 1.4609 WEAKEN 0.436
4628 0 1.9504 WEAKEN 0.412
4629 0 1.1414 WEAKEN 0.632
4630 0 1.1602 WEAKEN 0.316
4631 0 1.0355 WEAKEN 0.471
4632 0 1.6690 WEAKEN 0.706
4633 1 2.1876 FREEZE 0.000
4634 0 1.2039 WEAKEN 0.660
4635 0 1.5298 WEAKEN 0.558
4636 1 7.4620 FREEZE 0.000
4637 0 1.4914 WEAKEN 0.602
4638 0 1.5034 WEAKEN 0.483
4639 0 1.6091 WEAKEN 0.278
4640 0 1.5969 SCAR 0.000
4641 0 1.7954 FREEZE 0.000
4642 0 2.0358 FREEZE 0.000
4643 0 1.0061 WEAKEN 0.991
4644 0 1.6928 FREEZE 0.000
4645 0 2.1692 FREEZE 0.000
4646 1 2.1204 FREEZE 0.000
4647 0 1.8359 WEAKEN 0.146
4648 0 1.4898 FREEZE 0.000
4649 0 1.7895 FREEZE 0.000
4650 0 1.1104 WEAKEN 0.606
4651 0 1.3713 PASS 1.000
4652 0 1.1863 WEAKEN 0.684
4653 0 1.3073 WEAKEN 0.444
4654 0 1.6774 WEAKEN 0.309
4655 0 1.4653 WEAKEN 0.650
4656 0 1.7706 FREEZE 0.000
4657 1 2.4483 SCAR 0.000
4658 0 1.8314 WEAKEN 0.243
4659 0 1.4195 WEAKEN 0.506
4660 0 1.7072 WEAKEN 0.141
4661 1 2.1899 SCAR 0.000
4662 0 1.6323 WEAKEN 0.454
4663 0 1.7860 WEAKEN 0.493
4664 0 1.2606 WEAKEN 0.606
4665 0 1.4882 WEAKEN 0.653
4666 0 1.8165 WEAKEN 0.179
4667 0 1.4631 WEAKEN 0.800
4668 0 1.1595 WEAKEN 0.504
4669 0 1.8825 WEAKEN 0.220
4670 0 1.5037 WEAKEN 0.260
4671 0 1.5140 WEAKEN 0.668
4672 0 1.3143 PASS 1.000
4673 0 1.6457 WEAKEN 0.677
4674 0 1.3681 WEAKEN 0.212
4675 0 1.5086 WEAKEN 0.533
4676 0 1.2184 WEAKEN 0.869
4677 0 1.6407 WEAKEN 0.713
4678 0 1.6783 WEAKEN 0.176
4679 0 1.4460 WEAKEN 0.998
4680 1 7.9556 FREEZE 0.000
4681 0 0.9046 WEAKEN 0.504
4682 0 1.6901 PASS 1.000
4683 0 1.8517 FREEZE 0.000
4684 0 1.2300 WEAKEN 0.847
4685 0 1.7087 WEAKEN 0.639
4686 0 1.3492 WEAKEN 0.305
4687 0 1.4965 WEAKEN 0.291
4688 0 2.0834 FREEZE 0.000
4689 0 1.7010 FREEZE 0.000
4690 0 1.8982 WEAKEN 0.217
4691 0 1.6272 WEAKEN 0.773
4692 0 1.2618 WEAKEN 0.840
4693 0 1.8054 WEAKEN 0.676
4694 0 1.2045 WEAKEN 0.193
4695 0 1.6470 WEAKEN 0.527
4696 0 1.6335 WEAKEN 0.018
4697 1 2.1953 DARK 0.000
4698 1 2.5067 FREEZE 0.000
4699 0 0.9555 WEAKEN 0.433
4700 0 1.2820 WEAKEN 0.600
4701 0 1.3867 WEAKEN 0.619
4702 0 1.3032 WEAKEN 0.695
4703 0 1.4321 WEAKEN 0.090
4704 0 2.0273 FREEZE 0.000
4705 0 1.7352 WEAKEN 0.557
4706 0 1.6537 WEAKEN 0.671
4707 0 1.2722 PASS 1.000
4708 0 1.2277 WEAKEN 0.647
4709 1 2.0405 SILENCE 0.000
4710 0 1.2348 WEAKEN 0.755
4711 1 6.5118 FREEZE 0.000
4712 1 2.3638 FREEZE 0.000
4713 0 1.8995 FREEZE 0.000
4714 0 1.7942 FREEZE 0.000
4715 1 1.9784 FREEZE 0.000
4716 0 1.6388 WEAKEN 0.215
4717 0 1.4847 WEAKEN 0.613
4718 0 2.0340 FREEZE 0.000
4719 0 1.7683 WEAKEN 0.619
4720 0 1.3674 PASS 1.000
4721 0 1.1770 WEAKEN 0.928
4722 0 1.2066 WEAKEN 0.357
4723 0 1.8939 WEAKEN 0.123
4724 0 1.7404 WEAKEN 0.881
4725 0 1.2430 WEAKEN 0.269
4726 0 1.5749 WEAKEN 0.189
4727 0 1.6093 WEAKEN 0.312
4728 0 1.4544 WEAKEN 0.507
4729 0 1.8358 FREEZE 0.000
4730 0 1.4775 WEAKEN 0.421
4731 0 1.7348 FREEZE 0.000
4732 0 1.2705 WEAKEN 0.529
4733 0 1.8108 FREEZE 0.000
4734 0 1.3254 WEAKEN 0.547
4735 0 1.4870 WEAKEN 0.464
4736 0 2.2102 WEAKEN 0.440
4737 0 1.3527 WEAKEN 0.123
4738 0 1.6418 WEAKEN 0.792
4739 0 1.1943 PASS 1.000
4740 0 1.5099 PASS 1.000
4741 0 1.0710 WEAKEN 0.808
4742 0 1.8011 WEAKEN 0.266
4743 0 1.7104 WEAKEN 0.659
4744 0 1.9010 WEAKEN 0.818
4745 0 2.1001 FREEZE 0.000
4746 0 1.3273 WEAKEN 0.635
4747 1 2.2121 SILENCE 0.000
4748 0 2.0952 WEAKEN 0.243
4749 0 1.0826 WEAKEN 0.434
4750 0 1.6359 WEAKEN 0.531
4751 0 1.4383 WEAKEN 0.929
4752 0 1.2022 WEAKEN 0.905
4753 0 1.6100 WEAKEN 0.621
4754 0 1.7195 WEAKEN 0.816
4755 0 2.0021 WEAKEN 0.566
4756 0 1.9044 FREEZE 0.000
4757 0 1.7311 FREEZE 0.000
4758 0 2.0469 WEAKEN 0.146
4759 0 2.0388 FREEZE 0.000
4760 0 1.4393 WEAKEN 0.433
4761 0 1.2728 WEAKEN 0.479
4762 0 1.2763 PASS 1.000
4763 0 2.0373 FREEZE 0.000
4764 0 1.4991 WEAKEN 0.595
4765 0 1.4123 WEAKEN 0.083
4766 0 1.6512 FREEZE 0.000
4767 1 2.4115 SCAR 0.000
4768 0 0.9626 WEAKEN 0.038
4769 0 2.0039 WEAKEN 0.324
4770 0 0.9962 WEAKEN 0.806
4771 1 7.7250 FREEZE 0.000
4772 0 1.4920 WEAKEN 0.713
4773 0 1.8373 WEAKEN 0.355
4774 0 1.5997 WEAKEN 0.243
4775 0 1.1716 WEAKEN 0.225
4776 0 1.5044 WEAKEN 0.640
4777 1 2.2465 FREEZE 0.000
4778 0 1.3676 WEAKEN 0.570
4779 0 2.1442 FREEZE 0.000
4780 0 2.1949 WEAKEN 0.076
4781 0 1.2353 WEAKEN 0.243
4782 0 1.3761 WEAKEN 0.589
4783 0 1.6011 WEAKEN 0.531
4784 0 1.3973 WEAKEN 0.698
4785 1 7.4705 FREEZE 0.000
4786 0 1.4773 WEAKEN 0.386
4787 0 1.6555 WEAKEN 0.156
4788 1 7.6122 FREEZE 0.000
4789 0 2.1042 WEAKEN 0.259
4790 0 1.7579 WEAKEN 0.094
4791 0 1.0577 WEAKEN 0.601
4792 0 1.8088 WEAKEN 0.565
4793 0 1.4474 WEAKEN 0.663
4794 0 1.8423 FREEZE 0.000
4795 0 2.0722 SILENCE 0.000
4796 0 1.4469 WEAKEN 0.446
4797 0 1.0003 WEAKEN 0.821
4798 0 1.2540 WEAKEN 0.908
4799 0 1.8260 WEAKEN 0.105
4800 0 2.1113 WEAKEN 0.329
4801 0 1.4395 WEAKEN 0.470
4802 0 0.7771 WEAKEN 0.791
4803 1 8.2498 FREEZE 0.000
4804 0 1.8367 WEAKEN 0.146
4805 0 1.6853 WEAKEN 0.512
4806 0 1.6503 WEAKEN 0.607
4807 0 2.6089 FREEZE 0.000
4808 0 2.0652 WEAKEN 0.282
4809 0 1.9172 FREEZE 0.000
4810 0 1.5199 WEAKEN 0.317
4811 0 1.7150 FREEZE 0.000
4812 0 1.5745 WEAKEN 0.580
4813 0 1.3489 WEAKEN 0.635
4814 0 1.2193 WEAKEN 0.195
4815 0 1.1295 PASS 1.000
4816 0 1.1874 WEAKEN 0.875
4817 0 1.1515 WEAKEN 0.260
4818 0 1.2403 WEAKEN 0.806
4819 0 1.5990 WEAKEN 0.847
4820 0 1.2055 WEAKEN 0.558
4821 0 1.2544 PASS 1.000
4822 0 2.7321 WEAKEN 0.105
4823 0 1.1227 WEAKEN 0.613
4824 0 1.4240 WEAKEN 0.243
4825 0 1.5938 FREEZE 0.000
4826 0 1.5078 WEAKEN 0.019
4827 0 1.3521 FREEZE 0.000
4828 0 1.1898 WEAKEN 0.870
4829 0 1.3927 WEAKEN 0.021
4830 0 1.3176 WEAKEN 0.358
4831 0 2.0225 WEAKEN 0.163
4832 0 1.4574 WEAKEN 0.920
4833 0 1.4066 WEAKEN 0.563
4834 0 1.6690 WEAKEN 0.619
4835 0 1.0642 WEAKEN 0.761
4836 0 1.0614 WEAKEN 0.487
4837 0 1.5703 WEAKEN 0.704
4838 0 1.5281 WEAKEN 0.113
4839 0 1.9725 FREEZE 0.000
4840 0 1.6403 WEAKEN 0.118
4841 0 1.3810 WEAKEN 0.560
4842 0 1.1219 WEAKEN 0.834
4843 0 1.4702 WEAKEN 0.230
4844 0 1.6979 WEAKEN 0.686
4845 0 1.2879 WEAKEN 0.936
4846 0 1.2518 WEAKEN 0.288
4847 0 1.2844 WEAKEN 0.366
4848 0 1.2749 WEAKEN 0.441
4849 0 1.6897 PASS 1.000
4850 0 1.6753 WEAKEN 0.951
4851 0 1.6720 WEAKEN 0.333
4852 0 2.4794 WEAKEN 0.219
4853 0 2.1839 WEAKEN 0.204
4854 0 1.8944 FREEZE 0.000
4855 0 1.4497 WEAKEN 0.475
4856 0 1.6367 SCAR 0.000
4857 0 1.6172 WEAKEN 0.635
4858 0 1.8122 WEAKEN 0.353
4859 0 1.2054 WEAKEN 0.612
4860 0 1.6915 FREEZE 0.000
4861 0 1.4501 PASS 1.000
4862 0 1.8036 WEAKEN 0.441
4863 0 1.3953 WEAKEN 0.488
4864 0 1.5538 WEAKEN 0.463
4865 0 1.5682 WEAKEN 0.303
4866 0 2.0204 FREEZE 0.000
4867 0 1.3315 WEAKEN 0.461
4868 1 2.1049 SILENCE 0.000
4869 1 2.0460 FREEZE 0.000
4870 1 2.3024 FREEZE 0.000
4871 0 1.1957 WEAKEN 0.305
4872 0 1.3427 WEAKEN 0.829
4873 1 2.1734 SCAR 0.000
4874 0 1.5161 WEAKEN 0.400
4875 0 1.4997 WEAKEN 0.507
4876 0 1.1763 PASS 1.000
4877 0 1.6744 FREEZE 0.000
4878 0 1.0350 WEAKEN 0.782
4879 0 1.0885 WEAKEN 0.972
4880 0 1.4871 WEAKEN 0.386
4881 0 1.6342 WEAKEN 0.259
4882 0 1.3428 WEAKEN 0.681
4883 0 1.2050 FREEZE 0.000
4884 0 1.4764 FREEZE 0.000
4885 0 1.5727 WEAKEN 0.340
4886 0 1.8940 FREEZE 0.000
4887 0 1.1450 PASS 1.000
4888 0 1.5891 FREEZE 0.000
4889 1 2.1462 SCAR 0.000
4890 0 1.2326 WEAKEN 0.503
4891 0 1.3124 WEAKEN 0.030
4892 0 1.3885 WEAKEN 0.945
4893 0 1.9602 WEAKEN 0.237
4894 0 1.4813 WEAKEN 0.158
4895 0 1.1806 PASS 1.000
4896 0 1.1631 WEAKEN 0.996
4897 0 1.5101 WEAKEN 0.962
4898 0 1.0791 WEAKEN 0.871
4899 0 1.7386 FREEZE 0.000
4900 1 2.0405 SILENCE 0.000
4901 0 1.1637 WEAKEN 0.842
4902 0 1.8346 WEAKEN 0.331
4903 0 1.6546 WEAKEN 0.783
4904 0 2.0466 WEAKEN 0.184
4905 0 1.6004 FREEZE 0.000
4906 0 1.0555 WEAKEN 0.918
4907 0 1.8680 WEAKEN 0.364
4908 0 1.6099 PASS 1.000
4909 0 1.6516 WEAKEN 0.193
4910 0 1.7508 WEAKEN 0.623
4911 0 1.7893 FREEZE 0.000
4912 1 8.0020 FREEZE 0.000
4913 0 1.3736 WEAKEN 0.275
4914 0 1.6635 WEAKEN 0.568
4915 0 1.5065 WEAKEN 0.535
4916 0 1.9659 WEAKEN 0.406
4917 0 1.4257 WEAKEN 0.332
4918 0 1.5900 WEAKEN 0.379
4919 1 1.9732 FREEZE 0.000
4920 1 2.1552 SCAR 0.000
4921 0 1.5344 FREEZE 0.000
4922 0 1.2793 WEAKEN 0.921
4923 0 1.6051 WEAKEN 0.493
4924 0 1.5538 FREEZE 0.000
4925 0 1.2632 WEAKEN 0.257
4926 0 1.9100 FREEZE 0.000
4927 0 1.7094 PASS 1.000
4928 0 2.1591 FREEZE 0.000
4929 1 2.3538 FREEZE 0.000
4930 0 1.4368 WEAKEN 0.836
4931 0 1.2322 WEAKEN 0.794
4932 0 1.3307 WEAKEN 0.784
4933 0 1.0851 WEAKEN 0.529
4934 0 1.7084 WEAKEN 0.389
4935 0 1.6921 WEAKEN 0.785
4936 0 1.5561 FREEZE 0.000
4937 0 1.4636 WEAKEN 0.711
4938 0 1.3117 WEAKEN 0.548
4939 0 1.5737 FREEZE 0.000
4940 0 1.1555 WEAKEN 0.443
4941 0 1.3492 WEAKEN 0.377
4942 0 1.2167 WEAKEN 0.239
4943 0 1.3381 WEAKEN 0.764
4944 0 1.0953 WEAKEN 0.445
4945 0 1.9042 FREEZE 0.000
4946 0 2.0075 WEAKEN 0.074
4947 0 1.7776 WEAKEN 0.516
4948 0 1.4163 WEAKEN 0.698
4949 0 1.5291 FREEZE 0.000
4950 0 1.8130 FREEZE 0.000
4951 0 1.1064 WEAKEN 0.680
4952 0 1.9841 SCAR 0.000
4953 0 0.9622 WEAKEN 0.777
4954 0 1.3601 PASS 1.000
4955 0 1.8128 WEAKEN 0.783
4956 0 1.5614 WEAKEN 0.584
4957 0 1.4632 WEAKEN 0.213
4958 1 2.3066 FREEZE 0.000
4959 1 2.0765 SILENCE 0.000
4960 0 1.6393 WEAKEN 0.006
4961 0 1.0418 WEAKEN 0.682
4962 0 1.6903 WEAKEN 0.546
4963 0 1.3186 PASS 1.000
4964 0 1.3553 WEAKEN 0.636
4965 1 2.0884 FREEZE 0.000
4966 0 1.3422 WEAKEN 0.546
4967 0 1.1607 WEAKEN 0.638
4968 0 1.8982 FREEZE 0.000
4969 0 1.2793 WEAKEN 0.426
4970 0 1.7002 WEAKEN 0.058
4971 0 1.9753 WEAKEN 0.506
4972 0 1.1274 WEAKEN 0.852
4973 0 1.1249 WEAKEN 0.310
4974 0 2.1056 FREEZE 0.000
4975 0 1.5037 WEAKEN 0.756
4976 0 1.7638 WEAKEN 0.211
4977 0 1.4319 WEAKEN 0.033
4978 0 1.5000 WEAKEN 0.333
4979 0 2.2584 FREEZE 0.000
4980 0 1.5221 WEAKEN 0.198
4981 0 0.9988 FREEZE 0.000
4982 1 2.2303 FREEZE 0.000
4983 1 2.2099 FREEZE 0.000
4984 0 1.6149 WEAKEN 0.377
4985 0 1.2090 WEAKEN 0.593
4986 1 5.0387 FREEZE 0.000
4987 0 1.1810 WEAKEN 0.932
4988 0 1.1514 WEAKEN 0.625
4989 0 1.5381 WEAKEN 0.878
4990 0 1.5019 WEAKEN 0.451
4991 0 1.3791 WEAKEN 0.393
4992 1 2.2621 SILENCE 0.000
4993 0 1.8195 FREEZE 0.000
4994 0 1.3124 WEAKEN 0.167
4995 1 2.1896 FREEZE 0.000
4996 0 1.7869 WEAKEN 0.144
4997 0 2.1222 FREEZE 0.000
4998 0 1.6654 WEAKEN 0.097
4999 0 1.6001 WEAKEN 0.880
5000 0 1.5032 WEAKEN 0.679
